Artikelnummer;Name;Preis;Einheit;Verkaufsmenge;Artikelname;Artiketext;ArtikelnameEnglisch;ArtiketextEnglsich;Verkaufseinheit
00001003;Endkappe MG 5/4x1/2x3/8;0,00;Stk;;;;;;;
00001007;Endkappe 5/4;8,89;Stk;;;;;;;
00001015;Stopfen Messing 3/4 Giacomin;0,00;Stk;;;;;;;
00001025;Verlängerung Messing 3/4x25;0,00;Stk;;;;;;;
00001026;Verlängerung Messing 1/2x25;0,00;Stk;;;;;;;
00001027;Verlängerung Messing 3/8x25;0,00;Stk;;;;;;;
00001028;Verlängerung Messing 1/2x20 isoliert;0,00;Stk;;;;;;;
00001029;Doppelnippel 1x100mm;0,00;Stk;;;;;;;
00001030;Doppelnippel 1x80 mm;;;;;;;;;
00001031;Doppelnippel 1x60mm;0,00;Stk;;;;;;;
00001032;Doppelnippel 1x45mm;;;;;;;;;
00001044;Reduzierung 1 1/4 AG x1IG;9,97;Stk;;;;;;;
00001045;Reduzierung 1 1/2AG x 1 1/4AG;0,00;Stk;;;;;;;
00001046;Gewindescheibe 1 1/2x 1;0,00;Stk;;;;;;;
00001047;Gewindescheiben 1 1/4 x1;0,00;Stk;;;;;;;
00001048;Herz Vorlaufventil;13,62;Stk;;;;;;;
00001049;Herz Rücklaufventil;8,65;Stk;;;;;;;
00001082;Wita - 3Wege Mischer;78,31;Stk;;;;;;;
00001083;Doppelnippel Messing 1/2;0,00;Stk;;;;;;;
00001084;Muffen Messing 1/2;0,00;Stk;;;;;;;
00001085;Doppelnippel Messing 5/450mm;0,00;Stk;;;;;;;
00001086;Winkel Messing 1;0,00;Stk;;;;;;;
00001088;Winkel Messing 5/4 i/a;0,00;Stk;;;;;;;
00001089;Winkel Messing 5/4;0,00;Stk;;;;;;;
00001090;Muffen Messing 3/4;0,00;Stk;;;;;;;
00001092;Muffen Messing 5/4;0,00;Stk;;;;;;;
00001122;Rohr PN 10, 90x8,2mm f.Kaltwasserleitung;16,38;Lfm;;;;;;;
00002209;Thermo-Controller TC 2000;0,00;Stk;;;;;;;
00003175;SAP-Rohr 75x12,4 SDR 5(PN32);31,11;Lfm;;;;;;;
00003191;Rohr 90x12,5;0,00;Lfm;;;;;;;
00003501;Schälwerkzeug 16;0,00;Stk;;;;;;;
00003502;Schälwerkzeug 40;0,00;Stk;;;;;;;
00003504;Schälwerkzeug 50 mm;67,70;Stk;;;;;;;
00003505;Schälwerkzeug 63 mm;72,28;Stk;;;;;;;
00003506;Schälwerkzeug 50-63;0,00;Stk;;;;;;;
00003507;Schälwerkzeug 75;0,00;Stk;;;;;;;
00010321;Doppelnippel 1x40 mm;0,00;Stk;;;;;;;
00010851;Doppelnippel Messing 5/4100mm;0,00;Stk;;;;;;;
00010861;Messingwinkel 1 i/A;0,00;Stk;;;;;;;
00091013;Klemmverschraubung d=15;2,27;Stk;;;;;;;
00091014;Handpresswerkzeug mit Ratsche im Koffer;0,00;Stk;;;;;;;
00091910;Sypex Preßsegement 15 mm;0,00;Stk;;;;;;;
0009231H;Verteilerhalter 1;0,00;Stk;;;;;;;
00097932;Oberteil 1 1/4Rotguß;43,47;Stk;;;;;;;
00201348;HISAN-Reduktionsmuffe 90/63 mm;18,62;Stk;;;;;;;
00201350;HISAN-Reduktionsmuffe 90/75 mm;23,71;Stk;;;;;;;
00201352;HISAN-Reduktionsmuffe 110/90 mm;38,90;Stk;;;;;;;
00201424;HISAN-Winkel 90°, da 110 mm;33,90;Stk;;;;;;;
00201436;HISAN-Winkel 90°, da 16 i/a;67,39;Stk;;;;;;;
00201622;HISAN-T-Stück, 90 mm;26,83;Stk;;;;;;;
00201722;HISAN-Endkappe, 90 mm;22,57;Stk;;;;;;;
00201724;HISAN-Endkappe, 110 mm;31,30;Stk;;;;;;;
00202805;Überwurfmutter 3/4Messing;0,00;Stk;;;;;;;
00203007;Reparaturstöpsel;0,98;Stk;;;;;;;
00221121;Oberteil 3/4Freistrom;0,00;Stk;;;;;;;
00221125;Oberteil NSTSPI 1Messing;0,00;Stk;;;;;;;
00253440;Schrägsitzventil 25 mm mit Entleerung;0,00;Stk;;;;;;;
00415015;Oberteil f. Absperrventil 1/2Chrom;10,21;Stk;;;;;;;
00415020;Oberteil f.Absperrventil 3/4Chrom;14,35;Stk;;;;;;;
00800005;Calc Tech CT-5;1547,00;Stk;;;;;;;
00902022;Wärmemengenzähler-Anschlußset f.ISTA;0,00;Stk;;;;;;;
00910029;Sypex Übergangsstück IG 17x1/2;9,16;Stk;;Sypex Übergangsstück IG 17x1/2;;;;;
00910105;Sypex Preßsegement 17;0,00;Stk;;;;;;;
00910110;Sypex T-Stück egal 17x17x17;0,00;Stk;;;;;;;
00910301;Sypex Kalibrierer 17 mm;0,00;Stk;;;;;;;
00920105;Sypex Preßsegment 20 mm;66,87;Stk;;;;;;;
00923006;Kupplungsstück Durchgang 18AAx18A;0,98;Stk;;;;;;;
009231HA;Verteilerhalter 1 1/4;0,00;Stk;;;;;;;
00926013;Doppelnippel mit Eurokonus 1/2x3/4;2,16;Stk;;;;;;;
00926014;Doppelnippel m. Eurokonus 3/4x3/4;2,50;Stk;;;;;;;
00926035;Klemmverschraubung 14x2;2,06;Stk;;;;;;;
00926039;Klemmverschraubung 16x2x3/4;2,65;Stk;;;;;;;
00926057;Klemmverschraubung 20x2,0;2,06;Stk;;;;;;;
00928004;Kupplungsstück Durchgang 1/2AGx18AA;0,00;Stk;;;;;;;
00928005;Kupplungsstück Durchgang 1/2IGx18AA;0,00;Stk;;;;;;;
00928008;Kupplungsstück Eckform 1/2IGx18AA;1,34;Stk;;;;;;;
00928010;T-Stück 18x18x18AA;1,53;Stk;;;;;;;
00928011;Adapter für Sanitär 18x16x2,2;2,37;Stk;;;;;;;
00928025;Verteilerhalter f.Verteiler 3/4;7,61;Stk;;;;;;;
00928026;Kleinverteiler f. Sicherheitsgruppe;0,00;Stk;;;;;;;
00928111;Adapter f. Sanitär 18x20x2,8;2,66;Stk;;;;;;;
01002002;Klemmring-Verschraubung 22 mm;11,70;Stk;;;;;;;
01002004;Flexschlauch f. Sunda ADG;51,53;Stk;;;;;;;
01002006;Klemmring T-Stück f. Solaranlage;14,32;Stk;;;;;;;
01002007;Service-Kupplung für ADG Sunda;20,06;Stk;;;;;;;
01002008;Wandhalter für Ausdehnungsgefäß;55,15;Stk;;;;;;;
01002024;Ausdehnungsgefäß 24 ltr.;83,04;Stk;;;;;;;
01010001;Vakuumröhre Seide 1;148,90;Stk;;;;;;;
01010002;Vakuumröhre Seide 2;148,90;Stk;;;;;;;
01010101;Sammlerkasten Seido 1-8 und 5-8;134,10;Stk;;;;;;;
01024004;Vakuumröhren-Kollektor Seido 2-4;819,00;Stk;;;;;;;
01024005;Sammlerkasten Seido 2-4;0,00;Stk;;;;;;;
01024006;Montagezubehör Seido 2-4;0,00;Stk;;;;;;;
01050000;Vakuumrohre Seido 5;163,80;Stk;;;;;;;
01201810;Profi Montageset Flachdach Seido 1od.2;334,90;Stk;;;;;;;
09260064;Kugelabsperrhahn IG-IG 1 1/4Messing;10,48;Stk;;;;;;;
09280232;Verteiler-Durchgangsstk.3/4x18,2Anschl.;9,20;Stk;;;;;;;
09280233;Verteiler Durchgangsstk.3/4x18,3 Anschl;13,82;Stk;;;;;;;
101010031;Befestigungssatz WT 1;0,00;Stk;;;;;;;
10101144;Hutschiene 7,5x35mm für Multi HMP;0,00;Lfm;;;;;;;
10103003;Blinddeckel f. Flansch da240mm (Multi);63,96;Stk;;;;;;;
10109408;BRENNKAMMEREINSATZ 40 kW(alte Ausf./Br.);232,60;Stk;;;;;;;
10109409;BRENNKAMMEREINSATZ 20 kW(alte Ausf./Br.);206,70;Stk;;;;;;;
1019;Stellmotor SM 75 (Mischer);0,00;Stk;;;;;;;
1022;Rohrführungsbogen fi 17;0,00;Stk;;;;;;;
1023;Rohrführungsbogen fi 20;0,00;Stk;;;;;;;
1024;Rohrführungsbogen fi 25;0,00;Stk;;;;;;;
1025;Rohrführungsbogen fi 32;0,00;Stk;;;;;;;
111000E3;MONO STARÖ 20;;;;;;;;;
111520E0;MULTI Ö-HY 20-650 - FERTIGUNGSLEISTUNG PRUCKNER;3356,00;Stk;;;;;;;
111520EO;;;;;;;;;;
112000E3;MONO STAR Ö 30;0,00;Stk;;;;;;;
112520E0;MULTI Ö-HY 30-650 - FERTIGUNGSLEISTUNG PRUCKNER;3452,00;Stk;;;;;;;
113000E3;MONO STAR Ö 40;0,00;Stk;;;;;;;
113520E0;MULTI Ö-HY 40-650 - FERTIGUNGSLEISTUNG PRUCKNER;3536,00;Stk;;;;;;;
113710E0;MULTI Ö-HY 30-1000 - FERTIGUNGSLEISTUNG PRUCKNER;3735,00;Stk;;;;;;;
114000E3;MONO STAR Ö 50;0,00;Stk;;;;;;;
114710E0;MULTI Ö-HY 40-1000 - FERTIGUNGSLEISTUNG PRUCKNER;3821,00;Stk;;;;;;;
115000E3;MONO STAR Ö 65;0,00;Stk;;;;;;;
115710E0;MULTI Ö-HY 50-1000 - FERTIGUNGSLEISTUNG PRUCKNER;4200,00;Stk;;;;;;;
116000E3;MONO STAR Ö 80;0,00;Stk;;;;;;;
116710E0;MULTI Ö-HY 65-1000 - FERTIGUNGSLEISTUNG PRUCKNER;;;;;;;;;
12BE9001;Abgasaustrittswächter;122,40;Stk;;;;;;;
1EV65S0F;Seitenteil Multi/Combi 650;81,95;Stk;;;;;;;
1EV6SO00;Sockel Multi/Combi 650;37,54;Stk;;;;;;;
1EV9S00F;Seitenteil Multi/Combi 1000;0,00;Stk;;;;;;;
1EV9SO00;Sockel Multi/Combi 1000;37,54;Stk;;;;;;;
1EV9SO01;Blechwinkel f.Sockel Mult/Combi 650+1000;11,96;Stk;;;;;;;
1EVBAH01;Brennerhaube Multi Ö-HY 650;146,60;Stk;;;;;;;
1EVBAH02;Brennerhaube Multi Ö-HY 1000;151,70;Stk;;;;;;;
1EVDV002;Verbg.winkel f.U-Profil Ö-HY 1000+650;0,00;Stk;;;;;;;
1EVDV0U1;Schaltpult UNIVERSUM Multi 650+1000;123,40;Stk;;;;;;;
1EVDV650;U-Profil Vorderteil Ö-HY 650;0,00;Stk;;;;;;;
1EVDV900;U-Profil Vorderteil Multi Ö-HY 1000;0,00;Stk;;;;;;;
1EVDVUA1;Abdeckung Schaltpult UNIVERSUM 650+1000;19,55;Stk;;;;;;;
1EVDVUA2;Abdeckung Schaltpult U-BZ V5.0 650+1000;19,55;Stk;;;;;;;
1EVDVVA1;Abdeckung Schaltpult voll 650+1000;19,24;Stk;;;;;;;
1EVFDO01;Deckel oben Multi/Combi 1000;0,00;Stk;;;;;;;
1EVFDO02;Deckel oben Multi/Combi 650;0,00;Stk;;;;;;;
1EVH6500;Hinterteil Multi/Combi 650;0,00;Stk;;;;;;;
1EVH9000;Hinterteil Multi/Combi 1000;0,00;Stk;;;;;;;
1EVV0006;Vorderteil Combi HY 650;99,94;Stk;;;;;;;
1EVV0007;Vorderteil Combi HY 1000;0,00;Stk;;;;;;;
1EVV00U4;Vorderteil SP UNIVERSUM MULTI 1000;50,13;Stk;;;;;;;
1EVV00U5;Vorderteil SP Universum Multi 650;47,94;Stk;;;;;;;
1EWDFK00;Zugfeder Ö-HY 650/1000;0,82;Stk;;;;;;;
1EWDO601;Dämmung Oberteil 1/Ö-HY 650;13,42;Stk;;;;;;;
1EWDO801;Dämmung Oberteil 1/Ö-HY 1000;13,42;Stk;;;;;;;
1EWDO802;Dämmung Oberteil 2/Ö-HY 1000;27,25;Stk;;;;;;;
261000E0;COMBI STAR HY 1000 - FERTIGUNGSLEISTUNG PRUCKNER;2306,00;Stk;;;;;;;
261000E1;COMBI STAR HY 1000 3WT - FERTIGUNGSLEISTUNG PRUCKNER;2980,00;Stk;;;;;;;
271000E0;COMBI STAR HY 650 - FERTIGUNGSLEISTUNG PRUCKNER;2076,00;Stk;;;;;;;
271000E1;COMBI STAR HY 650 3WT - FERTIGUNGSLEISTUNG PRUCKNER;2750,00;Stk;;;;;;;
31BEE012;Drehknopf-Betr.artenwahlschalter m.Schl.;0,58;Stk;;mit Schlitz;;;;;
41BE1002;DANFOSS ÖLDÜSE 0,4 GHP 60°S;0,00;Stk;;;;;;;
41BE1012;DANFOSS ÖLDÜSE GHP 0,55 60°S;10,63;Stk;;;;;;;
41BE1015;DANFOSS ÖLDÜSE GHP 0,75 60°S;10,71;Stk;;;;;;;
41BE1033;FI ÖLDÜSE 1,00 / 80° S;13,42;Stk;;;;;;;
41BE1109;STEINEN ÖLDÜSE 0,50/60;0,00;Stk;;;;;;;
4301BE07;STAUSCHEIBE HSGi5 f.abgewink.Ionisations;133,70;Stk;;elektrode;;;;;
45101030;Ölbrenner Blautherm Duo 30kw;1432,00;Stk;;Blaubrennervoreingestellt 24-32 kWSerien-Nr.: @@@@@@@@@;;;;;
45102000;Ölbrenner LG 40/60 RZ 15-42 kW;0,00;Stk;;;;;;;
45215104;2-stufige Elektronik für RG130, RG148;109,80;Stk;;;;;;;
45215200;Luftdüse mit Drallgitter 15,7/24;80,08;Stk;;für Blautherm DUO;;;;;
45215412;NO Dosierung Messing für Duo Condens;80,70;Stk;;;;;;;
45230937;Endkontaktschalter für M-Block-SK60;118,20;Stk;;;;;;;
45236441;Anzeigenplatine Display 1405 für Cool;102,50;Stk;;;;;;;
45252603;Sicherheitstemperaturbegrenzer Duo Cond.;80,18;Stk;;;;;;;
55600010;Blech-Blitz JS 1660, Makita;552,00;Stk;;;;;;;
61900002;ECOTHERM-4-fach Sammler (H);0,85;Stk;;;;;;;
61900003;ECOTHERM-Befestigungsschiene;1,09;Stk;;;;;;;
88000;EINMALARTIKEL;;;;;;;;;
922901;Vorwandschrank 900x500x110;0,00;Stk;;;;;;;
922902;Mini-Vorwandschrank 750x500x110;0,00;Stk;;;;;;;
923001;Wandeinbauschrank 400x700x115;101,40;Stk;;;;;;;
9230011;Wandeinbauschrank 510x700x115;0,00;Stk;;;;;;;
923005;Wandeinbauschrank 1200x700x115;178,10;Stk;;;;;;;
923050;Estrichkomponente Konzentrat;6,49;Ltr;;;;;;;
923202;Vorwandschrank 600x700x115;126,00;Stk;;;;;;;
923203;Vorwandschrank 750x700x115;134,20;Stk;;;;;;;
923204;Vorwandschrank 900x700x115;153,40;Stk;;;;;;;
923205;Vorwandschrank 1200x700x115;178,10;Stk;;;;;;;
926002;Raumthermostat (Eberle);29,79;Stk;;;;;;;
9260074;Kugelabsperrhahn 1 1/2ÜWMx1IG;0,00;Stk;;;;;;;
926060;Ventileinsatz für HKV 1(Sytec);12,90;Stk;;;;;;;
99000;EUROVAL;;;;;;;;;
99001;HEIZUNG;;;;;;;;;
99002;KLIMA STAR;;;;;;;;;
99003;KLIMA STAR AIR;;;;;;;;;
99004;UNIVERSUM;;;;;;;;;
99005;HITHERM;;;;;;;;;
99006;HITHERM ROT;;;;;;;;;
99007;SANITÄR;;;;;;;;;
99008;MODUL KLIMABODEN;;;;;;;;;
99009;MODUL KÜHLDECKE;;;;;;;;;
99010;OVALVERTEILER;;;;;;;;;
99011;SOLAR STAR;;;;;;;;;
99012;ECOTHERM;;;;;;;;;
99013;MODUL-ANBAUGRUPPEN;;;;;;;;;
99014;HITHERM-COMPACT;;;;;;;;;
99050;Skonto;;;;;;;;;
99051;VERSANDSPESEN;;;;;;;;;
99052;KONZEPT 2000, Gruppe 15;;;;;;;;;
99053;LEIHGEBÜHR;;;;;;;;;
99054;LIZENZGEBÜHREN;;;;;;;;;
99055;WERBUNG;;;;;;;;;
99106;ELITE;;;;;;;;;
99107;Heizung (Elite) 2008;;;;;;;;;
99108;Klima Star (Elite) 2008;;;;;;;;;
99109;Solar (Elite) 2008;;;;;;;;;
99110;Ovalverteiler (Elite) 2008;;;;;;;;;
99111;Modulanbaugruppen (Elite) 2008;;;;;;;;;
99112;Hisan (Elite) 2008;;;;;;;;;
99113;Modul-Klimabode/-decke (Elite) 2008;;;;;;;;;
99114;EUROVAL (Elite) 2008;;;;;;;;;
99115;HITHERM (Elite) 2008;;;;;;;;;
99116;Hitherm-Compact (Elite) 2008;;;;;;;;;
99117;UNIVERSUM (Elite) 2008;;;;;;;;;
99118;Heizung Elite ( Elite ) 2009;;;;;;;;;
99119;Klimat Star ( Elite ) 2009;;;;;;;;;
99120;Solar (Elite) 2009;;;;;;;;;
99121;Ovalverteiler (Elite) 2009;;;;;;;;;
99122;Modulanbaugruppen (Elite) 2009;;;;;;;;;
99123;HISAN (Elite) 2009;;;;;;;;;
99124;Modul Klimaboden/-decke ( Elite ) 2009;;;;;;;;;
99125;EUROVAL (Elite) 2009;;;;;;;;;
99126;ELITE;;;;;;;;;
99127;HitHERM (Elite) 2009;;;;;;;;;
99128;Hiterm Compact (Elite ) 2009;;;;;;;;;
99129;UNIVERSUM (Elite) 2009;;;;;;;;;
99987932;Oberteil 1 1/4Rotguß;43,47;Stk;;;;;;;
9G001;Frostschutzthermostat;0,01;Stk;;;;;;;
9G002;Isolierung für Frischwassermodul;0,01;Stk;;;;;;;
9G003;Mischersatz Meibes F.T-Mischer E7A;0,01;Stk;;;;;;;
9G004;Mischersatz Meibes Minimix 3 Wege;0,01;Stk;;;;;;;
9G020;Brenner für Mono Star Gas (Harz) 2,3;0,01;Stk;;;;;;;
9G021;Gasdüsenstock Harz 22 VK4100C;0,01;Stk;;;;;;;
9G022;Kesselschaltfeld für Mono Star Gas(Harz);0,01;Stk;;;;;;;
9G023;Umrüstsatz Erdgas auf Flüssiggas Harz 22;0,01;Stk;;;;;;;
9G040;Durchflussmengenmesser Ovalverteiler grü;0,01;Stk;;;;;;;
9G041;;0,01;Stk;;;;;;;
9G042;Durchflussmengenmesser Ovalverteiler wei;0,01;Stk;;;;;;;
9G043;Fixierkappen für Durchflussmengenmesser;0,01;Stk;;;;;;;
9G050;Gebläßse Turbo Star;0,01;Stk;;;;;;;
9G070;Fremdstrom Anode;0,01;Stk;;;;;;;
9G071;Fühler KVT 20;0,01;Stk;;;;;;;
9G072;Gehäuse für Universum Aussenfühler;0,01;Stk;;;;;;;
9G073;Regler Delta 333W;0,01;Stk;;;;;;;
9G074;Regler Delta 431;0,01;Stk;;;;;;;
9G075;Regler Delta AB 30;0,01;Stk;;;;;;;
9G076;Regler Delta MAB 30;0,01;Stk;;;;;;;
9G077;Regler Delta MAD 30;0,01;Stk;;;;;;;
9G078;Regler EB-WNP23B (irreparabel);0,01;Stk;;;;;;;
9G079;Relais Sockel für STB Kesselschaltfeld U;0,01;Stk;;;;;;;
9G080;RS 30 K;0,01;Stk;;;;;;;
9G081;Schaltschrank 30x20x15 cm;0,01;Stk;;;;;;;
9G082;Schaltschrank 50x50x20 cm;0,01;Stk;;;;;;;
9G083;Speicherfühler für Öltherme;0,01;Stk;;;;;;;
9G084;Speicherthermometer für Kesselschaltfeld;0,01;Stk;;;;;;;
9G085;Vorlauffühler VF 20;0,01;Stk;;;;;;;
9G087;Aussenfühler AF20;0,01;Stk;;;;;;;
9G110;Abgas-WT Brennwert Multi Duo Cond.;0,01;Stk;;;;;;;
9G111;Anzeigendisplay Cool 24;0,01;Stk;;;;;;;
9G112;Brennerflansch Dichtung;0,01;Stk;;;;;;;
9G113;Brennerhaube Hansa HBV;0,01;Stk;;;;;;;
9G114;Dichtschnur für Brennkammertür Duo Conde;0,01;Stk;;;;;;;
9G115;Düsenstock für Scheer SG 60 F2.3K;0,01;Stk;;;;;;;
9G116;Düsenstock für Scheer SG 60 N2.3K;0,01;Stk;;;;;;;
9G117;Feuerungsa. LANDIS u.GIR LGB22.330A27;0,01;Stk;;;;;;;
9G118;Feuerungsa. LANDIS u.GIR LOA 24.171 B27;0,01;Stk;;;;;;;
9G119;Feuerungsautomat Satronic DKO 992;220,50;Stk;;;;;;;
9G120;Feuerungsautomat Satronic MMI 810.1;0,01;Stk;;;;;;;
9G121;Feuerungsautomat Satronic TF 834.1;0,01;Stk;;;;;;;
9G122;Finder Zeitrelais Öltherme;0,01;Stk;;;;;;;
9G123;Flammenwächter IRD 1010;187,10;Stk;;;;;;;
9G124;Flammenwächter MZ 770;0,01;Stk;;;;;;;
9G125;Flammrohr Blautherm Duo DA 120x1x189;0,01;Stk;;;;;;;
9G126;Luftdüse mit Drallgitter 17,5 Blautherm/;0,01;Stk;;;;;;;
9G127;Luftdüse mit Drallgitter 30 Blautherm/Du;0,01;Stk;;;;;;;
9G128;Gasdüsenstock Dungs MB-DLE 403 B01 S20;0,01;Stk;;;;;;;
9G129;Gasdüsenstock Honeywell VR 4940C 1004;0,01;Stk;;;;;;;
9G130;Gasgebläsebrenner Hansa 1.1E HPM 10-41KW;0,01;Stk;;;;;;;
9G131;Gasgebläsebrenner Hansa 1.1E HPM 12-37KW;0,01;Stk;;;;;;;
9G132;Gasregelblock Dungs MW-DLE 407 B01 3/4;0,01;Stk;;;;;;;
9G133;Gebläserad Hansa HBV;0,01;Stk;;;;;;;
9G134;Gebläserad Hansa HL 8;0,01;Stk;;;;;;;
9G135;Gebläserad Hansa HVS5/HSGI5;0,01;Stk;;;;;;;
9G136;Hofradschalter für Scheer SG 60;0,01;Stk;;;;;;;
9G137;Kabel mit Stecker für Flammenw. IRD1010;0,01;Stk;;;;;;;
9G138;Kabel mit Stecker für Gebläsemotor;0,01;Stk;;;;;;;
9G139;Kabel mit Stecker für Magnetventil;0,01;Stk;;;;;;;
9G140;Kabelbaum für Öltherme DuoCon. (E-Vertei;0,01;Stk;;;;;;;
9G141;Kabelsatz für Umrüstung Blautherm u. Duo;0,01;Stk;;;;;;;
9G142;Kesselschaltfeld TEM.IT 5710 MX für DuoC;0,01;Stk;;;;;;;
9G143;Kondensator 3MF;0,01;Stk;;;;;;;
9G144;Kondensator 4MF;0,01;Stk;;;;;;;
9G145;Magnetspule Rapa 230V;0,01;Stk;;;;;;;
9G146;Magnetspule Suntec 230 V;0,01;Stk;;;;;;;
9G147;Magnetventil Unterteil Rapa;0,01;Stk;;;;;;;
9G148;Ölbrenner Scheer Blautherm Duo 41 KW;0,01;Stk;;;;;;;
9G150;Ölpumpe Danfos MS 10;0,01;Stk;;;;;;;
9G151;Ölpumpe Eckele UNI 2.2L1L10;0,01;Stk;;;;;;;
9G152;Ölpumpe Eckerle UNI 2.1L5L40-21;0,01;Stk;;;;;;;
9G153;Ölpumpe Suntec AL 35-C f Hansa HBV/HSGI;0,01;Stk;;;;;;;
9G154;Ölpumpe Suntec AS47C für Hansa HVS 5;0,01;Stk;;;;;;;
9G155;Ölpumpenmotor Blaut./DuoC.230V/50Hz 75W;0,01;Stk;;;;;;;
9G156;Ölvorwärmer Danfos FPHB10 Blautherm;0,01;Stk;;;;;;;
9G157;Ölvorwärmer Intercal 254;0,01;Stk;;;;;;;
9G158;Ölvorwärmer Satronic SOVU 930;0,01;Stk;;;;;;;
9G159;Platine 2 stufige Elektronik Duo Condens;0,01;Stk;;;;;;;
9G160;Pumpe Grundfos UPS 15-50 Öltherme;0,01;Stk;;;;;;;
9G161;Pumpe Wilo RS20/65 o-r Cool 24;0,01;Stk;;;;;;;
9G162;Relais für Brenneransteuerung Öltherme;0,01;Stk;;;;;;;
9G163;Sicherheitstemperaturbegrenzer 100C;0,01;Stk;;;;;;;
9G164;Sockel für Feuerungsautomat;0,01;Stk;;;;;;;
9G165;Zündkabel Hansa HBV;0,01;Stk;;;;;;;
9G166;Zündkabel mit Kabelschuh Cool 24;0,01;Stk;;;;;;;
9G167;Zündtrafo 230V 1,2A 2x5KV sec.;0,01;Stk;;;;;;;
9G168;Züntrafo 1020 COFI 230V/2x5KV;0,01;Stk;;;;;;;
9G169;Gebläsemotor für HSGI 230V/50 Hz 60W;0,01;Stk;;;;;;;
A002;Hitherm C. SS (rote Reg.) / beheizb.;0,00;Stk;;;;;;;
A007;Hitherm Bio / Alu (rote Reg.);772,00;Stk;;;;;;;
A008;Hitherm Bio / Alu (rote Reg.);772,00;Stk;;;;;;;
A009;Hiterm Putz / Alu (rote Reg.);772,00;Stk;;;;;;;
A010;Hiterm Putz / Alu (rote Reg.);772,00;Stk;;;;;;;
A011;Hiterm Putz / Alu (rote Reg.);772,00;Stk;;;;;;;
A012;Hitherm Com./ Alu (rote Reg./beheizb.);772,00;Stk;;;;;;;
A013;Hitherm Compact/Alu (rote Reg./beheizb.);772,00;Stk;;;;;;;
A015;Euroval SS Tischchen-schräg;772,00;Stk;;;;;;;
A016;Euroval SS Tischchen-schräg;772,00;Stk;;;;;;;
A019;Modul Klimaboden SS;772,00;Stk;;;;;;;
A020;Universum Alu SS 1;772,00;Stk;;;;;;;
A021;Universum Alu SS 2;772,00;Stk;;;;;;;
A022;Multistar Ballon;772,00;Stk;;;;;;;
A023;Aufheizgerät f. SS;772,00;Stk;;;;;;;
A024;Wärmepumpe Klima Star /Sole(Komplett);5997,00;Stk;;inkl.Bedienerzentrale Nr.6270Regeleinheit Nr.21932WP01/WP06;;;;;
A028;Hitherm Bio SS (alt);772,00;Stk;;;;;;;
A035;Messestand (A);772,00;Stk;;;;;;;
A036;Messestand (N);27800,00;Stk;;;;;;;
A039;Wärmepumpe Klima Star/ Sole/ Messestück;2143,00;Stk;;Wärmepumpe in Kompaktbauweise für Sole-oder Grundwasserbetrieb.Einsatz für Heizung und Warmwasser-bereitung, max. Vorlauftemperatur 57° C.Der Einsatz der Universum Systemregelunggarantiert einen außergewöhnlichwirtschaftlichen Betrieb.Formschönes, silbergraues Designder Verkleidung.Typenschild-Nr.:;;;;;
A040;Solar Kollektor SS;0,00;Stk;;;;;;;
A041;Solar Kollektor SS;0,00;Stk;;;;;;;
A044;Verteiler SS;0,00;Stk;;Verteilerschrank, 8-Gruppen-Verteileru. Flanschkugelhahn;;;;;
A045;Verteiler SS;0,00;Stk;;Verteilerschrank, 8-Gruppen-Verteilerund Flanschkugelhahn;;;;;
A049;Geoval Verlängerungssonde Muster;67,60;Stk;;;;;;;
A050;Geoval Ovalrohrsonde Abschluss Muster;67,60;Stk;;;;;;;
A051;Geoval Endsonde Muster;67,60;Stk;;;;;;;
A1001;Hitherm-Compact Schaustück;0,00;Stk;;;;;;;
A1002;Hitherm-Schaustück beheizt;0,00;Stk;;;;;;;
A1003;Euroval Mustertisch Schaustück;0,00;Stk;;;;;;;
A1004;Schautafel EBV m.Regelgerät Gamma;0,00;Stk;;;;;;;
A1005;Prüfsockel Gamma m.Regelgerät Gamma;0,00;Stk;;;;;;;
A1006;Solar-Schaustück Minikollektor im Koffer;0,00;Stk;;;;;;;
A1007;Solar-Schaustück Montagematerial;0,00;Stk;;im Musterkoffer;;;;;
A1008;Hitherm-Schaustück, Lehmputz;0,00;Stk;;;;;;;
A1009;Schauwand Universum;772,00;Stk;;;;;;;
A1010;SCHNEEMANN(Wärmepumpenschaustück);0,00;Stk;;bestehend aus Wärmepumpe Serie1WH07(Serien-Nr.042260011), Universum-Grund-paket WP01 und Hydraulikgruppe WP05;;;;;
A1011;Modul Klimaboden Tisch;772,00;Stk;;;;;;;
A1013;Hitherm-Schaustück (unbeheizt);0,00;Stk;;;;;;;
A840;HARREITHER-DISPLAY (Bild HITHERM);616,00;Stk;;mit Bild HITHERMGewicht:Fliesen, beheizbar, inkl.Aufheizgerät500 kg;;;;;
A841;HARREITHER-DISPLAY (Bild EUROVAL/SELECT);606,00;Stk;;;;;;;
A8410;Flächenheizungs SS (Kasten mit Laden);3038,00;Stk;;;;;;;
A842;Ablagefach für Harreither-Display;0,00;Stk;;;;;;;
A843;Harreither-Behaglichkeitsdisplay (neu);0,00;Stk;;;;;;;
AAG28;Boilerlademodul UK 5/4UPS 32/80;791,00;Stk;;;;;;;
AAG31;Boilerlademodul UK 1UPS 25/60;404,50;Stk;;;;;;;
ACH01;COMBI STAR HL 750 (Ausstellungsstück);2240,00;Stk;;inkl. Weichschaumdämmungseitlich 120mm, oben 200mm3 Stück ThermometerTypenschild Nr.: XXXXXX;;;;;
ACH10;Frischwassermodul FWM20L(AustellungsStk);1736,00;Stk;;inkl. Ringwell-Schlauchset 185mm;;;;;
AG01;Boilerlademodul UK 1(UPS 25-40);283,90;Stk;;mit Blockdämmung, ungemischter KreisGrundfospumpe UPS 25-40;Boilerlademodul UK 1;with block insulation, unmixed circuitGrundfos pump UPS 25-40;Boiler loading module UK 1;;
AG02;Fußbodenheizungsmodul MK 1UPS 25-60;417,80;Stk;;mit Blockdämmung und 3-Wege T-Mischer,Grundfospumpe UPS 25-60;Fußbodenheizungsmodul MK 1;with block insulation and 3-way T-mixer,Grundfos pump UPS 25-60;Underfloor heating module MK 1;;
AG03;Mischermotor mit 2 m Kabel verdrahtet;129,90;Stk;;mit 2 m Kabel verdrahtet, für den direkten Anbau auf den Mischer der MK-Gruppe, reversierbarer Synchronstellmotor,230 V/ 50 Hz, Laufzeit 140 sec./90°, mit Nothandbetrieb;Mischermotor Harreither;wired with 2 m of cable, for the direct assembly on the mixer of the MC group, reversible synchronous servomotor, 230 V/ 50 Hz, operating time 2.5 min/90°,with emergency manual operation;Mixer motor Harreither;;
AG04;Überströmventilset für Harreither MK '02;43,20;Stk;;einstellbares Differenzdruckventil für MK  und UK ;Überströmset;Adjustable differential pressure valvefor MC and UC;Overflow set;;
AG05;Wandkonsole mit Schrauben und Dübeln;31,10;Stk;;für Verteilerbalken mit Dämmschaleninkl. Schrauben und Dübeln;Wandkonsole;For distribution bar with insulating shellsincl. screws and dowels;Wall bracket;;
AG06;Verteilerbalken 5/4, 2 Heizkreise 02;228,20;Stk;;mit Blockdämmunginkl. Verschraubungssatz 5/4;Verteilerbalken für 2 Heizkreise;with block insulationincl. screwing kit 5/4;Distribution bar for 2 heating circuits;;
AG07;Verteilerbalken 5/4, 3 Heizkreise 02;320,30;Stk;;mit Blockdämmunginkl. Verschraubungssatz 5/4;Verteilerbalken für 3 Heizkreise;with block insulationincl. screwing kit 5/4;Distribution bar for 3 heating circuits;;
AG08;Solar-Modul-Anbaugruppe;379,20;Stk;;Solarstation mit Blockdämmung:Pumpengruppe UK-S mit Wandhalterung und Ergänzungssatz Solar mit Sicherheitsset 6 bar und Manometer 10 bar;Solar-Modul-Anbaugruppe;Solar station with block insulation:Pump aggregate UK-S with wall holder and extension kit Solar with safety kit 6 bar and manometer 10 bar;Solar module extension unit;;
AG09;Systemtrenngruppe PWT 20 Platten;955,00;Stk;;komplett mit Umwälzpumpe Rotguss, Anschlusskabel, zwei 3-Wege-Kugelhähne, 2 Kontaktthermometer, Kompaktwärmetauscher, Sicherheitsgruppe, Anschlussset für ein Ausdehnungsgefäß, KFE-Hahn, Wandhalterung, EPP-Isolierung, AnschlussverschraubungenLeistung 22 ;Systemtrenngruppe - 20 Platten WT;Complete with circulating pump red brass, connecting cable, two 3-way ball valves, 2 contact thermometers,compact heat exchanger, safety unit,	connection kit for an expansion tank, KFE tap,wall bracket, EPP insulation,Screw connectionsPower 22 k;System separating unit - 20 plates WT;;
AG10;Verteilerbalken 5/4für 4 Heizkreise;478,40;Stk;;mit Blockdämmunginkl. Verschraubungssatz 5/4;Verteilerbalken für 4 Heizkreise;with block insulationincl. screwing kit 5/4;Distribution bar for 4 heating circuits;;
AG14;Mischermotor mit elektronischer Regelung;523,90;Stk;;für den direkten Anbau auf den Mischerder MK-Gruppe;;;;;
AG15;Fußbodenheizungsmodul MK 5/4ohne Pumpe;338,50;Stk;;;Fußbodenheizungsmodul MK 5/4 ohne Pum;;Underfloor heating module MK 5/4'' witho;;
AG16;Fußbodenheizungsmodul MK 5/4UPS 32-40;529,00;Stk;;Fußbodenheizungsmodul MK 5/4 UPS 32-40;;Underfloor heating module MK 5/4'' UPS 32-40;;;
AG17;Fußbodenheizungsmodul MK 5/4UPS 32-60;548,00;Stk;;Fußbodenheizungsmodul MK 5/4 UPS 32-60;;Underfloor heating module MK 5/4''UPS 32-60;;;
AG18;Fußbodenheizungsmodul MK 5/4UPS 32-80;875,00;Stk;;Fußbodenheizungsmodul MK 5/4 UPS 32-80;;Underfloor heating module MK 5/4'' UPS 32-80;;;
AG20;Fußbodenheizungsmodul MK 1ohne Pumpe;288,80;Stk;;;Fußbodenheizungsmodul MK 1 ohne Pumpe;;Underfloor heating module MK 1'' without;;
AG21;Fußbodenheizungsmodul MK 1UPS 25-40;433,80;Stk;;Fußbodenheizungsmodul MK 1 UPS 25-40;;Underfloor heating module MK 1'' UPS 25-40;;;
AG22;Fußbodenheizungsmodul MK 1UPS 25-80;712,00;Stk;;Fußbodenheizungsmodul MK 1 UPS 25-80;;Underfloor heating module MK 1'' UPS 25-80;;;
AG25;Boilerlademodul UK 5/4ohne Pumpe;254,50;Stk;;;Boilerlademodul UK 5/4 ohne Pumpe;;Boiler loading module UC 5/4'' without p;;
AG26;Boilerlademodul UK 5/4UPS 32/40;489,50;Stk;;Boilerlademodul UK 5/4  UPS 32/40;;Boiler loading module UC 5/4'' UPS 32/40;;;
AG27;Boilerlademodul UK 5/4UPS 32/60;747,00;Stk;;Boilerlademodul UK 5/4  UPS 32/60;;Boiler loading module UK 5/4  UPS 32/60;;;
AG28;Boilerlademodul UK 5/4UPS 32/80;790,00;Stk;;Boilerlademodul UK 5/4  UPS 32/80;;Boiler loading module UC 5/4'' UPS 32/80;;;
AG30;Boilerlademodul UK 1ohne Pumpe;204,90;Stk;;;Boilerlademodul UK 1 ohne Pumpe;;Boiler loading module UC 1'' without pum;;
AG31;Boilerlademodul UK 1UPS 25/60;404,50;Stk;;Boilerlademodul UK 1  UPS 25/60;;Boiler loading module UC 1'' UPS 25/60;;;
AG32;Boilerlademodul UK 1UPS 25/80;629,00;Stk;;Boilerlademodul UK 1  UPS 25/80;;Boiler loading module UC 1'' UPS 25/80;;;
AG40;Konstantwertregelset 1;583,00;Stk;;mit Grundfos-Pumpe UPS 25-60;;;;;
AG90;XXXMischermotor mit integrierter Temperaturregelung;;;;;;;;;
AG98;Systemtrenngruppe PWT 16 Platten;0,00;Stk;;mit Umwälzpumpe Rotguß;;;;;
AG99;Bausatz 41 für Mischermotor SM4;5,51;Stk;;für den direkten Anbau auf den Mischerder MK-Gruppe;;;;;
AGA01;Boilerlademodul UK 1 Alpha 2 25-40;425,00;Stk;;mit Blockdämmung, ungemischter Kreis, (Grundfospumpe);;;;;
AGA02;Fußbodenheizungsmodul MK 1 Alpha 2 25-60;545,00;Stk;;mit Blockdämmung und 3-Wege T-Mischer, (Grundfospumpe);;;;;
AGA16;Fußbodenheizungsmodul MK 5/4 Alpha 2 32-40;810,00;Stk;;mit Blockdämmung und 3-Wege T-Mischer, (Grundfospumpe);;;;;
AGA17;Fußbodenheizungsmodul MK 5/4 Alpha 2 32-60;835,00;Stk;;mit Blockdämmung und 3-Wege T-Mischer, (Grundfospumpe);;;;;
AGA18;Fußbodenheizungsmodul MK 5/4 Magna 32-100;1190,00;Stk;;mit Blockdämmung und 3-Wege T-Mischer, (Grundfospumpe);;;;;
AGA21;Fußbodenheizungsmodul MK 1 Alpha 2 25-40;510,00;Stk;;mit Blockdämmung und 3-Wege T-Mischer, (Grundfospumpe);;;;;
AGA22;Fußbodenheizungsmodul MK 1 Magna 25-100;1030,00;Stk;;mit Blockdämmung und 3-Wege T-Mischer, (Grundfospumpe);;;;;
AGA26;Boilerlademodul UK 5/4 Alpha 2 32-40;535,00;Stk;;mit Blockdämmung, ungemischter Kreis, (Grundfospumpe);;;;;
AGA27;Boilerlademodul UK 5/4 Alpha 2 32-60;560,00;Stk;;mit Blockdämmung, ungemischter Kreis, (Grundfospumpe);;;;;
AGA28;Boilerlademodul UK 5/4 Magna 32.-100;1050,00;Stk;;mit Blockdämmung, ungemischter Kreis, (Grundfospumpe);;;;;
AGA31;Boilerlademodul UK 1 Alpha 2 25-60;460,00;Stk;;mit Blockdämmung, ungemischter Kreis, (Grundfospumpe);;;;;
AGA32;Boilerlademodul UK 1 Magna 25-100;960,00;Stk;;mit Blockdämmung, ungemischter Kreis, (Grundfospumpe);;;;;
AGE01;THERMOMETER (rot) f.MK1/UK1Edition 7;12,27;Stk;;;;;;;
AGE02;THERMOMETER (blau) f.MK1/UK1 Edition 7;12,27;Stk;;;;;;;
AGE03;THERMOMETER (rot) f.Solar Station Edit.7;0,00;Stk;;;;;;;
AGE04;THERMOMETER (blau) f.Solar Station Edit.7;12,27;Stk;;;;;;;
AGE05;T-Mischer Einbau links für MK1;92,98;Stk;;;;;;;
AGE06;T-Mischer Einbau rechts für MK1;92,98;Stk;;;;;;;
AGE07;ÜBERSTRÖMVENTILSET für MK1/UK1 (N);43,37;Stk;;;;;;;
AGE08;Montagesatz Stellmotor f.Meibes Mischer;8,37;Stk;;;;;;;
AGE09;Thermostatkopf mit Anlegefühler für;65,51;Stk;;Konstantwertregelset, 20-50 Grad C;;;;;
AGE10;Kriff grau für MK1 und UK1 (Edit.7);;;;;;;;;
AGE11;Dichtungssatz für Meibes H-Mischer;12,06;Stk;;;;;;;
AGE12;Dichtungssatz für Meibes H3/H6 inkl. Scheibe u. Kerbstift;;;;;;;;;
AGE13;Dichtungssatz für Meibes T-Mischer E7A;;;;;;;;;
AGE14;Mischereinsatz für3-Wege H-Mischer (Küken);54,50;Stk;;;;;;;
AGE15;Anbausatz für Meibes H u. T Mischer (Ersatz für;;;;Schmeterlingsadapter);;;;;
AGE16;Rückflussverhinderer für MK1 und UK1 (für Edition 7);;;;;;;;;
AGE93;Adapter MS-NRM für Stellmotor zu MK 1 (ab 07/2009);;;;;;;;;
AGE94;HANDHEBEL m.Skalenscheibe f. MK 1;23,30;Stk;;;;;;;
AGE95;Luftabscheider 1;162,30;Stk;;;;;;;
AGE96;Verschraubungssatz 1 f. Pumpengruppen;7,49;Stk;;;;;;;
AGE97;Adapter für Stellmotor zu MK 1 (bis 06/2009);4,42;Stk;;;;;;;
AGE98;Entlüftungsaut. 3/8;33,59;Stk;;;;;;;
AGE99;XXXXXStellmotor 2 m Kabel (Belimo);137,40;Stk;;;;;;;
AMU03;MULTI Ö-HY40-650/UNIVERSUM SELECT(Ausst.;6711,00;Stk;;mit silbergrauem Design, ohne Brenner,mit Flansch vorne.inkl. Schallschutz,Reinigungsbürste und Harreither DOKU-BOXRegelung Universum-Select bestehend aus:Kesselschaltfeld Universum-Select mitRegler Universum-Select inkl. Fühler.Select Serien Nr.:Universalfühler Produktion Nr.:Universalfühler Solar Prod: Nr.:Typenschild-Nr: @@@@@;;;;;
AWH12;Klima Star WP Heizen 12 kW Sole/SchauStk;6162,00;Stk;;Wärmepumpe in Kompaktbauweise für Sole-betrieb.Einsatz für Heizung und Warmwasser-bereitung, max. Vorlauftemperatur 63° C.Der Einsatz der Universum Systemregelunggarantiert einen außergewöhnlichwirtschaftlichen Betrieb.Formschönes, silbergraues Designder Verkleidung.Typenschild-Nr.:;;;;;
AWP01;Universum WP Grundpaket(Ausstellung);2171,00;Stk;;Auf Konsole vorverdrahtet,bestehend aus:1 Stk. BedienzentraleSerien-Nr.:1 Stk. ReglereinheitSerien-Nr.:2 Stk. UniversalfühlerChargen-Nr.:1 Stk. Außenfühler;;;;;
AWP06;Hydraulik Gruppe Sole 9-14 kW(Ausstell.);986,00;Stk;;bestehend aus:Pumpenkonsole, Solepumpe, HeizungspumpeFlexverbindungen, Holländerver-schraubungen, Füll- u. Entleerungs-ventile, etc.;;;;;
CH01;COMBI STAR HL 750;2239,00;Stk;;Inhalt: 720 Liter;Combi Star HL 750;Volume: 720 litres;Combi Star HL 750;;
CH02;COMBI STAR HL 900;2360,00;Stk;;Inhalt: 860 Liter;Combi Star HL 900;Volume: 860 litres;Combi Star HL 900;;
CH10;Frischwassermodul FWM20L;1736,00;Stk;;zur hygienischen Warmwasserbereitung im Durchflussprinzip1,5 - 20 l/min;Frischwassermodul FWM20L;For hygienic water heating based on flow principle1.5 - 20 l/min;Fresh-water module FWM20L;;
CH11;Frischwassermodul FWM30L;1849,00;Stk;;zur hygienischen Warmwasserbereitung im Durchflussprinzip1,5 - 30 l/min;Frischwassermodul FWM30L;For hygienic water heating based on flow principle1.5 - 30 l/min;Fresh-water module FWM30L;;
CH12;Zirkulationspumpeneinheit;362,00;Stk;;zum Einbau in das Frischwassermodul FWM20 oder FWM30.;Zirkulationspumpeneinheit;For installation in the fresh-water module FWM20 or FWM30.;Circulation pump unit;;
CH13;Adapter für Zirkulationspumpe;47,53;Stk;;mit Rückschlageinschraubteil;;;;;
CH14;Überströmventil für Frischwassermodul;111,30;Stk;;inkl. Verschraubung;;;;;
CH20;Harreither Beistellpuffer 750;1581,00;Stk;;Inhalt: 720 Liter;Harreither Beistellpuffer 750;Volume: 720 litres;Harreither additional accumulator 750;;
CH21;Harreither Beistellpuffer 900;1727,00;Stk;;Inhalt: 860 Liter;Harreither Beistellpuffer 900;Volume: 860 litres;Harreither additional accumulator 900;;
CHE01;Strombox für Frischwassermodul;92,56;Stk;;inkl. Platine;;;;;
CHE02;Verschlußkappe für Zirkulationsanschluss;13,88;Stk;;für Frischwassermodul;;;;;
CHE03;Rückflußverhinderer LP35-1FO 015mm;16,80;Stk;;für Frischwassermodul;;;;;
CHE04;Flow-Switch Rep.Set-FWS Harr. - für Module in Gussauführung;112,40;Stk;;für Frischwassermodul;;;;;
CHE05;Thermostat für FWS (Temperaturwahlkopf);160,70;Stk;;;;;;;
CHE06;Pufferladepumpe für Frischwassermodul;151,20;Stk;;;;;;;
CHE07;Dicht- und Schraubensatz;34,27;Stk;;für Frischwassermodul;;;;;
CHE08;Flow-Switch Rep.Set-FWS Harr. - für Module mit Pressfittinge;112,40;Stk;;für Frischwassermodul;;;;;
CHE09;Platine für Frischwassermodul;92,56;Stk;;;;;;;
CHH01;COMBI STAR HL 750 - HALBFERTIG;;;;inkl. Schichtladelanze;;;;;
CHH02;COMBI STAR HL 900 - HALBFERTIG;;;;inkl. Schichtladelanze;;;;;
CO01;COMBI STAR HY 1500 mit Wärmetauscher/mit Dämmung;3292,00;Stk;;Wärmedepot mit Hygiene-Brauchwasserbereitung, inkl.100 mm dicker Weichschaumdämmung und 2 Speicherthermometer Bimetall;COMBI STAR® HY 1500;Heat reservoir with hygienic heater for water for domestic use, incl. 100 mm thick flexible foam insulation and 2 accumulator thermometers bimetal;COMBI STAR® HY 1500;;
CO02;COMBI STAR HY 1000 3WT ohne Verkleidung;3714,00;Stk;;Inhalt 960 Liter inkl. Weichschaumisolierung,ohne SpeicherthermometerOHNE pulverbeschichteter Blechverkleidung;COMBI STAR® HY Wärmepumpe 1000;Volume 960 litres, incl. flexible foam insulation, without accumulator thermometer,WITHOUT power-coated metal casing;COMBI STAR® HY heat pump 1000;;
CO03;COMBI STAR HY 650 3WT ohne Verkleidung;3339,00;Stk;;Inhalt 650 Liter inkl. Weichschaumisolierung,ohne SpeicherthermometerOHNE pulverbeschichteter Blechverkleidung;COMBI STAR® HY Wärmepumpe 650;Volume 650 litres, incl. flexible foam insulation, without accumulator thermometer,WITHOUT power-coated metal casing;COMBI STAR® HY heat pump 650;;
CO04;COMBI STAR HY 1500 3WT;4098,00;Stk;;Inhalt 1350 Liter inkl. Weichschaumisolierunginkl. 2 Speicherthermometer Bimetall;COMBI STAR® HY Wärmepumpe 1500;Volume 1350 litres, incl. flexible foam insulationIncl. 2 accumulator thermometers bimetal;COMBI STAR® HY heat pump 1500;;
CO05;COMBI STAR HY 1000 3WT;4094,00;Stk;;Inhalt 960 Liter inkl. Weichschaumisolierung,MIT pulverbeschichteter Blechverkleidung;COMBI STAR® HY Wärmepumpe 1000;Volume 960 litres incl. flexible foam insulationWITH power-coated metal casing;COMBI STAR® HY heat pump 1000;;
CO06;COMBI STAR HY 650 3WT;3686,00;Stk;;Inhalt: 650 Liter inkl. Weichschaumisolierung,MIT pulverbeschichteter Blechverkleidung;COMBI STAR® HY Wärmepumpe 650;Volume 650 litres incl. flexible foam insulationWITH power-coated metal casing;COMBI STAR® HY heat pump 650;;
CO08;COMBI STAR HY 1500 OHNE Wärmetauscher/mit Dämmung;;;;Wärmedepot OHNE Brauchwasserwärmetauscher (für späteren optionalen Einbau), inkl. 100 mm dicker Weichschaumdämmung und 2 SpeicherthermometerInhalt: 1350 l;COMBI STAR® 1500;Wärmedepot OHNE Brauchwasserwärmetauscher (für späteren optionalen Einbau), inkl. 100 mm dicker Weichschaumdämmung und 2 SpeicherthermometerInhalt: 1350 l;COMBI STAR® 1500;;
CO09;COMBI PUFFERSPEICHER 1500/1 Flansch;2052,00;Stk;;mit Weichschaumisolierung 100 mminkl. 2 Stück Bimetallthermometer;;;;;
CO10;HISAN-Anschlußgarnitur für CSWP 1000;251,80;Stk;;für hygienische Warmwasserbereitung,Verrohrung innerhalb der Verkleidung,mit Spüleinrichtung.ACHTUNG: Übergangsverschraubungenmitbestellen!;HISAN® Anschlussgarnitur für CSWP 1000;for hygienic water heating, pipes inside the casing, with flushing device.ATTENTION: Order transition screws as well!;HISAN® connection fittings for CSWP 1000;;
CO11;HISAN-Anschlußgarnitur für CSWP 650;251,80;Stk;;für hygienische Warmwasserbereitung,Verrohrung innerhalb der Verkleidung,mit Spüleinrichtung.ACHTUNG: Übergangsverschraubungenmitbestellen!;HISAN® Anschlussgarnitur für CSWP 650;for hygienic water heating, piping inside the casing, with flushing device.ATTENTION: Order transition screws as well!;HISAN® connection fittings for CSWP 650;;
CO12;Speicherthermometer f.Combi 650/1000;39,40;Stk;;für Verkleidungseinbau in CombiStar® 650 und CombiStar® 1000, ohne Tauchhülse;Speicherthermometer kapillar;for installation in casing of CombiStar® 650 and CombiStar® 1000, without thermometer pocket;Accumulator thermometer, capillary;;
CO13;Verschraubung Anschlgar. 3/4IG inkl. D.;7,45;Stk;;;Verschraubung Anschlgar. 3/4 IG;;Screwing connection fittings ¾'' FT;;
CO15;Speicherthermometer CS1500;10,70;Stk;;für Verkleidungseinbau in CombiStar® 1500 Harreither Pufferspeicher 1500, und CombiStar® HL;Speicherthermometer bimetall;for installation in casing of CombiStar® 1500 Harreither buffer accumulator 1500 and CombiStar® HL;Accumulator thermometer, bimetal;;
CO16;Blinddeckel für Combi 1500;64,60;Stk;;;Abdeckplatte für Flasch;;Cover plate for flange;;
CO17;Flanschplatte gelocht 3/4Combi 1500;64,60;Stk;;;Flanschpl. gelocht 3/4 für Combi Star;;Flange plate perforated ¾'' for Combi St;;
CO18;Flanschplatte gelocht 1Combi 1500;64,60;Stk;;;Flanschpl. gelocht 1 für Combi Star®;;Flange plate perforated 1'' for Combi St;;
CO19;Dichtung für Flansch Combi 1500;14,20;Stk;;;Dichtung für Flansch für Combi Star® HY;;Seal for flange for Combi Star® HY 1500;;
CO22;COMBI STAR HY 1000 ohne Verkleidung;2911,00;Stk;;Inhalt: 960 Liter inkl. Weichschaumisolierung,ohne Speicherfühler,OHNE pulverbeschichteter Blechverkleidung;COMBI STAR® HY 1000;Volume 960 litres, including flexible foam insulation, without accumulator sensor, WITHOUT powder-coated metal casing;COMBI STAR® HY 1000;;
CO23;COMBI STAR HY 650 ohne Verkleidung;2532,00;Stk;;Inhalt: 650 Liter inkl. Weichschaumisolierung,ohne Speicherfühler,OHNE pulverbeschichteter Blechverkleidung;COMBI STAR® HY 650;Volume 650 litres, including flexible foam insulation, without accumulator sensor, WITHOUT powder-coated metal casing;COMBI STAR® HY 650;;
CO25;COMBI STAR HY 1000;3292,00;Stk;;Inhalt: 960 Liter inkl. Weichschaumisolierung,MIT pulverbeschichteter Blechverkleidung;COMBI STAR® HY 1000;Volume 960 litres, including flexible foam insulation, WITH powder-coated metal casing;COMBI STAR® HY 1000;;
CO26;COMBI STAR HY 650;2880,00;Stk;;Inhalt: 650 Liter inkl. Weichschaumisolierung,MIT pulverbeschichteter Blechverkleidung;COMBI STAR® HY 650;Volume 650 litres, including flexible foam insulation, WITH powder-coated metal casing;COMBI STAR® HY 650;;
CO39;Harreither Pufferspeicher 300l;541,00;Stk;;Serien-Nr.;;;;;
CO40;Harreither Pufferspeicher 500l;669,00;Stk;;Inhalt 500 Litermit 100 mm Weichschaumisolierung ;Harreither Pufferspeicher 500;Volume 500 litresWith 100 mm flexible foam insulation;HARREITHER BUFFER ACCUMULATOR 500;;
CO41;Harreither Pufferspeicher 800l;931,00;Stk;;Inhalt 800 Litermit 100 mm Weichschaumisolierung ;Harreither Pufferspeicher 800;Volume 800 litresWith 100 mm flexible foam insulation ;HARREITHER BUFFER ACCUMULATOR 800;;
CO42;Harreither Pufferspeicher 1000l;1039,00;Stk;;Inhalt 1000 Litermit 100 mm Weichschaumisolierung ;Harreither Pufferspeicher 1000;HARREITHER BUFFER ACCUMULATOR 1000Volume 1000 litresWith 100 mm flexible foam insulation;HARREITHER BUFFER ACCUMULATOR 1000;;
CO43;Harreither Pufferspeicher 1500l;2100,00;Stk;;inkl. IsolierungSerien-Nr.:;;;;;
CO44;Harreither Pufferspeicher 2000l (I);1924,62;Stk;;inkl. IsolierungSerien-Nr.:;;;;;
CO46;Harreither Pufferspeicher 3000l;3450,00;Stk;;inkl. IsolierungSerien-Nr.:;;;;;
COH01;COMBI STAR HY 1000 - HALBFERTIG;;;;;;;;;
COH02;COMBI STAR HY 1000 3WT - HALBFERTIG;;;;;;;;;
COH03;COMBI STAR HY 650 - HALBFERTIG;;;;;;;;;
COH04;COMBI STAR HY 650 3WT - HALBFERTIG;;;;;;;;;
COH10;COMBI STAR HY 1500 (EK,3 Flansch) - HALBFERTIG;;;;inkl. 2 Stück Wärmetauscher und Tauchhülsen;;;;;
COH11;COMBI STAR HY 1500 WP (EK,4 Fl.) - HALBFERTIG;;;;inkl. 3 Stück Wärmetauscher und Tauchhülsen;;;;;
COH12;COMBI STAR HY 1500 OHNE Wärmetauscher - HALBFERTIG;;;;OHNE Wärmetauscher, inkl. Tauchhülsen;;;;;
COH13;COMBI PUFFERSPEICHER 1500/1 Flansch - HALBFERTIG;;;;ohnE Wärmetauscher, inkl. Tauchhülsen;;;;;
DL01;Inbetriebnahme MULTI STAR Ö-HY / Select;0,01;mal;;inkl. Brenner und Regelung Universum® SELECT;Inbetriebnahme Multi Star®;;;;
DL02;Inbetriebnahme MONO STAR Ö;0,01;Stk;;inkl. Brenner und Regelung Universum® SELECT;Inbetriebnahme Mono Star® Ö;;;;
DL03;Inbetriebnahme BRENNER;0,01;Stk;;;Inbetriebnahme Brenner;;;;
DL04;Inbetriebnahme Universum-Select;0,01;Stk;;;Inbetriebnahme Universum® Select;;;;
DL05;Inbetriebnahme Klima Star (Wärmepumpe);0,01;Stk;;inkl. Universum® Hausmanagementsystem bis zu 2 Regler (weitere Regler: Verrechnung nach tatsächlichem Aufwand);Inbetriebnahme Klima Star®;;;;
DL10;Inbetriebnahme Multi Star Ö-HY/HMS-Paket;0,01;Std;;und Regelung Universum® HMS Paket (ohne Brenner)Verrechnung erfolgt nach tatsächlichem Aufwand;Inbetriebnahme Multi Star®;;;;
DL15;Technikereinheit;20,00;Einh;;Verrechnung erfolgt pro 1/4 Std.;Technikereinheit;Charged for every ¼ hour;Technician unit;;
DL16;Serviceeinsatz UNIVERSUM HMS;26,00;Einh;;inkl. TelefongebührenVerrechnung erfolgt nach tatsächlichem Aufwand;Serviceeinsätze Universum® HMS über Mode;Incl. telephone chargesCharged according to actual work involved;Service measures Universum® via modem;;
DL17;Fahrtpauschale;200,00;Stk;;;;;;;
DL18;Arbeitsleistung;;;;Programmierung, Inbetriebnahme, Schaltschrankinbetriebnahme, Nachregulierung, VisualisierungVerrechnung erfolgt nach tatsächlichem Aufwand;Inbetriebnahme Universum® HMS;Programmierung, Inbetriebnahme, Schaltschrankinbetriebnahme, Nachregulierung, VisualisierungVerrechnung erfolgt nach tatsächlichem Aufwand;Inbetriebnahme Universum® HMS;;
DL20;Thermografie vor Ort/ohne Auswertung;30,00;Einh;;Vor-Ort-Thermografie ohne AuswertungVerrechnung erfolgt nach tatsächlichem Aufwand;Thermografische Untersuchungen;On-site thermography without evaluationCharged according to actual work involved;THERMOGRAPHIC TESTS;;
DL30;Kleinteile Löten;23,00;mal;;(Sauerstoff, Acetylen, Silberlot);;;;;
DL31;AUSBAUPAUSCHALE;;;;;;;;;
DL54;Fahrtkostenanteil (Kilometer);0,50;KM;;Fahrtzeit wird verrechnet: mit DL15und zusätzlich pro km ;FAHRTKOSTEN;Travel times will be invoiced: with DL15And additionally for every km;TRAVEL EXPENSES;;
E110070;Zündtrafo TRK 2-35 inkl. Kabel HL 8.1;85,38;Stk;;;;;;;
EC01;ECOTHERM-Fußbodenheizungsrohr 17x2 (H);332,00;rol;200,00;17x2 mm, mit Sauerstoffsperre, geprüft nach ÖNORM B5154, (Rolle zu 200 lfm);Ecotherm® Fußbodenheizungsrohr PP-R;17x2 mm, with oxygen barrier, tested in accordance with ÖNORM B5154,(roll with 200 linear metres);Ecotherm® floor heating pipe PP-R;lfm;
EC02;Ecotherm-Clipschiene mit Klebeband, 1 lfm/Stg;3,66;Lfm;32,00;für Trockenbaukonstruktion, 50x25 mm,PP-R, Stangen zu 4 m, VPE: 32 m;Hitherm® Sammlerhalteschiene;for dry construction, 50 x 25 mm,PP-R, bars 4 metres each, PU: 32 m;Hitherm® manifold fixing rail;lfm;
EC03;Ecotherm-Tackernadeln 50 mm;0,30;Stk;300,00;Verpackungseinheit: 300 Stk;Ecotherm® Tackernadel 50 mm;packing unit: 300 pieces;Ecotherm® tacker pin 50 mm;Stk;
EC04;Ecotherm-Verteileranschluß DA17/50cm H;4,26;Stk;;17x2 mm, 50 cm,;Ecotherm® Verteiler Anschlussbogen;17x2 mm, 50 cm,;Ecotherm® distributor connecting bend;;
EC05;Ecotherm-Verteileranschluß DA17/100mmH;7,14;Stk;;17x2 mm, 100 cm,;Ecotherm® Verteiler Anschlussbogen;17x2 mm, 100 cm,;Ecotherm® distributor connecting bend;;
EC06;Ecotherm-Schweißnippel 17 mm;1,15;Stk;10,00;Verpackungseinheit: 10 Stk;Ecotherm® Muffe 17 mm;packaging unit: 10 pieces;Ecotherm® sleeve 17 mm;Stk;
EC07;Ecotherm-Übergangsmuffe 17 auf 21/rot;1,37;Stk;;17/21;Ecotherm® Übergangsmuffe;17/21;Ecotherm® transition sleeve;;
EC08;Estrichkomponente EZ 70 (kg);6,58;Kg;;Kanister zu 10 kg;Ecotherm® -Estrichkomponente EZ 70;Can with 10 kg each;Ecotherm® screed component EZ 70;;
EC09;TACKERNADELN - kurz;60,60;Stk;;;Ecotherm® -Schweißgarnitur 17 mm;;;;
EC10;Ecotherm-Innenschweißgarnitur 13 mm;109,00;Stk;;;Ecotherm® Innenschweißgarnitur 13 mm;;Ecotherm® Internal welding set 13 mm;;
EC11;Ecotherm-Winkel 90°, 17 mm I/A H;1,44;Stk;;;;;;;
EC12;XXX ROHR 17x2 (H) für Verteileranschluß, lfm;2,02;Lfm;;(Stange zu 5 lfm, mit Sauerstoffsperre);;;;;
EC30;ECOTHERM-Wärmeregister 500 mm;13,00;Stk;;incl. 1 Stk. Befestigungsschiene;;;;;
EC31;ECOTHERM-Wärmeregister 1000 mm;16,54;Stk;;incl. 2 Stk. Befestigungsschienen;;;;;
EC32;ECOTHERM-Wärmeregister 1500 mm;21,01;Stk;;incl. 3 Stk. Befestigungsschienen;;;;;
EC33;ECOTHERM-Wärmeregister 2000 mm;23,19;Stk;;incl. 3 Stk. Befestigungsschienen;;;;;
EC34;ECOTHERM-Wärmeregister 3000 mm;0,00;Stk;;inkl. Befestigungsschienen;;;;;
EC96;XXXEcotherm-Winkel 90°, 17 mm;2,07;Stk;;;;;;;
EC97;XXXECOTHERM-Muffe 17x2mm;1,67;Stk;;;;;;;
EC98;ECOTHERM-VERTEILERANSCHLUSS, 50 cm;3,93;Stk;;;;;;;
EC99;ECOTHERM-Fußbodenheizungsr.17x2(H)Kurzl.;1,66;Lfm;;Kurzlänge;;;;;
EF01;Entfeuchter FN 25;1350,00;Stk;;für Unterputz oder Aufputzmontage,max. 280 m3/h, 230 V AV;;;;;
EF03;Rahmen für Entfeuchter FN 25;113,00;Stk;;;;;;;
EF04;Frontblende für Entfeuchter FN 25;281,90;Stk;;formschön aus Holz, weiss lackiert;;;;;
EF05;Abdeckung bei Aufputzmontage für FN 25;281,90;Stk;;Werkstoff Metall, Farbe weiss;;;;;
EF10;Entfeuchter GH 25;1300,00;Stk;;zum Einbau in die Zwischendecke;;;;;
EF20;Platine für Entfeuchter HDR04 2;124,50;Stk;;;;;;;
EIN00040;Zündbrenner GA92/93/100/110P;116,30;Stk;;;;;;;
EIN00073;Kupplung einflächig o. Teller HVS8/14/20;3,47;Stk;;;;;;;
EIN00075;ZÜNDELEKTRODE Mono Star G 15 (GA110) 6mm;56,78;Stk;;;;;;;
EIN001;TS-Ventileinsätze 3/8-1/2 für Modulverteiler;18,20;Stk;;für Gußverteiler inkl.Handräder;;;;;
EIN00162;Temperaturschalter für Kesselschaltfeld;13,73;Stk;;;;;;;
EIN00179;Display für Universum-Bedienz. 20 PIN;172,70;Stk;;(ab Serien Nr.: 4040);;;;;
EIN00195;Frontblende Verkleidung Mono 80 (eckig);0,01;Stk;;Farbe: RAL 9006;;;;;
EIN00196;Deckel Verkleidung Mono 80 (eckig);0,01;Stk;;Farbe: RAL 9006;;;;;
EIN002;Einbautüre m. Rahmen Gr. 1 verz. (ST);73,53;Stk;;;;;;;
EIN003;Pumpenschalter für Kesselschaltfeld;16,85;Stk;;;;;;;
EIN004;IONISATIONSELEKTRODE Mono StarG 100E/92;76,23;Stk;;für Leistungsbereiche 9 -51 kW;;;;;
EIN005;ZÜNDELEKTRODE 4mm GA 110E/EU/;51,69;Stk;;;;;;;
EIN006;Ionisationselektrode 6mm GA 110E/EU;33,59;Stk;;;;;;;
EIN008;Türstein (Isolierstein) 14-32kW (Cap.);77,95;Stk;;(DA 275 x 50 mm - klein);;;;;
EIN009;Zylinderschloß für Einbauschrank;23,71;Stk;;;;;;;
EIN010;Türstein (Isolierstein) 40-55kW (Cap.);355,70;Stk;;;;;;;
EIN011;Dichtschnur f. Türstein 40-55kW (Cap.);20,70;Stk;;DA: 15mm, Länge: 1260mm;;;;;
EIN012;Transportrodel Multi/Combi;499,50;Stk;;;;;;;
EIN013;Leuchte rot/orange für Kesselschaltfeld;13,73;Stk;;;;;;;
EIN014;Außenfühler für Bivalentelektronik;19,55;Stk;;;;;;;
EIN015;Ölvorwärmer Danfoss inkl. Düsenstock-;213,60;Stk;;halteplatte und Adapterkabel vonRapa auf Danfoss Ölvorwärmer;;;;;
EIN016;Honeywell Satronic Zündkabel ZT 870;0,01;Stk;;1000mm (72710);;;;;
EIN017;UNIVERSUM-Stellmotor 230V 3 Punkt AMV 02;316,80;Stk;;;;;;;
EIN018;Gasarmatur für Harz 22(13-33kW);347,10;Stk;;;;;;;
EIN019;Gasfeuerungsautomat Harz 22/13-33 kW;444,40;Stk;;;;;;;
EIN020;Zündgasbrenner für Harz 22 komplett;190,20;Stk;;inkl. Zünd und Ionisationselektrodemit Zündleitung uns Ionisationsleitung;;;;;
EIN021;Zündelektrode für MONO STAR 13-33kW;19,76;Stk;;Harz 22;;;;;
EIN022;Hilfsrelais 4 pol. 230V inkl. Sockel;12,58;Stk;;;;;;;
EIN023;Schütz LA3-23-10;107,70;Stk;;;;;;;
EIN024;Leitungsschutzschalter 13A 1p;8,42;Stk;;;;;;;
EIN025;FI 63 4p 0,03A FU Fest;457,60;Stk;;;;;;;
EIN026;Stellungsgeber SGF24;75,20;Stk;;;;;;;
EIN027;Verkleidung komplett Mono Star Ö80 eckig;0,01;Stk;;;;;;;
EIN028;Isolierung WP-Speicher 500l;0,01;Stk;;;;;;;
EIN029;Dungs Gasarmatur Typ: MB-DLE405B01S020;0,00;Stk;;;;;;;
EIN030;Abdeckung reinweiß für Raumfühler UP;12,85;Stk;;inkl. Rahmen;;;;;
EIN031;Dichtschnur f. Türstein 20-32kW (Cap.);27,30;Stk;;DA: 15mm, Länge: 945mm;;;;;
EIN154;Solarstation 1-Strang UPS 25-60;309,00;Stk;;;;;;;
EIN155;Volumenstrommesser DN 20 für Solar Modul;101,90;Stk;;inkl. Überwurfmutter 1 1/2inkl. KFR-Sicherheits-Füllhahnund inkl. O-Ring;;;;;
EIN158;Dichtung Centellen WS3820 3/4;0,57;Stk;;;;;;;
EIN159;Klemmringverschraubung 22x3/4, MS-Roh;7,26;Stk;;;;;;;
EIN161;KFE-Kugelhahn 1/2, MS-ROH, mit Kette;13,36;Stk;;;;;;;
EIN162;Panzerschlauch 1/2, Länge 700mm IG/IG;11,23;Stk;;;;;;;
EIN163;Panzerschlacuh 1/2, Länge 1000mm IG/IG;13,21;Stk;;;;;;;
EIN164;Frequenzumrichter VF-FS1-4037PL;1092,00;Stk;;3x380-480V, 4KW, 9,1A Nennstrom;;;;;
EIN165;T-Profil/3 Solar Star E SONDER 3,243m;77,38;Stk;;ALU-blank, Langloch geschlitzt, 50 mm,Haltseite geriffelt, 50x50x5 mmLänge: 3243 mm;;;;;
EIN166;Doppelnippel 3/4/ DN 16;13,20;Stk;;;;;;;
EIN167;Werkbankhalterung für Schweißgerät;56,26;Stk;;;;;;;
EIN168;3-Wege Mischer 5/4mit 6/4AG-Gewinde;87,15;Stk;;(ohne Verschraubungen);;;;;
EIN169;Adapterring für TA-Ventil;4,64;Stk;;;;;;;
EIN170;Pufferspeicher 300l ohne Isolierung;468,00;Stk;;;;;;;
EIN171;Brennkammereinsatz 40 KW (CAP) SONDERANFERTIGUNG;553,00;Stk;;Durchmesser: 315mmLängeTopf: 595mmLänge Stiel: 40mmLänge Gesamt: 635mm;;;;;
EIN172;BRENNKAMMEREINSATZ 32 kW (Capito);450,00;Stk;;DA 215mm, Länge Topf:  500mm;;;;;
EIN173;Austauschkesselkörper Turbo ST 35;4387,00;Stk;;;;;;;
EIN174;Bodenfühler für Eismelder-Set;480,60;Stk;;;;;;;
EIN175;Flachdachfreirahmen 3 Solar Solar P 45° (Sonder);402,00;Stk;;(passend für Solar Star vom Solar Paket);;;;;
EIN176;Solarstation XL inkl. Wärmetauscher 30;2490,00;Stk;;UPS 15-60 + ST 15/11,5;;;;;
EIN177;Prallplatte für Brennkammereinsatz 40-50kW (Cap.);75,20;Stk;;;;;;;
EIN178;HISAN Rohr PN 20 110x15,1 mm FASER-ROHR (SDR 7,4) grau;;;;Stange zu 6 lfm;;;;;
EIN179;HISAN Rohr PN 20 125x17,1 mm FASER-ROHR (SDR 7,4);;;;;;;;;
EIN180;Ausdehnungsgefäß 300L (Varem);544,10;Stk;;;;;;;
EIN181;HISAN Endkappe 125 mm grün;;;;;;;;;
EIN182;HISAN Winkel 90°, 125 mm grün;;;;;;;;;
EIN183;HISAN Winkel 45°, 125 mm grün;;;;;;;;;
EIN184;HISAN Muffe 125 mm grün;;;;;;;;;
EIN185;HISAN Bundbuchse mit Dichtung 125 mm grau;;;;;;;;;
EIN186;HISAN Flansch für Bundbuchse 125 mm grau;;;;;;;;;
EIN187;HISAN Elektro-Muffe 125 mm;;;;;;;;;
EIN188;HISAN Endkappe 110 mm grau;;;;;;;;;
EIN189;HISAN Winkel 90°, 110 mm grau;;;;;;;;;
EIN190;HISAN Winkel 45°, 110 mm grün;;;;;;;;;
EIN191;HISAN Muffe 110 mm grau;;;;;;;;;
EIN192;HISAN Bundbuchse mit Dichtung 110 mm grau;;;;;;;;;
EIN193;HISAN Flansch für Bundbuchse 110 mm grau;;;;;;;;;
EIN194;HISAN Elektro-Muffe 110 mm;;;;;;;;;
EIN195;HISAN Endkappe - Stumpfschweißen 110 mm grau;;;;;;;;;
EIN196;HISAN Endkappe - Stumpfschweißen 125 mm grau;;;;;;;;;
EIN197;Winkelspangen Kunststoff DA 20 mm;;;;;;;;;
EIN198;Einbauheizkörper 2,5KW 230V mit Flanschplatte (DA 180mm);370,00;Stk;;für WP-Speicher (A);;;;;
EIN199;Einbauheizkörper 7,5KW 230V mit Flanschplatte (DA 180mm);618,00;Stk;;für WP-Speicher (A);;;;;
EIN200;PVC-Steuerleitung LSYY-OZ;;;;;;;;;
EIN201;Kabelschutzrohr FXK 50 schwarz;;;;;;;;;
EIN202;Mischereinsatz für Konstantwertregelset;;;;;;;;;
EIN203;Steck-Bogen leicht (grau) DA 32 (TBL32);;;;;;;;;
EIN204;Stopfen 1/ für Solar Star;3,92;Stk;;;;;;;
EIN205;Entlüftungskappe für Star Star;7,85;Stk;;;;;;;
EIN206;Einzelanlage doho für Solar Star E;974,00;Stk;;;;;;;
EIN207;2/3 Anlage doho für Solar Star E;1730,00;Stk;;;;;;;
EIN208;Solar-Ausdehnungsgefäß 40l;133,20;Stk;;;;;;;
EIN209;BRENNKAMMEREINSATZ 27 kW (Capito);405,00;Stk;;DA 215mm, Länge Topf:  405mm, Gesamptlaänge mit Griff 520mm;;;;;
EIN210;Soleausdehnungsgefäß 250 l;485,00;Stk;;;;;;;
EIN211;Winkelspangen Kunststoff DA 25 mm;;;;;;;;;
EIN212;HISAN Rohr PN 10 110x10,0 mm FASER-ROHR (SDR 7,4) grau;;;;Stange zu 6 lfm;;;;;
EIN213;Anschlussbogen Rasenheizung d 25 mm auf Euroval;;;;;;;;;
EIN214;Frontplatte inkl. Alurahmen für Bedienzentrale 3.15 (eckig);75,00;Stk;;;;;;;
EIN215;Display für Universum-Bedienz. 18+2 PIN;173,00;Stk;;(bis Serien Nr.: 4039);;;;;
EIN216;Pumpe Grundfos UPS 25-65 (Solar);;;;;;;;;
EIN217;Kabelschutzrohr KSX 65 schwarz;;;;;;;;;
EIN218;Anschlussbogen Rasenheizung d 20 mm auf Euroval;;;;;;;;;
EIN219;HOLZSTAFFEL GEFALZT 40x60 SONDER, Länge 2,33cm;;;;;;;;;
EIN220;Gehäuse - Frontträger Kesselschaltfeld KSP;;;;;;;;;
EIN221;Brandschutzmanschette CP 644-50/1.5;;;;;;;;;
EIN222;TS-Ventileinsätze 3/8-1/2 für Verteiler mit Gewindestange;18,20;Stk;;;;;;;
EIN223;Brandschutzstreifen Roman-(Intum-Strfn)-50mm-12,5m;;;;Intrumeszierender Streifen als Rohrmanschette;;;;;
EIN224;Span-Schrauben Senk TX GCR 5x80;;;;;;;;;
EIN225;Span-Schrauben Senk TX GCR 35x30;;;;;;;;;
EIN226;Anflanschklappe /014A-LW-therm DIN 3202-K1, PN 10/16;;;;;;;;;
EIN227;Wärmetauscher Danfoss XB 51H-1 36 inkl. Isolierung,;;;;Montagehalerung und Anschlussgarnitur;;;;;
EIN228;Kaltleiterauslösegerät für Wilo-Pumpen;;;;;;;;;
EIN229;Pumpe Stratos 50/1-8 (Wilo);;;;;;;;;
EIN230;Pumpe Stratos 50/1-10 (Wilo);;;;;;;;;
EIN231;Pumpe Stratos 32/1-12 (Wilo);;;;;;;;;
EIN232;Pumpe Stratos 40/1-12 (Wilo);;;;;;;;;
EIN233;Pumpe BL80/220-5,5/4 (Wilo);;;;;;;;;
EIN234;2-Weg Hubventil, PN16, Aussengewinde G 1 1/8, DN15 kvs 4;;;;inkl. Verschraubung;;;;;
EIN235;2-Weg Hubventil, PN16, Aussengewinde G 1 1/8, DN15 kvs 2,5;;;;inkl. Verschraubung;;;;;
EIN236;2-Weg Hubventil, PN16, Aussengewinde G 1 1/8, DN15 kvs 10;;;;inkl. Verschraubung;;;;;
EIN237;Hubantrieb 1000 N 150s einstellbar 20mm, inkl. Verschraubung;;;;;;;;;
EV01;EUROVAL-Sicherheitsrohr DD (H);570,00;rol;200,00;mit optimierter Geometrie, 24/17 x 3/2 mm,PP-R sauerstoffdicht, schweißbar, im Schutzkarton verpackt, ÖNORM B 5158 und DIN 4726  geprüft,Austria Gütezeichen,VPE: 200 lfm;Euroval® -Sicherheitsrohr;with optimised geometry, 24/17 x 3/2 mm,PP-R oxygen-tight, weldable, boxed in protective cardboard box, testing according to ÖNORM B 5158 and DIN 4726,Austria Quality Seal,PU: 200 linear metres;Euroval® safety pipe;lfm;
EV05;XXXXEUROVAL-Clipschiene mit Haken;3,43;Kart;;Karton zu 50 lfm (63 Stk);;;;;
EV06;XXXEUROVAL-Clipschiene mit Klebeband;3,43;Kart;;Karton zu 50 lfm (63 Stk);;;;;
EV10;EUROVAL-Schweißmuffe;2,33;Stk;10,00;für normgerechte Polyfusions- Schweißverbindungen von Hitherm®Plus Systemteilen mit ovalem Querschnitt sowie EUROVAL® - Rohren (24/17x3/2), inkl. StützhülsenMaterial: PP-R, rotVPE: 10 Stk;Hitherm®Plus (und  Euroval®) Ovalschweiß;for standard-complying polyfusion welded connections of Hitherm Plus system components with oval sections and EUROVAL® pipes (24/17x3/2), incl. reinforcing sleeves, material: PP-R, redPU: 10 piecesVPE: 10 Stk;Hitherm® Plus (und Euroval®) oval weldin;Stk;
EV11;EUROVAL-Übergangsmuffe oval auf da21;2,03;Stk;10,00;für Übergang von Ovalrohr 24/17 x 3/2 mm auf Rundrohr 21 mm, schweißbar, güteüberwacht, inkl. Stützhülse, Material: PP-R, rotVPE: 10 Stk.;Hitherm®Plus (und Euroval®)Übergangsmu;for transition oval pipe 24/17 x 3/2 mm to round pipe21 mm, weldable, quality monitored, incl. reinforcing sleeve, material: PP-R, redPU: 10 pieces;Hitherm® Plus (and Euroval®) transitio;Stk;
EV12;EUROVAL-Übergangswinkel rund / oval;2,57;Stk;10,00;für Übergang von Ovalrohr 24/17 x 3/2 mm auf Rundrohr 21 mm,  innenschweißbar, güteüberwacht, inkl. Stützhülse, Material:  PP-R, rotVPE 10 Stk.;Hitherm®Plus (und Euroval®)Übergangswi;for transition from oval pipe 24/17 x 3/2 mm to round pipe 21 mm, inside weldable, quality monitored, incl. reinforcing sleeve, material: PP-R, redPU 10 pieces;Hitherm® Plus (and Euroval®)transition;Stk;
EV15;EUROVAL-Clipschiene mit Haken 1000 mm;280,98;Kart;63,00;zur sicheren Befestigung des Euroval®-Rohres auf PS-Dämmplatten, mit angeformten FixierhakenRastermaß 5 cm, steckbar, Länge 1 m, kartonverpackt,VPE 63 Stk. (63 lfm);Euroval® -Clipschiene;for securely fixing Euroval® pipes on PS insulating boards, with moulded-on fixing clampGrid pitch 5 cm, plug-in, length 1 m, boxed in cardboard box,PU 63 pieces (approx. 63 linear metres);Euroval® clip rail;Stk;
EV16;EUROVAL-Clipschiene m. Klebeband 1000 mm;280,98;Kart;63,00;wie oben, jedoch ohne angeformte Fixierhaken, Unterseite mit Doppelklebeband beschichtet.Rastermaß 5 cm, steckbar, Länge 1m, kartonverpackt,VPE 63 Stk. (63 lfm);Euroval® -Clipschiene;See above, but without moulded-on fixing clamp,Underside coated with double-sided adhesive tape.Grid pitch 5 cm, plug-in, length 1 m,boxed in cardboard box,PU 63 pieces (approx. 63 linear metres);Euroval® clip rail;Stk;
EV17;EUROVAL-Clipsch. o. Haken o.Klb. 1000 mm;281,00;Kart;;Karton zu 63 lfm (63 Stk);;;;;
EV20;EUROVAL-Verteileranschluß 50 cm;4,60;Stk;20,00;;Länge 50 cm;;Length 50 cm;Stk;
EV21;EUROVAL-Verteileranschluß 100 cm;5,94;Stk;21,00;speziell für Verteileranordnung im Keller (Deckendurchführung);Länge 100 cm;specifically for manifold configuration in the basement(ceiling passage);Length 100 cm;Stk;
EV30;Sicherheitsranddämmstreifen;0,95;Lfm;50,00;PE-Schaum mit angeschweißter PE-Folienlasche, Abreissstreifen für exakte Höhenanpassung, Dicke 10 mm, Höhe 140 mmRolle zu 50 m;Euroval® -Sicherheitsranddämmstreifen;PE foam with welded-on PE foil strap, tear-off strips for an exact height adjustment, thickness 10 mm,height 140 mmRolls with 50 m each;Euroval® safety edge insulating strips;lfm;
EV31;PE-Folie Harreither;0,49;m2;100,00;0,15 mm dick, Rolle zu 2x 50 minklusive Aufdruck, VPE 100 m²;Euroval® -PE-Folie;0.15 mm thick, rolls with 2x 50 m eachincluding printed lettering, PU 100 m²;Euroval® PE foil;m2;
EV32;EUROVAL-Dehnfugenset;13,10;Stk;1,00;für Türübergänge, bestehend aus Dehnfugenprofil, 2 m lang, passend zu Euroval® -Randdämmstreifen, 6 Stk. Schutzrohre ø 28 mm, 30 cm lang, VPE 1 Stk.;Euroval® -Dehnfugenset;for door passages, consisting of expansion joint profile, length 2 m, suitable for Euroval® edge insulating strips, 6 protective pipes ø 28 mm, 30 cm long, PU 1 piece;Euroval® expansion joint set;Stk;
EV33;EUROVAL-Montageschablone;251,50;Stk;;für alle Verlegearten auf SpezialfolieSeteinheit mit ca. 75 Teilen;Euroval® -Top-Montageschablonen;for all methods of laying on special foilSet unit with approx. 75 pieces;Euroval® top mounting templates;;
EV34;EUROVAL-Estrichkomponente ECO 30;141,40;Stk;14,00;Estrichkomponente zur Vergütung von Zementestrichen, Zugabe 1% vom Zementgewicht (für ca. 60 m² Estrich mit Estrichdicke 65 mm)farblos, VPE 14 kg/Kanister;Euroval® -ECO 30;Screed component for improving cement screed, 1% of the cement weight has to be added (for approx. 60 m² screed with screed thickness 65 mm)Colourless, PU 14 kg/can;Euroval® -ECO 30;kg;
EV35;EUROVAL - Anschlußverschraubung 1/2AG;9,02;Stk;;komplett mit Adapter da 21;;;;;
EV36;EUROVAL - Anschlußverschraubung 1/2IG;8,63;Stk;;komplett mit Adapter da 21;;;;;
EV37;Kabelbinder 3,5 x 145 mm;0,05;Stk;;;;;;;
EV38;Kabelbinder 3,5 x 215 mm;0,09;Stk;;;;;;;
EV39;Rohrbinder 1,6 x 186 mm;0,16;Stk;;;;;;;
EV97;EUROVAL-Rohrverschlußkappen schwarz;0,29;Stk;;;;;;;
EV98;EUROVAL - Estrichkomponente ROT;141,90;Stk;;Kanister zu 14 kg;;;;;
EV99;EUROVAL-Sicherheitsrohr DD Kurzlänge (H);2,85;Lfm;;(Sauerstoffdicht) lfm;;;;;
G0600000;HARREITHER-Schweißmaschine bis da 75;0,01;Stk;;;;;;;
G11850004;Tauchfühler für Speicher ZTF 222.3;35,46;Stk;;;;;;;
G11850005;Vorlauf-/Anlegefühler ZVF 210 f.Öltherme;35,36;Stk;;;;;;;
G13400564;TURBO TS30 O2 Sonde komplett;350,80;Stk;;;;;;;
G1EVDVVA1;Abdeckung Schaltpult voll650+1000;19,24;Stk;;;;;;;
G38370011;Regler ALPHA 233 B ohne Fühler;959,00;Stk;;;;;;;
G4103BE06;Zündtrafo für Gasgebläsebrenner HSGi5E;92,87;Stk;;;;;;;
G4301BE07;STAUSCHEIBE HSGi5 f.abgewink.Ionisations;0,00;Stk;;;;;;;
G45215104;2-stufige Elektronik für RG130, RG148;109,80;Stk;;;;;;;
G45215110;Flammrohr D=80x1x160 mm f. Blautherm DUO;152,00;Stk;;;;;;;
G45215145;Zündkabel 320 mm lang Blautherm DUO;9,40;Stk;;;;;;;
G45215150;Zündkabel 370 mm Blautherm DUO/ Öltherme;9,40;Stk;;;;;;;
G45215175;Adapterrohr d=80x1,5x170mm Blautherm DUO;77,17;Stk;;;;;;;
G45215360;Mischeinrichtung Grundträger Blautherm;77,17;Stk;;;;;;;
G45236441;Anzeigenplatine Display 1405 für Cool;102,50;Stk;;;;;;;
G45236460;Umwälzpumpe Wilo für Cool;141,10;Stk;;;;;;;
G45270539;Finder Zeitrelais einschaltverzög. 1Ws;102,50;Stk;;;;;;;
G45270540;Relais für Brenneransteuerung;0,00;Stk;;;;;;;
G63931000;ECOTHERM-Reparatur-Schweißgarnitur (geb);126,10;Stk;;;;;;;
G7060000;HARREITHER-Schweißmaschine b.da 75;2318,00;Stk;;;;;;;
G70710000;E-MUFFENSCHWEISSGERÄT TOP 110;1231,00;Stk;;;;;;;
G70900000;HISAN-SCHWEISSMASCHINE bis da 90;3387,00;Stk;;;;;;;
G83840000;Universum-Select-E (komplett);0,00;Stk;;Serien-Nr.:;;;;;
GAG01;Boilerlademodul UK 1(UPS 25-40);284,00;Stk;;;;;;;
GAG02;Fußbodenheizungsmodul MK 1UPS 25-60;417,80;Stk;;;;;;;
GAG08;Solar-Modul-Anbaugruppe;379,20;Stk;;;;;;;
GB02;Gasgebläsebrenner SG 60 15-25 kW;1678,00;Stk;;Serien-Nr. @@@@@@@@@@@;;;;;
GB04;Gasgebläsebrenner SG 60 25-40 kW;1678,00;Stk;;Serien-Nr. @@@@@@@@@@;;;;;
GB07;GASGEBLÄSEBRENNER HSGi 5-E 12-30kW;1241,00;Stk;;Fabr.Nummer: @@@@@@;;;;;
GB08;GASGEBLÄSEBRENNER HSGi 5.2 E 30-53kW;1447,00;Stk;;Serien-Nr.:;;;;;
GEF01;Entfeuchter FN 25;;;;;;;;;
GEF10;Entfeuchter GH 25;;;;;;;;;
GEV33;EUROVAL-Montageschablone gebr.;251,50;Stk;;;;;;;
GGB04;Gasgebläsebrenner SG 60 25-40 kW;0,00;Stk;;Serien-Nr.:;;;;;
GGB07;GASGEBLÄSEBRENNER HSGi 5-E;1410,00;Stk;;Serien-Nr.:;;;;;
GH01;Hauptgasdüse für Harz 22, 21 KW;0,00;Stk;;;;;;;
GI1010557;Umwälzpumpe UPS 15/50, 130mm;181,40;Stk;;;;;;;
GI3000012;Regeleinsatz EB-WNP-2 ohne Fühler (geb);0,00;Stk;;;;;;;
GIVO11;Ventileinsatz f. KU-Verteiler (Vers.2);5,14;Stk;;;;;;;
GIWA01;Schallschutzhaube Saugseite KSA Typ 12;209,40;Stk;;;;;;;
GIWA02;Schallschutzh. Ventilators. KSA Typ 12;204,90;Stk;;;;;;;
GIWA03;Schallschutzhaube Saugseite KSA Typ 20;279,90;Stk;;;;;;;
GIWA04;Schallschutzh. Ventilators. KSA Typ 20;251,90;Stk;;;;;;;
GIWP065;Pumpe Grundfos UPS 32-120F 3x400 Tausch;868,00;Stk;;;;;;;
GIWP254;Soft starter MCI 15CH 15A Tausch;;;;;;;;;
GIWP255;Soft starter MCI 25CH 25A Tausch;;;;;;;;;
GMO01;MONO STAR Ö 30 / Schaltfeld KF-G;2194,00;Stk;;Niedrigsttemperaturheizkessel für Öl/Gasohne Brenner mit Schaltfeld KF-Gfür die Verbindung mit der RegelungUniversumTypenschild-Nr.: @@@@@;;;;;
GMU53;Abgasschalldämpfer Edelstahl 130mm;301,10;Stk;;;;;;;
GOB01;Hansa-Ölbrenner HVS 5.3 Ö;726,00;Stk;;Seriennummer:;;;;;
GOB04;Hansa-Blaubrenner HBV 30 kW;1168,00;Stk;;Serien Nr.: @@@@@;;;;;
GOBE02;Hansa-Ölbrenner HL 8.1;829,00;Stk;;Serien-Nr.:;;;;;
GOBE12;KONDENSATOR f. E-MOTOR HVS 5.1;20,18;Stk;;;;;;;
GOBE13;Brennerflansch für HVS da 80mm;38,79;Stk;;;;;;;
GOBE19;ZÜNDKABEL MIT STECKER für HVS 5.1;7,79;Stk;;;;;;;
GOBE21;Zündtrafo EBI GEN 3;105,10;Stk;;;;;;;
GOBE24;MOTOR AEG EB 95 90 W (HVS 5.1);124,20;Stk;;;;;;;
GOBE25;Flammenwächter QRB 1B für HSV 5.1, HL 8;21,53;Stk;;;;;;;
GOBE30;Ionosationskabel für HSGi 5.1;0,00;Stk;;;;;;;
GOBE31;Zündkabel für HSGi 5.1;0,00;Stk;;;;;;;
GOBE36;Gasfeuerungsautomat f. HSGi 5E;0,00;Stk;;;;;;;
GOBE37;Gasdüsenstock komplett 5 HSGi 5.1/2 E;541,00;Stk;;;;;;;
GOBE40;Luftdruckwächter f. HSGi5-E;95,58;Stk;;;;;;;
GOBE45;Flammrohr für HSGI 5 E Senke;94,02;Stk;;;;;;;
GOBE59;Motor EB 95C 35 230V 50Hz für Hansa HBV;147,10;Stk;;;;;;;
GOBE82;Luftabschlußklappe HVS 8.1,HSGi 5,HVS 5;8,47;Stk;;;;;;;
GOBE98;Ölschlauch, 1000 mm lang;16,64;Gar;;;;;;;
GOTE04;MCBA 1405 für Cool 24;382,60;Stk;;;;;;;
GOTE14;Kupplung Motor-Pumpe FHP DUO, Blauth.;6,75;Stk;;;;;;;
GOTE15;Gebläse RG 130 einstufig f.Ölbrenner;237,60;Stk;;;;;;;
GOTE16;Gebläse RG 148 einstufig für Ölbrenner;321,90;Stk;;;;;;;
GOTE17;Gebläse RG 148 für 2-stufige Elektronik;0,00;Stk;;;;;;;
GOTE18;Flammrohr D=100x1x150mm f.Bl.Duo u. Ölth;199,60;Stk;;;;;;;
GOTE19;Motor für Pumpe Blautherm 230V/50Hz/75W;0,00;Stk;;;;;;;
GOTE23;Luftdruckwächter SIT-Controls;77,17;Stk;;;;;;;
GOTE24;Luftdüse mit Drallgitter 19/41;96,72;Stk;;;;;;;
GOTE26;Ölpumpe AE 47D mit Nippel;151,10;Stk;;;;;;;
GOTE29;Ölpumpe AP 2-45 D mit Nippel;0,00;Stk;;;;;;;
GOTE31;Flackerlicht-Detektor IRD 1010;205,00;Stk;;;;;;;
GOTE32;Steuergerät Sartonic DKO 992 M.20 DUO-CO;211,00;Stk;;;;;;;
GOTE36;Zündtrafo ZA 30 050 E4 für SG 60;73,53;Stk;;;;;;;
GOTE45;Luftdruckwächter HUBA-Control für Cool;59,07;Stk;;;;;;;
GOTE48;Brennerkopf f. Brennwertgerät Cool;146,00;Stk;;;;;;;
GOTE49;Gasventil VK 8115 v.1051B1:1 für Cool;179,70;Stk;;;;;;;
GOTE50;Gebläse RG 130 / 0800 3612 für Cool;342,60;Stk;;;;;;;
GOTE51;NTC 1 TOP T 7335 für Cool;28,91;Stk;;;;;;;
GOTE52;Steuerung MCBA 1405 für Cool;675,00;Stk;;;;;;;
GOTE53;Zündtrafo Transformator 230/24 f. Cool;72,38;Stk;;;;;;;
GRC06;CETA 106 Witterungsgeführte Mischerregelung Tausch;;;;;;;;;
GRE01;Zentralgerät Universum-Select;973,00;Stk;;ohne Fühler, ohne KlemmenSerien Nr.:;;;;;
GRE21;Universum-Select-Controller Nr. 1;125,40;Stk;;Serien-Nr.:;;;;;
GRE32;Raumtemperaturregler Typ A-N;39,94;Stk;;mit Bi-Metall-Auslösung,thermischerRückführung und Bereichseingrenzung,geeignet für Pilotsteuerung;;;;;
GRE35;Sicherheitstemperaturbegrenzer STB;47,94;Stk;;;;;;;
GRE95;Regler WR-33 Gamma 233B;784,00;Stk;;;;;;;
GREA5;TV-Box + Fernbedienung;669,00;Stk;;;;;;;
GSO01;SOLAR STAR HARREITHER;966,00;Stk;;mit Alu-Rahmenprofil pulverbeschichtetFläche: 2,60 m;;;;;
GSO26;Solar-Star M2;529,00;Stk;;;;;;;
GUF01;Universum Raumcontroller FUNK;156,20;Stk;;;;;;;
GUF02;Universum Funk Gateway;;;;;;;;;
GUN02;Bedienzentrale inkl.Folientastatur;1632,00;Stk;;Serien-Nr.:;;;;;
GUN03;Verbindungskabel (3m);0,00;Stk;;;;;;;
GUN04;Universum-Modem ohne Verb. Kabel;207,80;Stk;;Serien Nr.:;;;;;
GUN05;Universum-Regler 02;489,90;Stk;;Serien-Nr.:;;;;;
GUN22;Analog Ausgangsmodul mini;305,70;Stk;;;;;;;
GUN28;Universum-Regler alte Ausführung gebr.;0,01;Stk;;zur Beschaltung mit Fühlern oderpotentialfreien Eingangssignalenund RelaisausgängenSerien-Nr. @@@@@@;;;;;
GUN50;Universum-Bedienzentrale V 5.0 Tausch;;;;Serien-Nr.:;;;;;
GUN52;Universum-Raumcontroller-FEUCHTE BZ V5.0;;;;;;;;;
GUN81;Universum Light Bedienzentrale V 5.0 Tausch;;;;;;;;;
GUS14;Thermostat-Eismelder-Set;0,00;Stk;;mit Feuchte- und Temperaturfühler,Schaltgerät;;;;;
GUS22;Kapillar-Frostschutzthermostat;152,40;Stk;;inkl. Montageklemmen,Kapillarrohrlänge 1,8 m;;;;;
GUS32;Universum-Taupunktwächter TW-S 80-100%;237,70;Stk;;;;;;;
GUS36;Impulswasserzähler 3/4o. Verschraubung;190,70;Stk;;;;;;;
GUT01;Universum-Raumcontroller UP-Temperatur Tausch;;;;;;;;;
GUT02;Universum-Raumcontroller UP-Feuchte Tausch;;;;;;;;;
GUT03;Universum-Raumcontroller;0,00;Stk;;Serien-Nr.:;;;;;
GUT04;Universum-Raumcontroller-FEUCHTE;283,20;Stk;;mit zusätzlichem FeuchtefühlerSerien-Nr.: @@@@@@@;;;;;
GVO63;EINBAUSCHRANK Typ 750 - weiß lackiert;188,10;Stk;;;;;;;
GWA06;Klima Star Air Typ 06;5650,00;Stk;;Luft/Wasser-Wärmepumpe als außen auf-stellbare Kompaktlösung, Heizleistung6,2 kW bei L2/W35, höchste Energieef-fizienz d. optimierte Leistungszahlen,Betriebsart Heizen und Kühlen, Einsatz-bereich bis -10°C Außentemperatur, inkl.Wärmepumpenregelung mit bedarfsgeführterAbtauautomatik.inkl. 4 Stück VibrationsdämpferSerien-Nr.;;;;;
GWA12;Klima Star Air Typ 12;10418,00;Stk;;Luft/Wasser-Wärmepumpe als außen auf-stellbare Kompaktlösung, Heizleistung12,8 kW bei L2/W35, höchste Energieef-fizienz d. optimierte Leistungszahlen,Betriebsart Heizen und Kühlen, Einsatz-bereich bis -10°C Außentemperatur, inkl.Wärmepumpenregelung mit bedarfsgeführterAbtauautomatik.inkl. 4 Stück VibrationsdämpferSerien-Nr.;;;;;
GWA20;Klima Star Air Typ 20;0,00;Stk;;Luft/Wasser-Wärmepumpe als außen auf-stellbare Kompaktlösung, Heizleistung19,6 kW bei L2/W35, höchste Energieef-fizienz d. optimierte Leistungszahlen,Betriebsart Heizen und Kühlen, Einsatz-bereich bis -10°C Außentemperatur, inkl.Wärmepumpenregelung mit bedarfsgeführterAbtauautomatik.inkl. 4 Stück VibrationsdämferSerien-Nr.;;;;;
GWA32;Wärmetauscher Systemtrennung WA20(geb.);1217,00;Stk;;inkl. Isolierung;;;;;
GWA35;Sanftanlasser für Klima Star Air Typ 06 Tausch;;;;;;;;;
GWA36;Sanftanlasser für Klima Star Air Typ 12;293,30;Stk;;;;;;;
GWA40;Schalldämm-Set f. Klima Star Air Typ 12;586,00;Stk;;;;;;;
GWA48;Klima Star Air Regelpressostat Set;97,24;Stk;;;;;;;
GWL21;Klima Star Air Typ 21 Harreither Tausch;;;;;;;;;
GWP20A;Warmwasserspeicher 400;;;;;;;;;
GWP51;Strömungswächter Type 2,0;175,70;Stk;;;;;;;
GWZ01;HARREITHER-Schweißgerät mit Koffer;355,10;Stk;;Serien-Nr.:;;;;;
GWZ02;HARREITHER-Schweißgerät m. Koffer(Modul);498,20;Stk;;Serien-Nr.:;;;;;
GWZ10;HITHERM-Schweißgarnitur oval 24x17mm(geb;45,24;Stk;;;;;;;
GWZ11;Schweißgarnitur 21;44,72;Stk;;;;;;;
GWZ14;ECOTHERM-Rep.Schweißgarnitur f.Sammler;0,00;Stk;;;;;;;
GWZ15;EUROVAL-Schweißgarnitur (G);44,20;Stk;;;;;;;
GWZ16;EUROVAL-Schweißgarnitur f. Verteiler-;30,37;Stk;;anschlussbogen;;;;;
GWZ20;HISAN-Schweißgarnitur Ý 16 mm;30,99;Stk;;;;;;;
GWZ21;HISAN-Schweißgarnitur Ý 20 mm;34,32;Stk;;;;;;;
GWZ22;HISAN-Schweißgarnitur Ý 25 mm;37,75;Stk;;;;;;;
GWZ23;HISAN-Schweißgarnitur Ý 32 mm;43,06;Stk;;;;;;;
GWZ24;HISAN-Schweißgarnitur Ý 40 mm;54,08;Stk;;;;;;;
GWZ25;HISAN-Schweißgarnitur Ý 50 mm;60,11;Stk;;;;;;;
GWZ26;HISAN-Schweißgarnitur 63 mm;81,74;Stk;;;;;;;
GWZ27;HISAN-Schweißgarnitur 75 mm;79,25;Stk;;;;;;;
GWZ28;Schweißgarnitur 90 mm (geb.);0,00;Stk;;;;;;;
GWZ30;Rohrschneidezange bis 42 mm;42,74;Stk;;;;;;;
GWZ35;HISAN-Rohrschneider bis 63 mm;48,98;Stk;;;;;;;
GWZ45;Schälwerkzeug 32-50mm;0,00;Stk;;;;;;;
GWZ50;THERMO-FOLIE im Koffer;567,00;Stk;;;;;;;
GWZ60;Harreither-Verlegehaspel;331,30;Stk;;;;;;;
GWZ61;Harreither-Schnellaufheizgerät;1569,00;Stk;;;;;;;
GWZ94;SCHWEIßGARNITUR HA-VERTEILER da 40 (g);41,50;Stk;;;;;;;
GWZ95;Schweißgarnitur 17mm;55,22;Stk;;;;;;;
GWZS01;Harreither-Verlegehaspel Edelstahl;0,00;Stk;;;;;;;
GWZS03;Rohrschneidezange 26;49,09;Stk;;;;;;;
GWZS04;Schälwerkzeug 40 (geb.);0,00;Stk;;;;;;;
GWZS05;Schälwerkzeug 50 mm (geb.);0,00;Stk;;;;;;;
GWZS06;Schälwerkzeug 63 mm (geb.);82,47;Stk;;;;;;;
GWZS07;Schälwerkzeug 75 (gebr.);0,00;Stk;;;;;;;
GWZS08;Tackermaschine (gebraucht);235,30;Stk;;;;;;;
GWZS09;Schälwerkzeug für SAP-Rohr 16-25 mm(geb);54,08;Stk;;;;;;;
GWZS10;Schälwerkzeug für SAP-Rohr 40-50 mm(geb);100,20;Stk;;;;;;;
GWZS11;Schälwerkzeug für SAP-Rohr 63-75mm(geb);0,00;Stk;;;;;;;
GWZS12;XXXHITHERM-Innenschw.garn.13mm;62,89;Stk;;;;;;;
GWZS13;KALKWÄCHTER KW 600;0,01;Stk;;;;;;;
HB20;Haltescheiben weiß, Packung zu 100 Stk.;15,50;Pkg;;;;;;;
HC06;HITHERM-Compact 625x620x10 mm;71,70;Stk;1,00;Compact 620 SF-10;;Compact 620 SF-10;;Stk;
HC08;HITHERM-Compact 625x620x10 mm/Dachschräg;92,80;Stk;1,00;Höhe der Platte:  620 mmGesamtelementhöhe: 700 mmElementbreite:    625 mm;Hitherm® Compact 620 Dachschräge;Height of panel: 620 mmTotal element height: 700 mmElement width: 625 mm;Hitherm® Compact 620 roof slope;Stk;
HC10;HITHERM-Compact 625x1000x10 mm;72,50;Stk;1,00;Compact 1000 SF-10;;Compact 1000 SF-10;;Stk;
HC107;HITHERM-Compact+ 625x1000x15mm GK DD;79,35;Stk;;Gipsfaserplatte, stehend;;;;;
HC11;HITHERM-Compact 625x1000x10 mm/Parapet;94,30;Stk;1,00;Compact 1000 QF-10;;Compact 1000 QF-10;;Stk;
HC12;HITHERM-Compact 625x1000x10mm/Dachschräg;93,70;Stk;1,00;Höhe der Platte: 1000 mmGesamtelementhöhe: 1080 mmElementbreite:  625 mm;Hitherm® Compact 1000 Dachschräge;Height of panel: 1000 mmTotal element height: 1080 mmElement width: 625 mm;Hitherm® Compact 1000 roof slope;Stk;
HC15;HITHERM-Compact 625x1500x10 mm;121,10;Stk;1,00;Compact 1500 SF-10;;Compact 1500 SF-10;;Stk;
HC16;HITHERM-Compact 625x1500x10 mm/Parapet;132,90;Stk;1,00;Compact 1500 QF-10;;Compact 1500 QF-10;;Stk;
HC17;HITHERM-Compact 625x1500x10mm/Dachschräg;142,40;Stk;1,00;Höhe der Platte: 1500 mmGesamtelementhöhe: 1580 mmElementbreite:  625 mm;Hitherm® Compact 1500 Dachschräge;Height of panel: 1500 mmTotal element height: 1580 mmElement width: 625 mm;Hitherm® Compact 1500 roof slope;Stk;
HC20;HITHERM-Compact 625x2000x10 mm;136,60;Stk;1,00;Compact 2000 SF-10;;Compact 2000 SF-10;;Stk;
HC21;HITHERM-Compact 625x2000x10 mm/Parapet;147,40;Stk;1,00;Compact 2000 QF-10;;Compact 2000 QF-10;;Stk;
HC22;HITHERM-Compact 625x2000x10mm/Dachschräg;157,90;Stk;1,00;Höhe der Platte: 2000 mmGesamtelementhöhe: 2080 mmElementbreite:  625 mm;Hitherm® Compact 2000 Dachschräge;Height of panel: 2000 mmTotal element height: 2080 mmElement width: 625 mm;Hitherm® Compact 2000 roof slope;Stk;
HC25;HITHERM-Compact 625x2500x10 mm;156,80;Stk;1,00;Compact 2500 SF-10;;Compact 2500 SF-10;;Stk;
HC27;HITHERM-Compact 625x2500x10mm/Dachschräg;178,00;Stk;1,00;Höhe der Platte: 2500 mmGesamtelementhöhe: 2580 mmElementbreite:  625 mm;Hitherm® Compact 2500 Dachschräge;Height of panel: 2500 mmTotal element height: 2580 mmElement width: 625 mm;Hitherm® Compact 2500 roof slope;Stk;
HC40;Gipsfaserplatte 625x2000x10 mm;17,40;Stk;;Höhe der Platte: 2000 mmBreite der Platte: 625 mmDicke der Platte: 10 mmohne Rundung, gerade geschnitten;Gipsfaserplatte;Height of board: 2000 mmWidth of the board: 625 mmThickness of the board: 10 mmwithout curve, cut straight;Gypsum fibre board;;
HC41;Fermacell-Fugenkleber;9,78;Stk;1,00;Kartusche zu 310 ml für ca. 15 m²;Fermacell Fugenkleber;Cartridge with 310 ml each for approx. 15 m²;Fermacell joint glue;Stk;
HC42;Fermacell-Schnellbauschrauben/VPE 250;14,90;Pkg;250,00;;VPE: 250 Stk.;;PU: 250 pieces;Stk;
HC43;Fermacell-Schnellbauschrauben/VPE 1000;39,40;Pkg;1000,00;;VPE: 1000 Stk.;;PU: 1000 pieces;Stk;
HC44;Fermacell-Schnellbauschrauben/VPE 1000;60,10;Pkg;1000,00;inkl. Kreuzschlitzklinge,  3,9 x 45 mmVPE: 1000 Stk.Bedarf: ca. 13 Stk/m²;Fermacell Schnellbauschrauben 45 mm;incl. cross-recessed blade, 3.9 x 45 mmPU: 1000 piecesConsumption: approx. 13 pieces/m²;Fermacell drywall screws 45 mm;Stk;
HC48;HITHERM-Anschluß-T-Stück rund;3,10;Stk;;für Hitherm-Compact-Element;;;;;
HC50;Hitherm+ T-Stück, DA 21x10x21 mm neu;0,00;Stk;;;;;;;
HC56;HITHERM-Compact+ 625x620x10 mm DD;73,60;Stk;1,00;Höhe der Platte: 620 mmGesamtelementhöhe: 700 mmElementbreite: 625 mm;Ausführung STANDARDHitherm® Compact P;Height of panel: 620 mmTotal element height: 700 mmElement width: 625 mm;Type STANDARDHitherm® Compact Plus 62;Stk;
HC56+;HITHERM-Compact+ 625x620x10 mm DD Innenschw.;;;1,00;;;;;Stk;
HC58;HITHERM-Compact+ 625x620x10mm DD Dachs.;94,80;Stk;1,00;Höhe der Platte: 620 mmGesamtelementhöhe: 700 mmElementbreite: 625 mm;Hitherm® Compact Plus 620 Dachschräge;Height of panel: 620 mmTotal element height: 700 mmElement width: 625 mm;Hitherm® Compact Plus 620 roof slope;Stk;
HC58+;HITHERM-Compact+ 625x620x10mm DD Dachs. Innenschw.;;;1,00;;;;;Stk;
HC60;HITHERM-Compact+ 625x1000x10 mm DD;74,90;Stk;1,00;Höhe der Platte: 1000 mmGesamtelementhöhe: 1080 mmElementbreite: 625 mm;Hitherm® Compact Plus 1000 Standard;Height of panel: 1000 mmTotal element height: 1080 mmElement width: 625 mm;Hitherm® Compact Plus 1000 Standard;Stk;
HC60+;HITHERM-Compact+ 625x1000x10 mm DD Innenschw.;74,90;Stk;1,00;;;;;Stk;
HC61;HITHERM-Compact+ 625x1000x10 mm DD/Para.;96,70;Stk;1,00;Elementbreite: 1000 mmElementhöhe: 625 mm;Hitherm® Compact Plus 1000 Parapet;Element width: 1000 mmElement height: 625 mm;Hitherm® Compact Plus 1000 Parapet;Stk;
HC61+;HITHERM-Compact+ 625x1000x10 mm DD/Para. Innenschw.;96,70;Stk;1,00;;;;;Stk;
HC62;HITHERM-Compact+ 625x1000x10mm DD Dachs.;96,10;Stk;1,00;Höhe der Platte: 1000 mmGesamtelementhöhe: 1080 mmElementbreite: 625 mm;Hitherm® Compact Plus 1000 Dachschräge;Height of panel: 1000 mmTotal element height: 1080 mmElement width: 625 mm;Hitherm® Compact Plus 1000 roof slope;Stk;
HC62+;HITHERM-Compact+ 625x1000x10mm DD Dachs. Innenschw.;96,10;Stk;1,00;;;;;Stk;
HC65;HITHERM-Compact+ 625x1500x10 mm DD;123,40;Stk;1,00;Höhe der Platte: 1500 mmGesamtelementhöhe: 1580 mmElementbreite: 625 mm;Hitherm® Compact Plus 1500 Standard;Height of panel: 1500 mmTotal element height: 1580 mmElement width: 625 mm;Hitherm® Compact Plus 1500 Standard;Stk;
HC65+;HITHERM-Compact+ 625x1500x10 mm DD Innenschw.;123,40;Stk;1,00;;;;;Stk;
HC66;HITHERM-Compact+ 625x1500x10 mm DD/Para.;135,70;Stk;1,00;Elementbreite: 1500 mmElementhöhe: 625 mm;Hitherm® Compact Plus 1500 Parapet;Element width: 1500 mmElement height: 625 mm;Hitherm® Compact Plus 1500 Parapet;Stk;
HC66+;HITHERM-Compact+ 625x1500x10 mm DD/Para. Innenschw.;;;1,00;;;;;Stk;
HC67;HITHERM-Compact+ 625x1500x10mm DD Dachs.;145,20;Stk;1,00;Höhe der Platte: 1500 mmGesamtelementhöhe: 1580 mmElementbreite: 625 mm;Hitherm® Compact Plus 1500 Dachschräge;Height of panel: 1500 mmTotal element height: 1580 mmElement width: 625 mm;Hitherm® Compact Plus 1500 roof slope;Stk;
HC67+;HITHERM-Compact+ 625x1500x10mm DD Dachs. Innenschw.;145,20;Stk;1,00;;;;;Stk;
HC70;HITHERM-Compact+ 625x2000x10 mm DD;139,80;Stk;1,00;Höhe der Platte: 2000 mmGesamtelementhöhe: 2080 mmElementbreite: 625 mm;Hitherm® Compact Plus 2000 Standard;Height of panel: 2000 mmTotal element height: 2080 mmElement width: 625 mm;Hitherm® Compact Plus 2000 Standard;Stk;
HC70+;HITHERM-Compact+ 625x2000x10 mm DD Innenschw.;139,80;Stk;1,00;;;;;Stk;
HC71;HITHERM-COMPACT+625x2000x10mm DD/Parapet;150,70;Stk;1,00;Elementbreite: 2000 mmElementhöhe: 625 mm;Hitherm® Compact Plus 2000 Parapet;Element width: 2000 mmElement height: 625 mm;Hitherm® Compact Plus 2000 Parapet;Stk;
HC71+;HITHERM-COMPACT+625x2000x10mm DD/Parapet Innenschw.;;;1,00;;;;;Stk;
HC72;HITHERM-Compact+ 625x2000x10mm DD Dachs.;161,10;Stk;1,00;Höhe der Platte: 2000 mmGesamtelementhöhe: 2080 mmElementbreite: 625 mm;Hitherm® Compact Plus 2000 Dachschräge;Height of panel: 2000 mmTotal element height: 2080 mmElement width: 625 mm;Hitherm® Compact Plus 2000 roof slope;Stk;
HC72+;HITHERM-Compact+ 625x2000x10mm DD Dachs. Innenschw.;;;1,00;;;;;Stk;
HC75;HITHERM-Compact+ 625x2500x10 mm DD;160,70;Stk;1,00;Höhe der Platte: 2500 mmGesamtelementhöhe: 2580 mmElementbreite: 625 mm;Hitherm® Compact Plus 2500 Standard;Height of panel: 2500 mmTotal element height: 2580 mmElement width: 625 mm;Hitherm® Compact Plus 2500 Standard;Stk;
HC75+;HITHERM-Compact+ 625x2500x10 mm DD Innenschw.;;;1,00;;;;;Stk;
HC77;HITHERM-Compact+ 625x2500x10mm DD Dachs.;181,90;Stk;1,00;Höhe der Platte: 2500 mmGesamtelementhöhe: 2580 mmElementbreite: 625 mm;Hitherm® Compact Plus 2500 Dachschräge;Height of panel: 2500 mmTotal element height: 2580 mmElement width: 625 mm;Hitherm® Compact Plus 2500 roof slope;Stk;
HC77+;HITHERM-Compact+ 625x2500x10mm DD Dachs. Innenschw.;;;1,00;;;;;Stk;
HC88;XXXX HITHERM-Comp.+ 625x620x12,5mm DD Dachs.;99,63;Stk;;;;;;;
HC99;XXXXHITHERM-Compact+ 625x2000x12,5 GK mm DD;0,00;Stk;;Gipsfaserplatte, stehend;;;;;
HCS93;HITHERM-Compact 625x2000x10/Dach./o.D.;165,80;Stk;;Gipsfaserplatte, ohne Dämmung.Ausführung: Dachschrägenelement;;;;;
HCS94;HITHERM-Compact 625x620x18 mm o.D.;0,00;Stk;;Gipsfaserplatte, stehend;;;;;
HCS95;HITHERM-Compact 625x1000x18 mm o.D.;0,00;Stk;;Gipsfaserplatte, stehend;;;;;
HCS96;HITHERM-Compact 625x1500x18 mm o.D.;0,00;Stk;;Gipsfaserplatte, stehend;;;;;
HCS97;HITHERM-Compact 625x2500x18 mm o.D.;0,00;Stk;;Gipsfaserplatte, stehend;;;;;
HCS98;HITHERM-Compact 625x1500x18 mm DS o.D.;0,00;Stk;;Gipsfaserplatte, stehend;;;;;
HCS99;HITHERM-Compact 625x2000x18 mm DS o.D.;0,00;Stk;;Gipsfaserplatte, stehend;;;;;
HD05;HITHERM++ - Hochleistungsreg. 500/50 mm;0,00;Stk;;samt 1 Schiene, TGM-geprüft;;;;;
HD062;HITHERM++ - Hochleistungsreg. 620/50 mm;0,00;Stk;;samt 1 Schiene, TGM-geprüft;;;;;
HD08;HITHERM++ - Hochleistungsreg. 800/50 mm;0,00;Stk;;samt 2 Schienen, TGM-geprüft;;;;;
HD10;HITHERM++ - Hochleistungsreg. 1000/50 mm;0,00;Stk;;samt 2 Schienen, TGM-geprüft;;;;;
HD13;HITHERM++ - Hochleistungsreg. 1300/50 mm;0,00;Stk;;samt 3 Schienen, TGM-geprüft;;;;;
HD15;HITHERM++ - Hochleistungsreg. 1500/50 mm;0,00;Stk;;samt 3 Schienen, TGM-geprüft;;;;;
HD18;HITHERM++ - Hochleistungsreg. 1800/50 mm;0,00;Stk;;samt 3 Schienen, TGM-geprüft;;;;;
HD20;HITHERM++ - Hochleistungsreg. 2000/50 mm;0,00;Stk;;samt 3 Schienen, TGM-geprüft;;;;;
HD25;HITHERM++ - Hochleistungsreg. 2500/50 mm;0,00;Stk;;samt 4 Schienen, TGM-geprüft;;;;;
HD65;HITHERM++ Ovalendkappe außen rot;1,36;Stk;;;;;;;
HD66;HITHERM++ Übergangswandwinkel ov/ov DD;2,57;Stk;;;;;;;
HD69;HITHERM++ Ovalmuffe rot;1,48;Stk;;;;;;;
HD71;HITHERM++ Übergangswandwinkel ov/ru DD;1,61;Stk;;;;;;;
HD80;Hitherm++ Übergangsmuffe ov/ov;2,03;Stk;;;;;;;
HF01;HITHERM-Compact 625x620x12,5 mm;75,19;Stk;;Gipsfaserplatte, stehend;;;;;
HF02;HITHERM-Compact 625x1000x12,5 mm;76,13;Stk;;Gipsfaserplatte, stehend;;;;;
HF03;HITHERM-Compact 625x1500x12,5 mm;127,10;Stk;;Gipsfaserplatte, stehend;;;;;
HF04;HITHERM-Compact 625x2000x12,5 mm;143,50;Stk;;Gipsfaserplatte, stehend;;;;;
HF05;HITHERM-Compact 625x2500x12,5 mm;164,70;Stk;;Gipsfaserplatte, stehend;;;;;
HF06;HITHERM-Compact 625x1000x12,5 mm/Parapet;99,01;Stk;;Gipsfaserplatte, parapet;;;;;
HF07;HITHERM-Compact 625x1500x12,5 mm/Parapet;139,60;Stk;;Gipsfaserplatte, parapet;;;;;
HF08;HITHERM-Compact 625x2000x12,5 mm/Parapet;154,80;Stk;;Gipsfaserplatte, parapet;;;;;
HF09;XXXX HITHERM-Compact 625x2000x12,5 mm/Parapet;;;;;;;;;
HF10;XXXX HITHERM-Compact 625x2000x12,5 mm/Parapet;;;;;;;;;
HF11;HITHERM-Compact 625x1500x12,5mm/Dachsch.;152,40;Stk;;Gipsfaserplatte, stehendAusführung: Dachschrägenelement;;;;;
HF12;HITHERM-Compact 625x2000x12,5mm/Dachsch.;165,80;Stk;;Gipsfaserplatte, stehendAusführung: Dachschrägenelement;;;;;
HF13;HITHERM-Compact 625x2500x12,5mm/Dachsch.;190,60;Stk;;Gipsfaserplatte, stehendAusführung: Dachschrägenelement;;;;;
HF14;HITHERM-Compact 625x2000x12,5 mm/Parapet;;;;;;;;;
HF15;HITHERM-Compact 625x2000x12,5 mm/Parapet;;;;;;;;;
HF16;HITHERM-Compact 625x2000x12,5 mm/Parapet;;;;;;;;;
HF17;HITHERM-Compact 625x2000x12,5 mm/Parapet;;;;;;;;;
HF18;HITHERM-Compact 625x2000x12,5 mm/Parapet;;;;;;;;;
HF21;HITHERM-Compact+ 625x620x12,5 mm DD;77,27;Stk;;Gipsfaserplatte, stehend;;;;;
HF22;HITHERM-Compact+ 625x1000x12,5 mm DD;78,52;Stk;;Gipsfaserplatte, stehend;;;;;
HF22+;HITHERM-Compact+ 625x1000x12,5 mm DD Innenschw.;78,52;Stk;;;;;;;
HF23;HITHERM-Compact+ 625x1500x12,5 mm DD;129,60;Stk;;Gipsfaserplatte, stehend;;;;;
HF23+;HITHERM-Compact+ 625x1500x12,5 mm DD Innenschw.;129,60;Stk;;;;;;;
HF24;HITHERM-Compact+ 625x2000x12,5 mm DD;146,80;Stk;;Gipsfaserplatte, stehend;;;;;
HF25;HITHERM-Compact+ 625x2500x12,5 mm DD;168,70;Stk;;Gipsfaserplatte, stehend;;;;;
HF26;HITHERM-Compact+ 625x1000x12,mm DD/Par.;101,60;Stk;;Gipsfaserplatte, stehend;;;;;
HF27;HITHERM-Compact+ 625x1500x12,5mm DD/Par.;142,50;Stk;;Gipsfaserplatte, stehend;;;;;
HF28;HITHERM-COMPACT+ 625x2000x12,5mm DD/Par.;158,20;Stk;;;;;;;
HF29;HITHERM-Comp.+ 625x1000x12,5mm DD Dachs.;100,90;Stk;;Gipsfaserplatte, stehend;;;;;
HF29+;HITHERM-Comp.+ 625x1000x12,5mm DD Dachs. Innenschw.;100,90;Stk;;;;;;;
HF30;HITHERM-Comp.+ 625x1500x12,5mm DD Dachs.;152,50;Stk;;Gipsfaserplatte, stehend;;;;;
HF30+;HITHERM-Comp.+ 625x1500x12,5mm DD Dachs. Innenschw.;152,50;Stk;;;;;;;
HF31;HITHERM-Comp.+ 625x2000x12,5mm DD Dachs.;169,20;Stk;;Gipsfaserplatte, stehend;;;;;
HF31+;HITHERM-Comp.+ 625x2000x12,5mm DD Dachs. Innenschw.;169,20;Stk;;;;;;;
HF32;HITHERM-Comp.+ 625x2500x12,5mm DD Dachs.;191,00;Stk;;Gipsfaserplatte, stehend;;;;;
HF32+;HITHERM-Comp.+ 625x2500x12,5mm DD Dachs. Innenschw.;191,00;Stk;;;;;;;
HF50;HITHERM-Compact 625x620x15 mm;;;;Gipsfaserplatte, stehend;;;;;
HF51;HITHERM-Compact 625x1000x15 mm;79,66;Stk;;Gipsfaserplatte, stehend;;;;;
HF52;HITHERM-Compact 625x1500x15 mm;133,20;Stk;;Gipsfaserplatte, stehend;;;;;
HF53;HITHERM-Compact 625x2000x15 mm;150,20;Stk;;Gipsfaserplatte, stehend;;;;;
HF54;HITHERM-Compact 625x2500x15 mm;172,60;Stk;;Gipsfaserplatte, stehend;;;;;
HF55;HITHERM-Compact 625x1000x15mm/Parapet;103,70;Stk;;Gipsfaserplatte, parapet;;;;;
HF56;HITHERM-Compact 625x1500x15mm/Parapet;146,30;Stk;;Gipsfaserplatte, parapet;;;;;
HF57;HITHERM-Compact 625x2000x15mm/Parapet;162,20;Stk;;Gipsfaserplatte, parapet;;;;;
HF59;HITHERM-Compact 625x1000x15mm/Dachschräg;100,10;Stk;;Gipsfaserplatte, stehendAusführung: Dachschrägenelement;;;;;
HF60;HITHERM-Compact 625x1500x15mm/Dachschräg;156,70;Stk;;;;;;;
HF61;HITHERM-Compact 625x2000x15mm/Dachschräg;0,01;Stk;;Gipsfaserplatte, stehendAusführung: Dachschrägenelement;;;;;
HF62;HITHERM-Compact 625x2500x15mm/Dachschräg;195,90;Stk;;;;;;;
HG01;HITHERM-Compact 625x620x12,5mm GK;73,74;Stk;;Gipskartonplatte, stehend;;;;;
HG02;HITHERM-Compact 625x1000x12,5mm GK;74,67;Stk;;Gipskartonplatte, stehend;;;;;
HG03;HITHERM-Compact 625x1500x12,5mm GK;124,70;Stk;;Gipskartonplatte, stehend;;;;;
HG04;HITHERM-Compact 625x2000x12,5mm GK;140,70;Stk;;Gipskartonplatte, stehend;;;;;
HG05;HITHERM-Compact 625x2500x12,5mm GK;161,60;Stk;;Gipskartonplatte, stehend;;;;;
HG06;HITHERM-Compact 625x1000x12,5mm GK/Parap;97,14;Stk;;Gipskartonplatte, parapet;;;;;
HG07;HITHERM-Compact 625x1500x12,5 GK/Parap.;136,90;Stk;;Gipskartonplatte, parapet;;;;;
HG08;HITHERM-Compact 625x2000x12,5 GK/Parap;151,90;Stk;;Gipskartonplatte, parapet;;;;;
HG11;HITHERM-Comp.625x1500x12,5mm GK/Dachschr;146,70;Stk;;;;;;;
HG12;HITHERM-Comp. 625x2000x12,5mmGK/Dachschr;162,60;Stk;;;;;;;
HG13;HITHERM-Comp. 625x2500x12,5mmGK Dachsch.;183,40;Stk;;Gipsfaserplatte, stehendAusführung: Dachschrägenelement;;;;;
HG22+;HITHERM-Compact+  625x1000x12,5mm GK Innens.;77,20;Stk;;;;;;;
HG23+;HITHERM-Compact+  625x1500x12,5mm GK Innens.;127,10;Stk;;;;;;;
HG24+;HITHERM-Compact+  625x2000x12,5mm GK Innens.;144,00;Stk;;;;;;;
HG50;HITHERM-Compact 625x620x15 mm GK;75,82;Stk;;Gipskartonplatte, stehend;;;;;
HG51;HITHERM-Compact 625x1000x15 mm GK;76,86;Stk;;Gipskartonplatte, stehend;;;;;
HG52;HITHERM-Compact 625x1500x15 mm GK;128,40;Stk;;Gipskartonplatte, stehend;;;;;
HG53;HITHERM-Compact 625x2000x15 mm GK;144,80;Stk;;Gipskartonplatte, stehend;;;;;
HG54;HITHERM-Compact 625x2500x15 mm GK;166,20;Stk;;Gipskartonplatte, stehend;;;;;
HG55;HITHERM-Compact 625x1000x15mm GK/Parapet;99,94;Stk;;Gipskartonplatte, parapet;;;;;
HG56;HITHERM-Compact 625x1500x15mm GK/Parapet;141,00;Stk;;Gipskartonplatte, parapet;;;;;
HG57;HITHERM-Compact 625x2000x15mm GK/Parapet;156,30;Stk;;Gipskartonplatte, parapet;;;;;
HG60;HITHERM-Compact 625x1500x15mm/DS GK;151,00;Stk;;Ausführung: Dachschrägenelement;;;;;
HG61;HITHERM-Compact 625x2000x15mm / DS GK;167,40;Stk;;Ausführung: Dachschrägenelement;;;;;
HG62;HITHERM-Compact 625x2500x15 mm / DS GK;189,00;Stk;;;;;;;
HG72+;HITHERM-Compact+  625x1000x15mm GK Innens.;79,40;Stk;;;;;;;
HG74+;HITHERM-Compact+  625x2000x15mm GK Innens.;148,20;Stk;;;;;;;
HG77+;HITHERM-Compact+ 625x1500x15mm GK/Parapet Innens.;143,90;Stk;;;;;;;
HG81;HITHERM-Compact 625x1000x18 mm GK;84,66;Stk;;Gipsfaserplatte, stehend;;;;;
HG82;HITHERM-Compact 625x1500x18 mm GK;141,50;Stk;;Gipsfaserplatte, stehend;;;;;
HG83;HITHERM-Compact 625x2000x18 mm GK;159,70;Stk;;Gipsfaserplatte, stehend;;;;;
HI05;HITHERM-Hochleistungsregister 500/50 mm;31,40;Stk;13,00;inkl. 1 Befestigungsschiene;Hitherm® Hochleistungsregister 500 mm;incl. 1 fixing rail;Hitherm® high-capacity register  500 mm;Stk;
HI06;HITHERM-Standardregister 500/100 mm;28,20;Stk;13,00;inkl. 1 Befestigungsschiene;Hitherm® Leistungsregister 500 mm;incl. 1 fixing rail;Hitherm® standard register  500 mm;Stk;
HI10;HITHERM-Hochleistungsregister 1000/50 mm;36,60;Stk;13,00;inkl. 2 Befestigungsschienen;Hitherm® Hochleistungsregister 1000 mm;incl. 2 fixing rail;Hitherm® high-capacity register 1000 mm;Stk;
HI11;HITHERM-Standardregister 1000/100 mm;33,20;Stk;13,00;inkl. 2 Befestigungsschienen;Hitherm® Leistungsregister 1000 mm;incl. 2 fixing rail;Hitherm® standard register  1000 mm;Stk;
HI15;HITHERM-Hochleistungsregister 1500/50 mm;47,50;Stk;13,00;inkl. 3 Befestigungsschienen;Hitherm® Hochleistungsregister 1500 mm;incl. 3 fixing rail;Hitherm® high-capacity register 1500 mm;Stk;
HI16;HITHERM-Standardregister 1500/100 mm;39,90;Stk;13,00;inkl. 3 Befestigungsschienen;Hitherm® Leistungsregister 1500 mm;incl. 3 fixing rail;Hitherm® standard register  1500 mm;Stk;
HI20;HITHERM-Hochleistungsregister 2000/50 mm;58,70;Stk;13,00;inkl. 3 Befestigungsschienen;Hitherm® Hochleistungsregister 2000 mm;incl. 3 fixing railn;Hitherm® high-capacity register  2000 mm;Stk;
HI21;HITHERM-Standardregister 2000/100 mm;43,90;Stk;13,00;inkl. 3 Befestigungsschienen;Hitherm® Leistungsregister 2000 mm;incl. 3 fixing rail;Hitherm® standard register  2000 mm;Stk;
HI25;HITHERM-Hochleistungsregister 2500/50 mm;72,60;Stk;13,00;inkl. 4 Befestigungsschienen;Hitherm® Hochleistungsregister 2500 mm;incl. 4 fixing rail;Hitherm® high-capacity register  2500 mm;Stk;
HI26;HITHERM-Standardregister 2500/100 mm;50,10;Stk;13,00;inkl. 4 Befestigungsschienen;Hitherm® Leistungsregister 2500 mm;incl. 4 fixing rail;Hitherm® standard register  2500 mm;Stk;
HI30;HITHERM-Hochleistungsregister 3000/50 mm;86,00;Stk;13,00;inkl. 4 Befestigungsschienen;Hitherm® Hochleistungsregister 3000 mm;incl. 4 fixing rail;Hitherm® high-capacity register 3000 mm;Stk;
HI31;HITHERM-Standardregister 3000/100 mm;59,07;Stk;;samt 4 Schienen, TGM-geprüft;;;;;
HI35;HITHERM-Hochleistungsregister 3500/50 mm;104,00;Stk;;inkl. 5 Befestigungsschienen;;;;;
HI36;HITHERM-Standardregister 3500/100 mm;0,00;Stk;;samt 5 Befestigungsschienen, TGM-geprüft;;;;;
HI37;HITHERM-Hochleistungsregister 4000/50 mm;118,80;Stk;;inkl. 5 Befestigungsschienen;;;;;
HI38;HITHERM-Standardregister 4000/100 mm;88,82;Stk;;inkl. Befestigungsschienen;;;;;
HI39;HITHERM-Hochleistungsregister 4500/50 mm;133,20;Stk;;mit 6 Stück Befestigungsschienen;;;;;
HI40;Dübelhaken einfach;0,32;Stk;50,00;Verpackungseinheit: 50 Stk.;Dübelhaken einfach;Packaging unit: 50 pieces;Fastening hook, simple;Stk;
HI41;Armierungsgewebe (mø);2,74;m2;50,00;Spezialgewebe für Wandheizungen, VPE: 50 m²;Armierungsgewebe;Special tape for wall heatings, PU: 50 m²;Reinforcing tape;m2;
HI42;Mörtelkomponente PM 6 (kg);23,10;Kg;5,00;zur Verbesserung der mechanischen und thermischen Mörteleigenschaften, flüssig, per m² ca. 0,3 lfür händisch gemischte Putze, nicht für Fertigputzmörtel (Sack- oder Siloware)Verpackungseinheit: 5 kg;Harreither Klimawand- Mörtelkomponente;For improving the mechanical and thermal mortar properties, liquid, approx. 0.3 l per m²for manually mixed plasters, not for ready-mixed plaster mortar (bagged goods or bulk goods)Packaging unit: 5 kg;Harreither climatic wall mortar componen;kg;
HI43;Wärmeleitlamellen 500x485x1;17,00;Stk;;;500x485 mm;;500x485 mm;;
HI44;Wärmeleitlamellen 250x485x1;13,60;Stk;;;250x485 mm;;250x485 mm;;
HI46;HITHERM-Standardregister 4500/100 mm;0,00;Stk;;samt 6 Befestigungsschienen, TGM geprüft;;;;;
HI47;HITHERM-Hochleistungsregister 5000/50 mm;149,10;Stk;;mit 6 Stück Befestigungsschienen;;;;;
HI48;HITHERM-Standardregister 5000/100 mm;111,00;Stk;;mit 6 Stück Befestigungsschienen;;;;;
HI51;Sicherheitsrohr 21x2,4, grau, H;2,65;Lfm;100,00;VPE: 100 lfm;Stange zu 5 lfm;PU: 100 linear metres;Bars with 5 linear metres each;lfm;
HI52;Sicherheitsrohr 21x2,4 (H) Rolle 200 lfm;2,65;Lfm;200,00;VPE: 200 lfm;in Rollen;PU: 200 linear metres;in rolls;lfm;
HI53;Reparatur-Endkappe Ý 10 mm grau;5,71;Stk;5,00;für Hitherm grauVerpackungseinheit: 5 Stück;PP-R-Endkappe ø 10 mm;For Hitherm greyPackaging unit: 5 pieces;PP-R end cap ø 10 mm;Stk;
HI54;Reparatur-Muffe Ý 10 mm;5,71;Stk;5,00;für Hitherm grauVerpackungseinheit: 5 Stück;PP-R-Schweißmuffe ø 10 mm;For Hitherm greyPackaging unit: 5 pieces;PP-R welding sleeve ø 10 mm;Stk;
HI55;PP-R Schweißmuffe Ý 21;1,36;Stk;50,00;für Modul-Anschlußrohr, PP-R grauVPE: 50 Stk.;MODUL-Muffe, ø 21 mm;for Modul connecting pipe, PP-R greyPU: 50 pieces;MODUL sleeve, ø 21 mm;Stk;
HI56;PP-R Schweißwinkel Ý 21,90°;1,61;Stk;50,00;für Verteileranschluss und AnbindeleitungPP-R grau, VPE: 50 Stk.;MODUL-Winkel 90°, ø 21 mm;for manifold connection and connecting pipePP-R grey, PU: 50 pieces;MODUL elbow 90°, ø 21 mm;Stk;
HI57;PP-R Schweißwinkel Ý 21, 45°;1,61;Stk;20,00;vornehmlich für Anbindeleitung, PP-R grauVPE: 20 Stk.;MODUL- Winkel 45°, ø 21 mm;preferably for connecting pipe, PP-R greyPU: 20 pieces;MODUL elbow 45°, ø 21 mm;Stk;
HI58;PP-R Schweißkappe Ý 21;1,36;Stk;50,00;PP-R grauVPE: 50 Stk.;MODUL- Kappe, ø 21 mm;PP-R greyPU: 50 pieces;MODUL cap, ø 21 mm;Stk;
HI60;HITHERM-PP-R Sicherheitsrohr 24x17x3/2,5;2,83;Lfm;100,00;in ovaler Ausführung, grauStange zu 5 lfmVPE: 100 lfm;Hitherm® PP-R Sicherheitsrohr 24/17x3/2,;Oval configuration, greyBar with 5 linear metres eachPU: 100 linear metres;Hitherm® PP-R safety tube 24 / 17x 3 / 2;lfm;
HI61;HITHERM-PP-R grau 24x17x3/2,5 Rolle 200m;2,83;Lfm;;ovale Ausführung,;;;;;
HI65;HITHERM-Ovalendkappe;1,36;Stk;20,00;grau VPE: 20 Stk.;Hitherm® PP-R Ovalendkappe 24x17 mm;Grey PU: 20 pieces.;Hitherm® PP-R oval end cap 24 x 17 mm;Stk;
HI66;HITHERM-PP-R Wandwinkel oval/oval;2,35;Stk;10,00;oval auf oval, grauÜbergang vertikal/horizontalVPE: 10 Stk.;Hitherm® PP-R Wandwinkel 24x17 mm;Oval on oval, greyTransition vertical/horizontalPU: 10 pieces;Hitherm® PP-R wall elbow 24 x 17 mm;Stk;
HI67;HITHERM-PP-R Eckwinkel oval/oval;2,35;Stk;10,00;oval auf oval, grauVPE: 10 Stk.;Hitherm® PP-R Eckwinkel 24x17 mm;Oval on oval, greyPU: 10 pieces;Hitherm® PP-R corner elbow 24 x 17 mm;Stk;
HI68;HITHERM-PP-R Bodenwinkel oval/rund Ý 21;2,35;Stk;10,00;oval auf rund, grauVerpackungseinheit: 10 Stk.;Hitherm® PP-R Bodenwinkel 24x17/ø 21 mm;Oval on round, greyPackaging unit: 10 pieces;Hitherm® PP-R floor elbow 24 x 17 / ø 21;Stk;
HI69;HITHERM-PP-R Ovalmuffe;1,48;Stk;10,00;grauVerpackungseinheit: 10 Stk.;Hitherm® PP-R Ovalmuffe 24x17 mm;GreyPackaging unit: 10 pieces.;Hitherm® PP-R oval sleeve 24 x 17 mm;Stk;
HI70;HITHERM-PP-R Übergangsmuffe oval/rund;1,80;Stk;10,00;oval auf rund, grauVerpackungseinheit: 10 Stk.;Hitherm® PP-R Übergangsmuffe 24x17/ø 21;Oval on round, greyPackaging unit: 10 pieces;Hitherm® PP-R transition sleeve 24 x 17/;Stk;
HI71;HITHERM-PP-R Übergangswinkel 90° ov/rund;2,35;Stk;10,00;oval auf rund, grau für SonderanwendungenVerpackungseinheit: 10 Stk.;Hitherm® PP-R Übergangswinkel 90°  24x17;Oval on round, grey for special applicationsPackaging unit: 10 pieces;Hitherm® PP-R transition elbow 90° 24 x;Stk;
HI79;Sicherheitsrohr 21x2,4,grau,3 lfm/Stange;2,82;Lfm;;;;;;;
HI80;HITHERM-REPARATUR-AUFSCHWEISSTEIL;5,52;Stk;;für Ovalsammler;Reparatur-Aufschweißteil;for oval manifold;Weld-on part for repairs;;
HI81;ECOTHERM-REPARATUR-AUFSCHWEISSTEIL;5,52;Stk;;für geringfügige Reparaturen am Anbinderohr ø 21 mm;Reperatur-Aufschweißteil;for minor repairs on the connecting pipe ø 21 mm;Weld-on part for repairs;;
HI99;Dübelhaken doppelt/grün;0,00;Stk;;;;;;;
HM01;HISAN Muffe Ý 16 mm;1,13;Stk;20,00;;;;;Stk;
HM01Sy;HISAN-Muffe Ý 16 mm;1,13;Stk;;;;;;;
HM02;HISAN-Muffe Ý 20 mm;1,16;Stk;20,00;;;;;Stk;
HM03;HISAN-Muffe Ý 25 mm;1,61;Stk;20,00;;;;;Stk;
HM04;HISAN-Muffe Ý 32 mm;1,93;Stk;10,00;;;;;Stk;
HM05;HISAN-Muffe Ý 40 mm;3,32;Stk;;;;;;;
HM06;HISAN-Muffe Ý 50 mm;6,88;Stk;5,00;;;;;Stk;
HM06Sy;HISAN-Muffe Ý 50 mm;6,88;Stk;;;;;;;
HM07;HISAN-Muffe Ý 63 mm;9,48;Stk;1,00;;;;;Stk;
HM08;HISAN-Muffe Ý 75 mm;13,00;Stk;1,00;;;;;Stk;
HM09;Muffe Ý 90 mm (PN 10);12,69;Stk;;;;;;;
HM11;HISAN-Reduktionsmuffe Ý 20/16 mm;1,21;Stk;20,00;;;;;Stk;
HM12;HISAN-Reduktionsmuffe Ý 25/16 mm;1,49;Stk;20,00;;;;;Stk;
HM12NeSo;HISAN-Reduktionsmuffe Ý 25/16 mm sonder;1,49;Stk;;;;;;;
HM13;HISAN-Reduktionsmuffe Ý 25/20 mm;1,49;Stk;20,00;;;;;Stk;
HM14;HISAN-Reduktionsmuffe Ý 32/20 mm;1,62;Stk;10,00;;;;;Stk;
HM15;HISAN-Reduktionsmuffe Ý 32/25 mm;1,62;Stk;10,00;;;;;Stk;
HM16;HISAN-Reduktionsmuffe Ý 40/20 mm;3,41;Stk;5,00;;;;;Stk;
HM16Sy;HISAN-Reduktionsmuffe Ý 40/20 mm;3,41;Stk;;;;;;;
HM17;HISAN-Reduktionsmuffe Ý 40/25 mm;3,41;Stk;5,00;;;;;Stk;
HM17Ra;HISAN-Reduktionsmuffe Ý 40/25 mm;3,41;Stk;;;;;;;
HM18;HISAN-Reduktionsmuffe Ý 40/32 mm;3,41;Stk;5,00;;;;;Stk;
HM19;HISAN-Reduktionsmuffe Ý 50/20 mm;5,44;Stk;5,00;;;;;Stk;
HM19Ra;HISAN-Reduktionsmuffe Ý 50/20 mm;5,44;Stk;;;;;;;
HM20;HISAN-Reduktionsmuffe Ý 50/25 mm;5,44;Stk;5,00;;;;;Stk;
HM20Ra;HISAN-Reduktionsmuffe Ý 50/25 mm;5,44;Stk;;;;;;;
HM20Sy;HISAN-Reduktionsmuffe Ý 50/25 mm;5,44;Stk;;;;;;;
HM21;HISAN-Reduktionsmuffe Ý 50/32 mm;5,44;Stk;5,00;;;;;Stk;
HM21Ra;HISAN-Reduktionsmuffe Ý 50/32 mm;5,44;Stk;;;;;;;
HM22;HISAN-Reduktionsmuffe Ý 50/40 mm;5,44;Stk;5,00;;;;;Stk;
HM22Ra;HISAN-Reduktionsmuffe Ý 50/40 mm;5,44;Stk;;;;;;;
HM23;HISAN-Reduktionsmuffe Ý 63/25 mm;8,85;Stk;1,00;;;;;Stk;
HM23Ra;HISAN-Reduktionsmuffe Ý 63/25 mm;8,85;Stk;;;;;;;
HM24;HISAN-Reduktionsmuffe Ý 63/32 mm;8,85;Stk;1,00;;;;;Stk;
HM24Ra;HISAN-Reduktionsmuffe Ý 63/32 mm;8,85;Stk;;;;;;;
HM25;HISAN-Reduktionsmuffe Ý 63/40 mm;8,85;Stk;1,00;;;;;Stk;
HM25Ra;HISAN-Reduktionsmuffe Ý 63/40 mm;8,85;Stk;;;;;;;
HM25Sy;HISAN-Reduktionsmuffe Ý 63/40 mm;8,85;Stk;;;;;;;
HM26;HISAN-Reduktionsmuffe Ý 63/50 mm;8,85;Stk;1,00;;;;;Stk;
HM27;HISAN-Reduktionsmuffe £ 75/25 mm;11,40;Stk;1,00;;;;;Stk;
HM28;HISAN-Reduktionsmuffe Ý 75/40 mm;11,40;Stk;1,00;;;;;Stk;
HM29;HISAN-Reduktionsmuffe Ý 75/50 mm;11,40;Stk;1,00;;;;;Stk;
HM30;HISAN-Reduktionsmuffe Ý 75/63 mm;11,40;Stk;1,00;;;;;Stk;
HM30Sy;HISAN-Reduktionsmuffe Ý 75/63 mm;11,40;Stk;;;;;;;
HM31;HISAN-Reduktionsmuffe Ý 90/75 mm;0,00;Stk;;;;;;;
HM32;HISAN-Reduktionsmuffe Ý 90/63 mm;0,00;Stk;;;;;;;
HM42;HISAN-Elektromuffen Ý 20 mm;21,60;Stk;10,00;;;;;Stk;
HM43;HISAN-Elektromuffen Ý 25 mm;26,00;Stk;10,00;;;;;Stk;
HM44;HISAN-Elektromuffen Ý 32 mm;27,40;Stk;5,00;;;;;Stk;
HM45;HISAN-Elektromuffen Ý 40 mm;33,20;Stk;5,00;;;;;Stk;
HM46;HISAN-Elektromuffen Ý 50 mm;37,90;Stk;5,00;;;;;Stk;
HM47;HISAN-Elektromuffen Ý 63 mm;42,10;Stk;1,00;;;;;Stk;
HM48;HISAN-Elektromuffen Ý 75 mm;52,50;Stk;1,00;;;;;Stk;
HM49;HISAN-Elektromuffen Ý 90 mm;43,99;Stk;;;;;;;
HP05;Hitherm+ Hochleistungsreg. 500/750 mm;50,10;Stk;10,00;inkl. 1 Befestigungsschiene;Hitherm®Plus Hochleistungsregister 500 m;incl. 1 fixing rail;Hitherm® Plus high-capacity register 500;Stk;
HP10;Hitherm+ Hochleistungsreg. 1000/750 mm;58,40;Stk;10,00;inkl. 2 Befestigungsschienen;Hitherm®Plus Hochleistungsregister 1000;incl. 2 fixing rail;Hitherm® Plus high-capacity register 100;Stk;
HP15;Hitherm+ Hochleistungsreg. 1500/750 mm;75,90;Stk;10,00;inkl. 3 Befestigungsschienen;Hitherm®Plus Hochleistungsregister 1500;incl. 3 fixing rail;Hitherm® Plus high-capacity register 150;Stk;
HP20;Hitherm+ Hochleistungsreg. 2000/750 mm;93,60;Stk;10,00;inkl. 3 Befestigungsschienen;Hitherm®Plus Hochleistungsregister 2000;incl. 3 fixing rail;Hitherm® Plus high-capacity register 200;Stk;
HP25;Hitherm+ Hochleistungsreg. 2500/750 mm;116,00;Stk;10,00;inkl. 4 Befestigungsschienen;Hitherm®Plus Hochleistungsregister 2500;incl. 4 fixing rail;Hitherm® Plus high-capacity register 250;Stk;
HP30;Hitherm+ Hochleistungsreg. 3000/750 mm;137,30;Stk;30,00;inkl. 4 BefestigungsschienenAnfertigung auf Bestellung ;Hitherm®Plus Hochleistungsregister 3000;incl. 4 fixing railsManufactured on request ;Hitherm® Plus high-capacity register 300;Stk;
HP40;Hitherm+ Hochleistungsreg. 4000/750 mm;182,32;Stk;;;;;;;
HR51;Hitherm+ Sicherheitsrohr 21 x 2,4 mm;2,71;Lfm;100,00;in sauerstoffdichter Ausführung für Anbindeleitungen,Material: PP-R, rotStange zu 5 Lfm.VPE: 100 Lfm.;Hitherm®Plus Sicherheitsrohr ø 21 x 2,4;oxygen-tight design for connecting pipes,Material: PP-R, redBars with 5 linear metres eachPU: 100 linear metres;Hitherm® Plus safety pipe ø 21 x 2.4 mm,;lfm;
HR52;Hitherm+ Sicherheitsr.21x2,4mm(200lfm/R);2,44;Lfm;;in sauerstoffdichter Ausführung für Anbindeleitungen,Material: PP-R, rotin Rollen: VPE: 200 Lfm;Hitherm® PP-R Sicherheitsrohr 21 x 2,4 m;in sauerstoffdichter Ausführung für Anbindeleitungen,Material: PP-R, rotin Rollen: VPE: 200 Lfm;Hitherm® PP-R Sicherheitsrohr 21 x 2,4 m;;
HR53;Hitherm+ Sicherheitsr. 21x2,4mm 3lfm/St.;2,71;Lfm;;;;;;;
HR55;Hitherm+ Schweißmuffe 21 mm;1,36;Stk;50,00;für Innenschweißung der Verbindungsleitungen,Material: PP-R, rotVPE: 50 Stk;Euroval® (u. Hitherm®Plus)Schweißmuffe;for internal welding of the connecting pipes,Material: PP-R, redPU: 50 pieces;Euroval® (and Hitherm® Plus)welding sl;Stk;
HR56;Hitherm+ Winkel 90° 21mm;1,61;Stk;50,00;für Innenschweißung der Verbindungsleitungen,Material: PP-R, rotVPE: 50 Stk.;Hitherm®Plus Winkel 90° 21mm;for internal welding of the connecting pipes,Material: PP-R, redPU: 50 pieces;Hitherm® Plus elbow 90° 21 mm;Stk;
HR57;Hitherm+ Winkel 135° 21mm;1,61;Stk;10,00;für Innenschweißung der Verbindungsleitungen,Material: PP-R, rotVPE: 10 Stk.;Hitherm®Plus Winkel 135° 21mm;for internal welding of connecting pipes,Material: PP-R, redPU: 10 pieces;Hitherm® Plus elbow 135°, 21 mm;Stk;
HR58;Hitherm+ Endkappe 21mm;1,35;Stk;;;;;;;
HR60;Hitherm+ Sicherheits - Ovalrohr;2,85;Lfm;100,00;Dimension: 24/17 x 3/2 mm,ident mit Euroval - Rohr,Material: PP-R, rotStange zu 5 Lfm,VPE: 100 Lfm.;Hitherm®Plus Sicherheits- Ovalrohr ins;Dimension: 24/17 x 3/2 mm,Identical with Euroval pipe,Material: PP-R, redBar with 5 linear metres,PU: 100 linear metres;Hitherm® Plus safety oval pipein oxyge;lfm;
HR65;Hitherm+ Endkappe oval;1,58;Stk;10,00;für sicheren Verschluß von Hitherm®Plus Sammlerndurch Polyfusionsschweißung, güteüberwachtMaterial: PP-R, rotVPE: 10 Stk.;Hitherm®Plus Endkappe oval;for securely sealing Hitherm® Plus manifolds by polyfusion welding, quality monitoredMaterial: PP-R, redPU: 10 pieces;Hitherm® Plus oval end cap;Stk;
HR66;Hitherm+ Wandwinkel 90° oval/oval kurz;2,80;Stk;10,00;;;;;Stk;
HR67;Hitherm+ Eckwinkel 90° oval/oval;2,80;Stk;10,00;;;;;Stk;
HR68;Hitherm+ Winkel 135° oval/oval stehend;2,80;Stk;10,00;für Rohrverbindung im Polyfusions- schweißverfahren, güteüberwacht,inkl. Stützhülsen für Ovalrohr 24/17 x 3/2 mm,Material: PP-R, rotVPE: 10 Stk.;Hitherm®Plus Winkel 135° oval/oval stehe;for connecting pipes by means of polyfusion welding, quality monitored, incl. reinforcing sleeves for oval pipe 24/17 x 3/2 mm,Material: PP-R, redPU: 10 pieces;Hitherm® Plus elbow 135° oval/oval verti;Stk;
HR69;Hitherm+ Übergangswinkel 90° r/o stehend;2,57;Stk;10,00;als Übergangswinkel von z.B. vertikalen Ovalrohren 24/17 (innen) auf horizontale Anbindeleitungen rund ø 21x2,5 mm, beidseitig als Innenschweißung, güteüberwacht,inkl. Stützhülse für Ovalrohr 24/17 x 3/2 mm,Material: PP-R, rotVPE: 10 Stk.;Hitherm®Plus Übergangswinkel 90° rund/ov;as transition elbow, for example of vertical oval tubes 24/17 (inside) and horizontal connecting lines round ø 21x2.5 mm, internally welded on both sides,quality monitored, incl. reinforcing sleeve for oval pipe 24/17 x 3/2 mm,Material: PP-R, redPU:;Hitherm® Plus transition elbow 90° round;Stk;
HR70;Hitherm+ Übergangsmuffe (innen-innen);2,03;Stk;10,00;für Übergang Ovalrohr 24/17 x 3/2 mm auf Rundrohr 21 mm (innen - innen), schweißbar, güteüberwacht,inkl. Stützhülsen für Ovalrohr 24/17 x 3/2 mm,Material: PP-R, rotVPE: 10 Stk.;Euroval® (u. Hitherm®Plus)Übergangsmuf;for transition oval pipe 24/17 x 3/2 mm on round pipe21 mm (inside - inside), weldable, quality monitored,incl. reinforcing sleeves for oval pipe 24/17 x 3/2 mm,Material: PP-R, redPU: 10 pieces;Euroval® (and Hitherm® Plus)transition;Stk;
HR75;Hitherm+ Muffe 10mm rund/rund;5,71;Stk;5,00;für Hitherm grauVerpackungseinheit: 5 Stück;PP-R-Schweißmuffe ø 10 mm;für Hitherm grauVerpackungseinheit: 5 Stück;PP-R-Schweißmuffe ø 10 mm;Stk;
HR76;Hitherm+ Endkappe 10mm;5,71;Stk;5,00;für Hitherm grauVerpackungseinheit: 5 Stück;PP-R-Endkappe ø 10 mm;für Hitherm grauVerpackungseinheit: 5 Stück;PP-R-Endkappe ø 10 mm;Stk;
HR90;Hitherm+ Wandwinkel Compact 90° oval/oval lang;;;;;;;;;
HS01;HISAN Rohr PN 20 16x2,7 mm;2,24;Lfm;100,00;;;;;lfm;
HS02;HISAN Rohr PN 20 20x3,4 mm;2,70;Lfm;100,00;;;;;lfm;
HS03;HISAN Rohr PN 20 25x4,2 mm;4,65;Lfm;100,00;;;;;lfm;
HS04;HISAN Rohr PN 20 32x5,4 mm;7,37;Lfm;50,00;;;;;lfm;
HS05;HISAN Rohr PN 20 40x6,7 mm;11,20;Lfm;50,00;;;;;lfm;
HS06;HISAN Rohr PN 20 50x8,4 mm;15,20;Lfm;25,00;;;;;lfm;
HS07;HISAN Rohr PN 20 63x10,5 mm;23,70;Lfm;20,00;;;;;lfm;
HS08;HISAN Rohr PN 20 75x12,5 mm;34,50;Lfm;5,00;;;;;lfm;
HS11;HISAN Rohr PN 25 20x4 mm;;;100,00;;;;;lfm;
HS12;HISAN Rohr PN 25 25x5 mm;;;100,00;;;;;lfm;
HS13;HISAN Rohr PN 25 32x6,4 mm;;;50,00;;;;;lfm;
HS14;HISAN Rohr PN 25 40x8 mm;;;50,00;;;;;lfm;
HS21;HISAN Alu-Rohr PN 20 20x3,4 mm;6,01;Lfm;100,00;;;;;lfm;
HS22;HISAN Alu-Rohr PN 20 25x4,2 mm;8,49;Lfm;100,00;;;;;lfm;
HS23;HISAN Alu-Rohr PN 20 32x5,4 mm;12,10;Lfm;60,00;;;;;lfm;
HS24;HISAN Alu-Rohr PN 20 40x6,7 mm;17,60;Lfm;40,00;;;;;lfm;
HS25;HISAN Alu-Rohr PN 20 50x8,4;28,60;Lfm;40,00;;;;;lfm;
HS26;HISAN Alu-Rohr PN 20 63x10,5;;;40,00;;;;;lfm;
HS27;HISAN Alu-Rohr PN 20 75x12,5;52,31;Lfm;;;;;;;
HS31;HISAN Rohr PN 10 16x2 mm;2,13;Lfm;100,00;;;;;lfm;
HS32;HISAN Rohr PN 10 20x2,5 mm;2,30;Lfm;100,00;;;;;lfm;
HS33;HISAN Rohr PN 10 25x2,7 mm;3,11;Lfm;100,00;;;;;lfm;
HS34;HISAN Rohr PN 10 32x3,0 mm;4,36;Lfm;50,00;;;;;lfm;
HS35;HISAN Rohr PN 10 40x3,7 mm;6,65;Lfm;50,00;;;;;lfm;
HS36;HISAN Rohr PN 10 50x4,6 mm;10,80;Lfm;25,00;;;;;lfm;
HS37;HISAN Rohr PN 10 63x5,8 mm;17,40;Lfm;25,00;;;;;lfm;
HS38;HISAN Rohr PN 10 75x6,8 mm;22,67;Lfm;;;;;;;
HS41;HISAN-Endkappe Ý 16 mm;1,21;Stk;20,00;;;;;Stk;
HS41Sy;HISAN-Endkappe Ý 16 mm;1,21;Stk;;;;;;;
HS42;HISAN-Endkappe Ý 20 mm;1,33;Stk;20,00;;;;;Stk;
HS42Sy;HISAN-Endkappe Ý 20 mm;1,33;Stk;;;;;;;
HS43;HISAN-Endkappe Ý 25 mm;1,64;Stk;20,00;;;;;Stk;
HS43Sy;HISAN-Endkappe Ý 25 mm;1,64;Stk;;;;;;;
HS44;HISAN-Endkappe Ý 32 mm;2,02;Stk;10,00;;;;;Stk;
HS44Ra;HISAN-Endkappe Ý 32 mm;2,02;Stk;;;;;;;
HS44Sy;HISAN-Endkappe Ý 32 mm;2,02;Stk;;;;;;;
HS45;HISAN-Endkappe Ý 40 mm;3,87;Stk;5,00;;;;;Stk;
HS45Ra;HISAN-Endkappe Ý 40 mm;3,87;Stk;;;;;;;
HS45Sy;HISAN-Endkappe Ý 40 mm;3,87;Stk;;;;;;;
HS46;HISAN-Endkappe Ý 50 mm;6,88;Stk;5,00;;;;;Stk;
HS46Ra;HISAN-Endkappe Ý 50 mm;6,88;Stk;;;;;;;
HS46Sy;HISAN-Endkappe Ý 50 mm;6,88;Stk;;;;;;;
HS47;HISAN-Endkappe Ý 63 mm;8,98;Stk;1,00;;;;;Stk;
HS47Ra;HISAN-Endkappe Ý 63 mm;8,98;Stk;;;;;;;
HS48;HISAN-Endkappe Ý 75 mm;12,60;Stk;1,00;;;;;Stk;
HS48Ra;HISAN-Endkappe Ý 75 mm;12,60;Stk;;;;;;;
HS49;HISAN-Endkappe Ý 90 mm;0,00;Stk;;;;;;;
HS50;HISAN-Endkappe Ý 110 mm (PN 10);0,00;Stk;;;;;;;
HS51;HISAN-Überspringbogen Ý 16 mm;4,54;Stk;1,00;;;;;Stk;
HS51Ra;HISAN-Überspringbogen Ý 16 mm;4,54;Stk;;;;;;;
HS51Sy;HISAN-Überspringbogen da 16;4,54;Stk;;;;;;;
HS52;HISAN-Überspringbogen Ý 20 mm;5,38;Stk;1,00;;;;;Stk;
HS53;HISAN-Überspringbogen Ý 25 mm;5,93;Stk;1,00;;;;;Stk;
HS53Ra;HISAN-Überspringbogen Ý 25 mm;5,93;Stk;;;;;;;
HS54;HISAN-Überspringbogen Ý 32 mm;6,77;Stk;1,00;;;;;Stk;
HS55;HISAN ÜBERSPRINGBOGEN Ý 40 mm;8,84;Stk;;;;;;;
HS55Ra;HISAN ÜBERSPRINGBOGEN Ý 40 mm;8,84;Stk;;;;;;;
HS61;HISAN-PPR-Kugelhahn 20;8,65;Stk;1,00;;;;;Stk;
HS62;HISAN-PPR-Kugelhahn 25;12,00;Stk;1,00;;;;;Stk;
HS63;HISAN-PPR-Kugelhahn 32;15,30;Stk;1,00;;;;;Stk;
HS64;HISAN-PPR-Kugelhahn 40;30,20;Stk;1,00;;;;;Stk;
HS66;DICHTUNG für HOLLÄNDER 20x1;0,00;Stk;;;;;;;
HS67;DICHTUNG für HOLLÄNDER 25x5/4;1,26;Stk;;;;;;;
HS68;DICHTUNG für HOLLÄNDER 32x6/4;0,25;Stk;;;;;;;
HS69;DICHTUNG für HOLLÄNDER 40x2;0,00;Stk;;;;;;;
HS71;HISAN-Kunststoffholländerteil DA 20;9,48;Stk;10,00;mit Messingverschraubung 20x1 AGund Dichtung;;;;Stk;
HS72;HISAN-Kunststoffholländerteil DA 25;11,60;Stk;10,00;für HISAN® Anschlussgarniturinkl. Verschraubung und Dichtung;Übergangsverschraubung 25 x 5/4 AG;For HISAN® connection fittings;Transition screw fitting 25 x 5/4'' MT;Stk;
HS73;HISAN-Kunststoffholländerteil DA 32;16,10;Stk;5,00;mit Messingverschraubung 32x1 1/2 AGund Dichtung;;;;Stk;
HS74;HISAN-Kunststoffholländerteil DA 40;21,20;Stk;5,00;mit Messingverschraubung 40x2 AGund Dichtung;;;;Stk;
HS75;HISAN-Kunststoffholländerteil DA 20;11,60;Stk;10,00;mit Messingverschraubung 20x1 IGund Dichtung;;;;Stk;
HS76;HISAN-Kunststoffholländerteil DA 25;14,90;Stk;10,00;für HISAN® Anschlussgarnitur;Übergangsverschraubung 25 x 5/4 IG;für HISAN® Anschlussgarnitur;Übergangsverschraubung 25 x 5/4 IG;Stk;
HS77;HISAN-Kunststoffholländerteil DA 32;17,20;Stk;5,00;mit Messingverschraubung 32x1 1/2 IGund Dichtung;;;;Stk;
HS78;HISAN-Kunststoffholländerteil DA 40;23,70;Stk;5,00;mit Messingverschraubung 40x2 IGund Dichtung;;;;Stk;
HS79Ra;HOLLÄNDER komplett Kunstst. da 50x6/4AG;0,00;Stk;;;;;;;
HS80;HOLLÄNDER komplett Kunstst. da 63x2AG;0,00;Stk;;;;;;;
HS81;HISAN-Tragschale Ý 20 mm (lfm);3,00;Lfm;10,00;;;;;Stk;
HS82;HISAN-Tragschale Ý 25 mm (lfm);3,21;Lfm;10,00;;;;;Stk;
HS83;HISAN-Tragschale Ý 32 mm (lfm);3,52;Lfm;10,00;;;;;Stk;
HS84;HISAN-Tragschale Ý 40 mm (lfm);3,68;Lfm;5,00;;;;;Stk;
HS85;HISAN-Tragschale Ý 50 mm (lfm);4,07;Lfm;5,00;;;;;Stk;
HS86;HISAN-Tragschale Ý 63 mm (lfm);5,25;Lfm;5,00;;;;;Stk;
HS87;HISAN-Tragschale Ý 75 mm (lfm);9,21;Lfm;;;;;;;
HS91;HISAN-Rohrschelle Ý 16 mm;1,70;Stk;;;;;;;
HS92;HISAN-Rohrschelle Ý 20 mm;1,70;Stk;;;;;;;
HS93;HISAN-Rohrschelle Ý 25 mm;1,78;Stk;;;;;;;
HS94;HISAN-Rohrschelle Ý 32 mm;2,05;Stk;;;;;;;
HS95;HISAN-Rohrschelle Ý 40 mm;2,87;Stk;;;;;;;
HS96;HISAN-Rohrschelle Ý 50 mm;0,00;Stk;;;;;;;
HS97;HISAN-Rohrschelle Ý 63 mm;0,00;Stk;;;;;;;
HS98;HISAN-Rohrschelle Ý 75 mm;0,00;Stk;;;;;;;
HSP1;HISAN-Rohr PE-Xc 16x2,2 mm;3,59;Lfm;;mit gewelltem, schwarzem SchutzrohrRinglänge 75 lfm;;;;;
HSP2;HISAN-Rohr PE-Xc 20x2,8 mm;4,98;Lfm;;mit gewelltem, schwarzem SchutzrohrRinglänge 75 lfm;;;;;
HSP3;HISAN-Rohr PE-Xc 25x3,5 mm;7,25;Lfm;;mit gewelltem, schwarzem SchutzrohrRinglänge 50 lfm;;;;;
HT01;HISAN-T-Stück Ý 16 mm;1,67;Stk;20,00;;;;;Stk;
HT01Sy;HISAN-T-Stück Ý 16 mm;1,67;Stk;;;;;;;
HT02;HISAN-T-Stück Ý 20 mm;1,83;Stk;20,00;;;;;Stk;
HT03;HISAN-T-Stück Ý 25 mm;2,26;Stk;20,00;;;;;Stk;
HT04;HISAN-T-Stück Ý 32 mm;3,12;Stk;10,00;;;;;Stk;
HT05;HISAN-T-Stück Ý 40 mm;5,35;Stk;5,00;;;;;Stk;
HT05Sy;HISAN-T-Stück Ý 40 mm;5,35;Stk;;;;;;;
HT06;HISAN-T-Stück Ý 50 mm;11,60;Stk;5,00;;;;;Stk;
HT06Ra;HISAN-T-Stück Ý 50 mm;11,60;Stk;;;;;;;
HT06Sy;HISAN-T-Stück Ý 50 mm;11,60;Stk;;;;;;;
HT07;HISAN-T-Stück Ý 63 mm;14,80;Stk;1,00;;;;;Stk;
HT08;HISAN-T-Stück Ý 75 mm;18,80;Stk;1,00;;;;;Stk;
HT09;HISAN-T-Stück Ý 90 mm;57,41;Stk;;;;;;;
HT11;HISAN-Reduktions-T-Stück 20x16x20 mm;2,69;Stk;20,00;;;;;Stk;
HT12;HISAN-Reduktions-T-Stück 25x16x25 mm;2,58;Stk;20,00;;;;;Stk;
HT12Ra;HISAN-Reduktions-T-Stück 25x16x25 mm;2,58;Stk;;;;;;;
HT12Sy;HISAN-Reduktions-T-Stück 25x16x25 mm;2,58;Stk;;;;;;;
HT13;HISAN-Reduktions-T-Stück 25x20x20 mm;3,31;Stk;20,00;;;;;Stk;
HT14;HISAN-Reduktions-T-Stück 25x20x25 mm;3,31;Stk;20,00;;;;;Stk;
HT15;HISAN-Reduktions-T-Stück 32x20x32 mm;3,45;Stk;10,00;;;;;Stk;
HT16;HISAN-Reduktions-T-Stück 32x25x32 mm;3,45;Stk;10,00;;;;;Stk;
HT17;HISAN-Reduktions-T-Stück 40x20x40 mm;7,37;Stk;5,00;;;;;Stk;
HT17NeAl;HISAN-Reduktions-T-Stück 40x20x40 mm alt;7,37;Stk;;;;;;;
HT17Ra;HISAN-Reduktions-T-Stück 40x20x40 mm;7,37;Stk;;;;;;;
HT17Sy;HISAN-Reduktions-T-Stück 40x20x40 mm;7,37;Stk;;;;;;;
HT18;HISAN-Reduktions-T-Stück 40x25x40 mm;7,37;Stk;5,00;;;;;Stk;
HT18NeAl;HISAN-Reduktions-T-Stück 40x25x4;7,37;Stk;;;;;;;
HT19;HISAN-Reduktions-T-Stück 40x32x40 mm;7,37;Stk;5,00;;;;;Stk;
HT19Ra;HISAN-Reduktions-T-Stück 40x32x40 mm;7,37;Stk;;;;;;;
HT19Sy;HISAN-Reduktions-T-Stück 40x32x40 mm;7,37;Stk;;;;;;;
HT20;HISAN-Reduktions-T-Stück 50x20x50 mm;13,00;Stk;5,00;;;;;Stk;
HT20NeAl;HISAN-Reduktions-T-Stück 50x20x50 mm alt;13,00;Stk;;;;;;;
HT21;HISAN-Reduktions-T-Stück 50x25x50 mm;13,00;Stk;5,00;;;;;Stk;
HT21Sy;HISAN-Reduktions-T-Stück 50x25x50 mm;13,00;Stk;;;;;;;
HT22;HISAN-Reduktions-T-Stück 50x32x50 mm;13,00;Stk;5,00;;;;;Stk;
HT22Sy;HISAN-Reduktions-T-Stück 50x32x50 mm;13,00;Stk;;;;;;;
HT23;HISAN-Reduktions-T-Stück 50x40x50 mm;13,00;Stk;5,00;;;;;Stk;
HT23Sy;HISAN-Reduktions-T-Stück 50x40x50 mm;13,00;Stk;;;;;;;
HT24;HISAN-Reduktions-T-Stück 63x50x63 mm;17,20;Stk;1,00;;;;;Stk;
HT25;HISAN-Reduktions-T-Stück 75x63x75 mm;23,00;Stk;1,00;;;;;Stk;
HT31;HISAN-Übergangs-T-Stück mit AG 16x1/2;9,84;Stk;10,00;;;;;Stk;
HT32;HISAN-Übergangs-T-Stück mit AG 20x1/2;11,20;Stk;10,00;;;;;Stk;
HT32NeAl;HISAN-Übergangs-T-Stück AG 20x1/2alt;11,20;Stk;;;;;;;
HT32Ra;HISAN-Übergangs-T-Stück AG 20x1/2;11,20;Stk;;;;;;;
HT33;HISAN-Übergangs-T-Stück mit AG 20x3/4;13,00;Stk;10,00;;;;;Stk;
HT33Ra;HISAN-Übergangs-T-Stück AG 20x3/4;13,00;Stk;;;;;;;
HT34;HISAN-Übergangs-T-Stück mit AG 25x1/2;9,84;Stk;10,00;;;;;Stk;
HT34Ra;HISAN-Übergangs-T-Stück mit AG 25x1/2;9,84;Stk;;;;;;;
HT35;HISAN-Übergangs-T-Stück mit AG 25x3/4;15,20;Stk;10,00;;;;;Stk;
HT36;HISAN-Übergangs-T-Stück mit AG 32x3/4;16,10;Stk;5,00;;;;;Stk;
HT37;HISAN-Übergangs-T-Stück mit AG 32x1;18,00;Stk;5,00;;;;;Stk;
HT37Ra;HISAN-Übergangs-T-Stück mit AG 32x1;18,00;Stk;;;;;;;
HT40;HISAN-Übergangs-T-STÜCK mit IG 16x3/4;0,00;Stk;;;;;;;
HT41;HISAN-Übergangs-T-Stück mit IG 16x1/2;9,48;Stk;10,00;;;;;Stk;
HT41Ra;HISAN-Übergangs-T-Stück IG 16x1/2;9,48;Stk;;;;;;;
HT41Sy;HISAN-Übergangs-T-Stück IG 16x1/2;9,48;Stk;;;;;;;
HT42;HISAN-Übergangs-T-Stück mit IG 20x1/2;10,30;Stk;10,00;;;;;Stk;
HT43;HISAN-Übergangs-T-Stück mit IG 20x3/4;13,00;Stk;10,00;;;;;Stk;
HT43Ra;HISAN-Übergangs-T-Stück IG 20x3/4;13,00;Stk;;;;;;;
HT43Sy;HISAN-Übergangs-T-Stück IG 20x3/4;13,00;Stk;;;;;;;
HT44;HISAN-Übergangs-T-Stück mit IG 25x1/2;12,60;Stk;10,00;;;;;Stk;
HT44Ra;HISAN-Übergangs-T-Stück mit IG 25x1/2;12,60;Stk;;;;;;;
HT45;HISAN-Übergangs-T-Stück mit IG 25x3/4;13,00;Stk;10,00;;;;;Stk;
HT45Ra;HISAN-Übergangs-T-Stück IG 25x3/4;13,00;Stk;;;;;;;
HT45Sy;HISAN-Übergangs-T-Stück IG 25x3/4;13,00;Stk;;;;;;;
HT46;HISAN-Übergangs-T-Stück mit IG 32x3/4;13,50;Stk;5,00;;;;;Stk;
HT46Ra;HISAN-Übergangs-T-Stück mit IG 32x3/4;13,50;Stk;;;;;;;
HT47;HISAN-Übergangs-T-Stück mit IG 32x1;14,50;Stk;5,00;;;;;Stk;
HT47Ra;HISAN-Übergangs-T-Stück IG 32x1;14,50;Stk;;;;;;;
HT47Sy;HISAN-Übergangs-T-Stück IG 32x1;14,50;Stk;;;;;;;
HT48;Übergangs-T-Stück IG 40x3/4;15,30;Stk;;;;;;;
HT49;HISAN-Übergangs-T-Stück IG 40x1;20,07;Stk;;;;;;;
HT50Ra;HISAN-Übergangs-T-Stück IG 50x1;24,44;Stk;;;;;;;
HT60;HISAN-Übergangs-T-Stück mit IG 32x1/2;13,50;Stk;5,00;;;;;Stk;
HU01;HISAN-Übergangsstück mit AG 16x1/2;8,00;Stk;10,00;;;;;Stk;
HU01Sy;HISAN-Übergangsstück mit AG 16x1/2;8,00;Stk;;;;;;;
HU02;HISAN-Übergangsstück mit AG 20x1/2;8,85;Stk;10,00;;;;;Stk;
HU03;HISAN-Übergangsstück mit AG 20x3/4;10,80;Stk;10,00;;;;;Stk;
HU03Sy;HISAN-Übergangsstück mit AG 20x3/4;10,80;Stk;;;;;;;
HU04;HISAN-Übergangsstück mit AG 25x1/2;9,48;Stk;10,00;;;;;Stk;
HU05;HISAN-Übergangsstück mit AG 25x3/4;10,30;Stk;10,00;;;;;Stk;
HU06;HISAN-Übergangsstück mit AG 32x3/4;11,20;Stk;10,00;;;;;Stk;
HU07;HISAN-Übergangsstück mit AG 32x1;18,00;Stk;10,00;;;;;Stk;
HU08;HISAN-Übergangsstück mit AG 40x5/4;28,10;Stk;5,00;;;;;Stk;
HU09;HISAN-Übergangsstück mit AG 50x6/4;38,50;Stk;5,00;;;;;Stk;
HU09Sy;HISAN-Übergangsstück mit AG 50x6/4;38,50;Stk;;;;;;;
HU10;HISAN-Übergangsstück mit AG 63x2;65,20;Stk;1,00;;;;;Stk;
HU11;HISAN-Übergangsstück mit AG 75x2 1/2;89,80;Stk;1,00;;;;;Stk;
HU11Ra;HISAN-Übergangsstück AG 75x2 1/2;89,80;Stk;;;;;;;
HU11Sy;HISAN-Übergangsstück mit AG 75x2 1/2;89,80;Stk;;;;;;;
HU20;HISAN Übergangsstück mit IG 16x3/4;0,00;Stk;;;;;;;
HU21;HISAN-Übergangsstück mit IG 16x1/2;7,62;Stk;10,00;;;;;Stk;
HU21Sy;HISAN-Übergangsstück mit IG 16x1/2;7,62;Stk;;;;;;;
HU22;HISAN-Übergangsstück mit IG 20x1/2;8,36;Stk;10,00;;;;;Stk;
HU23;HISAN-Übergangsstück mit IG 20x3/4;9,48;Stk;10,00;;;;;Stk;
HU23Sy;HISAN-Übergangsstück mit IG 20x3/4;9,48;Stk;;;;;;;
HU24;HISAN-Übergangsstück mit IG 25x1/2;9,48;Stk;10,00;;;;;Stk;
HU25;HISAN-Übergangsstück mit IG 25x3/4;9,48;Stk;10,00;;;;;Stk;
HU26;HISAN-Übergangsstück mit IG 32x3/4;9,84;Stk;10,00;;;;;Stk;
HU27;HISAN-Übergangsstück mit IG 32x1;15,80;Stk;10,00;;;;;Stk;
HU28;HISAN-Übergangsstück mit IG 40x5/4;25,20;Stk;5,00;;;;;Stk;
HU29;HISAN-Übergangsstück mit IG 50x6/4;35,80;Stk;5,00;;;;;Stk;
HU30;HISAN-Übergangsstück mit IG 63x2;55,50;Stk;1,00;;;;;Stk;
HU31;HISAN-Übergangsstück mit IG 75x2 1/2;73,70;Stk;1,00;;;;;Stk;
HU32;HISAN-Übergangsstück mit IG 75x2N;0,00;Stk;;;;;;;
HU33;HISAN-Übergangsstück IG 63x1 1/2;55,43;Stk;;;;;;;
HU41Sy;Rohrverschraubung 16 x 1/2AG;0,00;Stk;;;;;;;
HU42;Rohrverschraubung 20 x 1/2AG;21,30;Stk;10,00;;;;;Stk;
HU45;Rohrverschraubung 25 x3/4AG;27,40;Stk;10,00;;;;;Stk;
HU46;HISAN-Reduktionsmuffe Ý 20/21 mm;0,00;Stk;;;;;;;
HU47;Rohrverschraubung 32 x 1AG;33,30;Stk;5,00;;;;;Stk;
HU48;Rohrverschraubung 40 x 5/4AG;69,90;Stk;5,00;;40 x 5/4;;40 x 5/4;Stk;
HV01;HISAN-Absperrventil UT 20 x 1/2;14,50;Stk;5,00;;;;;Stk;
HV01Ra;HISAN-Absperrventil UT 20 x 1/2;14,50;Stk;;;;;;;
HV01Sy;HISAN-Absperrventil UT 20 x 1/2;14,50;Stk;;;;;;;
HV02;HISAN-Absperrventil UT 25 x 3/4;15,20;Stk;5,00;;;;;Stk;
HV03;HISAN-Absperrventil UT 32 x 1;35,80;Stk;1,00;;;;;Stk;
HV04;HISAN-Absperrventil UT 40 x 1 1/4;43,47;Stk;;;;;;;
HV04Sy;HISAN-Absperrventil UT 40x5/4;43,47;Stk;;;;;;;
HV05;HISAN-Absperrventil UT 20x3/4alt;14,04;Stk;;;;;;;
HV06Ra;HISAN-Absperrventil 20x3/4m.Oberteil;0,00;Stk;;;;;;;
HV11;HISAN-Absperrventil OT 1/2;5,36;Stk;5,00;;;;;Stk;
HV12;HISAN Absperrventil OT 3/4;10,90;Stk;5,00;;Abspv. OT 3/4;;Abspv. OT 3/4;Stk;
HV13;HISAN-Absperrventil OT 1;8,36;Stk;1,00;;;;;Stk;
HV14;HISAN-Absperrventil OT 5/4;15,39;Stk;;;;;;;
HV21;HISAN-Schrägsitzventil UT 20x3/4;29,20;Stk;5,00;;;;;Stk;
HV22;HISAN-Schrägsitzventil UT 25x3/4;30,60;Stk;5,00;;;;;Stk;
HV23;HISAN-Schrägsitzventil UT 32x54;47,80;Stk;1,00;;;;;Stk;
HV23Ra1;Schrägsitzventil 32x1o. OT / o.Entl.;47,80;Stk;;;;;;;
HV23Ra3;Schrägsitzventil 32x1m. OT / o.Entl.;47,80;Stk;;;;;;;
HV24;HISAN-Schrägsitzventil UT 40x5/4(1);50,10;Stk;1,00;;;;;lfm;
HV24Ra;HISAN-Schrägsitzventil UT 40x5/4(1)o.E;50,10;Stk;;;;;;;
HV25Ra;Schrägsitzventil da 40 mit OT/ ohne Entl;50,10;Stk;;;;;;;
HV25Sy;HISAN-Schrägsitzventil UT 40x5/4(1)m.E;50,10;Stk;;;;;;;
HV33;ENTLEERUNGSHÄHNCHEN 1/4;3,94;Stk;1,00;;;;;Stk;
HW01;HISAN-Winkel 90°, Ý 16 mm;1,46;Stk;20,00;;;;;Stk;
HW02;HISAN-Winkel 90°, Ý 20 mm;1,64;Stk;20,00;;;;;Stk;
HW03;HISAN-Winkel 90°, Ý 25 mm;1,93;Stk;20,00;;;;;Stk;
HW04;HISAN-Winkel 90°, Ý 32 mm;2,64;Stk;10,00;;;;;Stk;
HW05;HISAN-Winkel 90°, Ý 40 mm;4,79;Stk;5,00;;;;;Stk;
HW06;HISAN-Winkel 90°, Ý 50 mm;9,48;Stk;5,00;;;;;Stk;
HW07;HISAN-Winkel 90°, Ý 63 mm;12,20;Stk;1,00;;;;;Stk;
HW08;HISAN-Winkel 90°, Ý 75 mm;17,20;Stk;1,00;;;;;Stk;
HW09;Winkel 90°, Ý 90 mm;52,94;Stk;;;;;;;
HW11;HISAN-Winkel 45°, Ý 16 mm;1,46;Stk;20,00;;;;;Stk;
HW12;HISAN-Winkel 45°, Ý 20 mm;1,64;Stk;20,00;;;;;Stk;
HW13;HISAN-Winkel 45°, Ý 25 mm;1,93;Stk;20,00;;;;;Stk;
HW13Sy;HISAN-Winkel 45°, Ý 25 mm;1,93;Stk;;;;;;;
HW14;HISAN-Winkel 45°, Ý 32 mm;2,64;Stk;10,00;;;;;Stk;
HW15;HISAN-Winkel 45°, Ý 40 mm;5,38;Stk;5,00;;;;;Stk;
HW15Sy;HISAN-Winkel 45°, Ý 40 mm;5,38;Stk;;;;;;;
HW16;HISAN-Winkel 45°, Ý 50 mm;9,84;Stk;5,00;;;;;Stk;
HW16Sy;HISAN-Winkel 45°, Ý 50 mm;9,84;Stk;;;;;;;
HW17;HISAN-Winkel 45°, Ý 63 mm;13,00;Stk;1,00;;;;;Stk;
HW18;HISAN-Winkel 45°, Ý 75 mm;18,00;Stk;1,00;;;;;Stk;
HW18Ra;HISAN-Winkel 45°, Ý 75 mm;18,00;Stk;;;;;;;
HW19;Winkel 45°, Ý 90 mm (PN 10);50,96;Stk;;;;;;;
HW22;HISAN-Winkel 90° I/A, Ý 20 mm;2,27;Stk;20,00;;;;;Stk;
HW23;HISAN-Winkel 90° I/A, Ý 25 mm;2,45;Stk;20,00;;;;;Stk;
HW24;HISAN-Winkel 90° I/A, Ý 32 mm;3,75;Stk;10,00;;;;;Stk;
HW25;HISAN-Winkel 90° I/A, Ý 40 mm;6,80;Stk;;;;;;;
HW31;HISAN-Übergangswinkel mit AG 16x1/2;9,84;Stk;10,00;;;;;Stk;
HW31Ra;HISAN Übergangsstück mit IG 16x3/4;9,84;Stk;;;;;;;
HW31Sy;HISAN-Übergangswinkel AG 16x1/2;9,84;Stk;;;;;;;
HW32;HISAN-Übergangswinkel mit AG 20x1/2;10,30;Stk;10,00;;;;;Stk;
HW33;HISAN-Übergangswinkel mit AG 20x3/4;11,60;Stk;10,00;;;;;Stk;
HW33Ra;HISAN-Übergangswinkel AG 20x3/4;11,60;Stk;;;;;;;
HW33Sy;HISAN-Übergangswinkel AG 20x3/4;11,60;Stk;;;;;;;
HW34;HISAN-Übergangswinkel mit AG 25x1/2;10,80;Stk;10,00;;;;;Stk;
HW34Ra;HISAN-Übergangswinkel AG 25x1/2;10,80;Stk;;;;;;;
HW35;HISAN-Übergangswinkel mit AG 25x3/4;11,60;Stk;10,00;;;;;Stk;
HW35Ra;HISAN-Übergangswinkel mit AG 25x3/4Ra;11,60;Stk;;;;;;;
HW36;HISAN-Übergangswinkel mit AG 32x3/4;13,00;Stk;5,00;;;;;Stk;
HW36Ra;HISAN-Übergangswinkel AG 32x3/4;13,00;Stk;;;;;;;
HW36Sy;HISAN-Übergangswinkel AG 32x3/4;13,00;Stk;;;;;;;
HW37;HISAN-Übergangswinkel mit AG 32x1;18,40;Stk;5,00;;;;;Stk;
HW37Ra;HISAN-Übergangswinkel AG 32x1;18,40;Stk;;;;;;;
HW41;HISAN-Übergangswinkel mit IG 16x1/2;8,25;Stk;10,00;;;;;Stk;
HW41Ra;HISAN-Übergangswinkel mit IG 16x1/2;8,25;Stk;;;;;;;
HW41Sy;HISAN-Übergangswinkel mit IG 16x1/2;8,25;Stk;;;;;;;
HW42;HISAN-Übergangswinkel mit IG 20x1/2;8,85;Stk;10,00;;;;;Stk;
HW42Ra;HISAN-Übergangswinkel IG 20x1/2;8,85;Stk;;;;;;;
HW42Sy;HISAN-Übergangswinkel IG 20x1/2;8,85;Stk;;;;;;;
HW43;HISAN-Übergangswinkel mit IG 20x3/4;11,20;Stk;10,00;;;;;Stk;
HW43Ra;HISAN-Übergangswinkel IG 20x3/4;11,20;Stk;;;;;;;
HW44;HISAN-Übergangswinkel mit IG 25x1/2;10,30;Stk;10,00;;;;;Stk;
HW44Ra;HISAN-Übergangswinkel mit IG 25x1/2;10,30;Stk;;;;;;;
HW45;HISAN-Übergangswinkel mit IG 25x3/4;11,20;Stk;10,00;;;;;Stk;
HW45Ra;HISAN-Übergangswinkel IG 25x3/4;11,20;Stk;;;;;;;
HW46;HISAN-Übergangswinkel mit IG 32x3/4;11,60;Stk;5,00;;;;;Stk;
HW46Ra;HISAN-Übergangswinkel 32x3/4IG;11,60;Stk;;;;;;;
HW46Sy;HISAN-Übergangswinkel IG 32x3/4;11,60;Stk;;;;;;;
HW47;HISAN-Übergangswinkel mit IG 32x1;15,20;Stk;5,00;;;;;Stk;
HW47Ra;HISAN-Übergangswinkel IG 32x1;15,20;Stk;;;;;;;
HW47Sy;HISAN-Übergangswinkel IG 32x1;15,20;Stk;;;;;;;
HW51;HISAN-Wandanschlußb. UP mit AG 16x1/2;9,84;Stk;10,00;;;;;Stk;
HW52;HISAN-Wandanschlußb. UP mit AG 20x1/2;9,84;Stk;10,00;;;;;Stk;
HW53;HISAN-Wandanschlußb. UP mit AG 20x3/4;10,80;Stk;10,00;;;;;Stk;
HW54;HISAN-Wandanschlußb. UP mit AG 25x1/2;10,30;Stk;10,00;;;;;Stk;
HW55;HISAN-Wandanschlußb. UP mit AG 25x3/4;10,80;Stk;10,00;;;;;Stk;
HW61;HISAN-Wandanschlußb. UP mit IG 16x1/2;8,11;Stk;10,00;;;;;Stk;
HW61Ra;HISAN-Wandanschlußb.UP IG 16x1/2;8,11;Stk;;;;;;;
HW62;HISAN-Wandanschlußbogen UP m. IG 20x1/2;8,25;Stk;10,00;;;;;Stk;
HW63;HISAN-Wandanschlußb. UP mit IG 20x3/4;8,98;Stk;10,00;;;;;Stk;
HW64;HISAN-Wandanschlußb. UP mit IG 25x1/2;8,49;Stk;10,00;;;;;Stk;
HW64Ra;HISAN-Wandanschlußb.UP IG 25x1/2;8,49;Stk;;;;;;;
HW65;HISAN-Wandanschlußb. UP mit IG 25x3/4;9,48;Stk;10,00;;;;;Stk;
HW65Sy;HISAN-Wandanschlußb.UP IG 25x3/43-Loch;9,48;Stk;;;;;;;
HW71;HISAN-Wandanschlußb. UP m.IG 16x1/23-L;8,11;Stk;10,00;;;;;Stk;
HW71Ra;HISAN-Wandanschlussb.UP IG 16x1/23-loch;8,11;Stk;;;;;;;
HW71Sy;HISAN-Wandanschlußb.UP IG 16x1/23-Loch;8,11;Stk;;;;;;;
HW72;Wandanschlußbogen UP m.IG 20x1/23-Loch;8,25;Stk;10,00;;;;;Stk;
HW74;Wandanschlußbogen UP m.IG 25x1/23-Loch;8,49;Stk;;;;;;;
HW74Sy;HISAN-Wandanschlußbg.UP IG 25x1/23-Loch;8,49;Stk;;;;;;;
HW80;1 Stk.HISAN-Wandanschlußbogen 20x1/2IG;14,50;Stk;10,00;vormontiert auf Befestigungsbügel;;;;Stk;
HW81;HISAN-Befestigungsbügel für 1 Stk. Wandanschlußbügel;5,72;Stk;10,00;für 1 Stk. Wandanschlußbügel;;;;Stk;
HW85;2 Stk.HISAN-Wandanschlußbogen 20x1/2IG;23,00;Stk;10,00;vormontiert im Abstand von 150 mm aufBefestigungsbügel;;;;Stk;
HW86;HISAN-Befestigungsbügel für 2 Stk. Wandanschlußbügel;5,95;Stk;10,00;für 2 Stk. Wandanschlußbogen im Abstandvon 155 mm;;;;Stk;
HW92;HISAN-Winkel 45° I/A, Ý 20 mm;2,24;Stk;20,00;;Winkel 45° I/A da 20;;Winkel 45° I/A da 20;Stk;
HW92Sy;HISAN-Winkel 45° i/a da 25;2,24;Stk;;;;;;;
HW93;HISAN-Winkel 45° I/A, Ý 25 mm;2,45;Stk;20,00;;Winkel 45° I/A da 25;;Winkel 45° I/A da 25;Stk;
HW94;HISAN-Winkel 45° I/A, Ý 32 mm;3,72;Stk;10,00;;Winkel 45° I/A da 32;;Winkel 45° I/A da 32;Stk;
HX01;HISAN-Reduktionsmuffe Ý 20/21 mm;1,51;Stk;;(Sonderanfertigung);;;;;
HX02;HISAN-Reduktionsmuffe Ý 25/21 mm;1,59;Stk;;(Sonderanfertigung);;;;;
HX03;HISAN-Reduktionsmuffe Ý 32/21 mm;1,90;Stk;;(Sonderanfertigung);;;;;
HX08;HISAN-Reduktions-T-Stück 25x21x25 mm;3,88;Stk;;(Sonderanfertigung);;;;;
HX09;HISAN-Reduktions-T-Stück 32x21x32 mm;4,05;Stk;;(Sonderanfertigung);;;;;
HX10;HISAN-Reduktions-T-Stück 40x21x40 mm;8,70;Stk;;(Sonderanfertigung);;;;;
HX11;HISAN-Reduktions-T-Stück 50x21x50 mm;15,39;Stk;;(Sonderanfertigung);;;;;
HX15;HISAN-Übergangsstück mit IG 21x1/2;9,91;Stk;;(Sonderanfertigung);;;;;
HX16;HISAN-Übergangsstück mit IG 21x3/4;12,58;Stk;;(Sonderanfertigung);;;;;
HX20;HISAN-Übergangsstück mit AG 21x1/2;10,44;Stk;;(Sonderanfertigung);;;;;
HX21;HISAN-Übergangsstück mit AG 21x3/4;12,69;Stk;;(Sonderanfertigung);;;;;
HX25;HISAN-Wandanschlußbogen UP m. IG 21x1/2;9,78;Stk;;(Sonderanfertigung);;;;;
HX30;HISAN-Übergangswinkel mit IG 21x1/2;10,62;Stk;;(Sonderanfertigung);;;;;
HX35;HISAN-Übergangswinkel mit AG 21x1/2;12,38;Stk;;(Sonderanfertigung);;;;;
HX40;HISAN-Übergangs-T-Stück mit IG 21x1/2;12,38;Stk;;(Sonderanfertigung);;;;;
HX70;Holländerverschraubung 1IG;0,00;Stk;;;;;;;
HX71;Holländerverschraubung 1AG;0,00;Stk;;;;;;;
HX72;Holländerverschraubung 5/4IG;13,62;Stk;;;;;;;
HX73;Holländerverschraubung 5/4AG;10,35;Stk;;;;;;;
HX74;Holländerverschraubung 6/4IG lang;0,00;Stk;;;;;;;
HX75;Holländerverschraubung 6/4IG kurz;7,99;Stk;;;;;;;
HX76;Holländerverschraubung 6/4AG;12,48;Stk;;;;;;;
HX77;Holländerverschraubung 2IG;0,00;Stk;;;;;;;
HX78;Holländerverschraubung 2AG;0,00;Stk;;;;;;;
HX80;Adapter 1auf 1 1/2Ý 32 IG;4,80;Stk;;;;;;;
HX81;Adapter 1auf 1 1/2 Ý 32 AG;12,06;Stk;;;;;;;
HX99;Anschlusssatz Brennwert Fa. Bruns;;;;bestehend aus:1 Stk. HW431 Stk. HT02ca. 0,26 lfm HS32;;;;;
I1010100;XXXWärmetauscher innen verzinnt 2,5mø(EK);0,00;Stk;;;;;;;
I1010102;O-Ringe 2,5møinkl.Holscheibe und Mutter;13,62;Gar;;;;;;;
I1010103;XXXCu-Wärmetauscher f. Solar 4,5 mø(EK);0,00;Stk;;WRW 45-2 blank;;;;;
I1010104;O-Ringe 4,5møinkl.Holscheibe und Mutter;17,26;Gar;;;;;;;
I1010105;O-Ringe 2,5mø für Wärmetauscher 2,5 mø;0,88;Stk;;;;;;;
I1010106;O-Ringe 4,5mø für Wärmetauscher 4,5 mø;1,07;Stk;;;;;;;
I1010400;XXXCu-Wärmetauscher f.Solar blank 2,5m2(EK);0,00;Stk;;;;;;;
I1010550;Abgaswärmetauscher mit Gehäuse;;;;;;;;;
I1010552;LP-Steckerklemme 7pol. grau;;;;;;;;;
I1010553;Ringkabelschuh 0,25-1,5mmø M5 rot;0,00;Stk;;;;;;;
I1010554;MS-Verschraubung DN 20 3/4 f. WMZ 1 (1 Satz=2 Stk.);0,00;Stk;;;;;;;
I1010555;Abgastemperaturbegrenzer STB/971;27,56;Stk;;;;;;;
I1010556;Kabelsatz BVUP Universum;62,92;Stk;;;;;;;
I1010557;Umwälzpumpe UPS 15/50, 130mm;181,40;Stk;;;;;;;
I1010558;Kitflex 3/4x3/4x400 mm;16,64;Stk;;;;;;;
I1010560;Rohr-Doppelnippel Nr. 530 5/4x40mm sz;0,00;Stk;;;;;;;
I1010561;T-Stück Nr. 130 5/4x3/4x5/4 sz 90° red;0,00;Stk;;;;;;;
I1010562;Kitflex 3/4x3/4x300 mm;14,56;Stk;;;;;;;
I1010563;Knie Nr. 92 5/4 schwarz 90°;0,00;Stk;;;;;;;
I1010564;Schlauchklemmen SGS 16-25 mm;0,00;Stk;;;;;;;
I1010565;Rohr-Doppelnippel Nr. 530 5/4x60mm sz;0,00;Stk;;;;;;;
I1010566;Muffe Nr. 270 5/4 sz;0,00;Stk;;;;;;;
I1010567;Rohr-Doppelnippel Nr. 530 3/4x150 mm sz;0,00;Stk;;;;;;;
I1010568;Doppelnippel MS 3280 3/4;0,00;Stk;;;;;;;
I1010570;Kugelhahn IS Nr. 840/S 3/4 m Entleerung;0,00;Stk;;;;;;;
I1010571;Holländerdichtung asbestfrei 3/4;;;;;;;;;
I1010572;Knie 90° 3/8 x 15mm Kupfer;0,00;Stk;;;;;;;
I1010573;Cu-Lötboß 4270G 15x1/2;0,00;Stk;;;;;;;
I1010574;Kondensatschlauch;0,00;Lfm;;;;;;;
I1010575;Kontrollleuchte 200-250V Rot;0,00;Stk;;;;;;;
I1010576;CU-Rohr d 15 mm;0,00;Lfm;;;;;;;
I1010577;Schrauben M8 x 35;0,00;Stk;;;;;;;
I1010578;Scheibe M 8;0,00;Stk;;;;;;;
I1010579;Mutter M 8;0,00;Stk;;;;;;;
I1010580;Wieland Stecker 3polig ohne Zugentlast.;2,85;Stk;;;;;;;
I1010581;Wieland Buchse 3polig mit Zugentlast.;3,31;Stk;;;;;;;
I1010582;Blechschraube 3,9x9mm Linsenkopf;0,00;Stk;;;;;;;
I1010583;Scheibe M4;0,00;Stk;;;;;;;
I1010584;Blechschraube 3,9 x 16 Linsenkopf;0,00;Stk;;;;;;;
I1010585;Gewindestange M8;0,00;Lfm;;;;;;;
I1010586;Sechskantmutter DIN934/8 M8 verzinkt;0,00;Stk;;;;;;;
I1010587;Scheiben DIN 125A M10 verzinkt;0,00;Stk;;;;;;;
I1010588;Sechskant-Langmutter DIN6334 M8;0,00;Stk;;;;;;;
I1010589;Höhenversteller 60mm Kunststoff M8;0,00;Stk;;;;;;;
I1010590;Blechschraube 4,8x13 Linsenkopf;0,00;Stk;;;;;;;
I1010591;Mutter M 6;0,00;Stk;;;;;;;
I1010592;Scheibe M 6;0,00;Stk;;;;;;;
I1010593;Schaltgeräteleitung H05V-K braun 1mmø;0,00;Lfm;;;;;;;
I1010594;Schaltgeräteleitung H05V-K blau 1mmø;0,00;Lfm;;;;;;;
I1010595;Schaltgeräteleitung H05V-K erde 1mmø;0,00;Lfm;;;;;;;
I1010598;Aderendhülsen 1,0mmø;0,00;Stk;;;;;;;
I1010599;Kunststoffanschlusswinkel 3/4 x 20 (25);13,94;Stk;;;;;;;
I11BE004;HARREITHER - DOKU-BOX (EK);0,00;Stk;;;;;;;
I2000015;THERMOMETER Ý 100mm für Combi 1500;0,00;Stk;;;;;;;
I3000007;Regeleinsatz Delta 23 B;0,00;Stk;;;;;;;
I3000012;Regeleinsatz EB-WNP-2 mit Fühler;421,70;Stk;;;;;;;
I3000015;WANDGEHÄUSE WG 10;263,50;Stk;;;;;;;
I3000017;WANDGEHÄUSE WG 22;0,00;Stk;;;;;;;
I3000018;KABELBAUM (Garnitur);56,78;Stk;;;;;;;
I3000021;REGELEINSATZ GAMMA 23B samt Fühler;0,00;Stk;;;;;;;
I3000023;REGLEREINSATZ GAMMA 233 B (WR-33-E);0,00;Stk;;;;;;;
I3000032;WANDGEHÄUSE WG 400 K inkl. KVT;335,70;Stk;;;;;;;
I3000093;Wieland Buchse 4polig mit Zugentlastung;0,00;Stk;;;;;;;
I3000094;Wieland Stecker 4polig mit Zugentlastung;0,00;Stk;;;;;;;
I3000095;KABELBAUM (Garn.) KSP/F Ex f.Gaskessel;0,00;Stk;;;;;;;
I3000097;KESSELSCHALTFELD KF-G UNIVERSUM HMS;0,00;Stk;;;;;;;
I3000098;Relais für KFG Universum HMS;15,05;Stk;;;;;;;
I3000500;Wandgehäuse Universum Select;213,20;Stk;;;;;;;
I3000501;Kesselschaltfeld KF-G UNIV. Select Rast5;518,40;Stk;;RA 5;;;;;
I3000502;Zentralgerät UNIVERSUM-SELECT;0,00;Stk;;Serien-Nr.:;;;;;
I3000503;Spax ABC 3x10 für Universum Select;0,00;Stk;;;;;;;
I3000504;Verriegelungsst.f.Universum Select 3-tlg;0,00;Stk;;;;;;;
I3000510;Schutzabdeckung für Kesselschaltfeld;16,31;Stk;;;;;;;
I3000511;Schutzabdeckung für Wandgehäuse;17,39;Stk;;;;;;;
I3000512;Schutzabdeckung für Bedienzentrale;10,11;Stk;;;;;;;
I3000515;Erdungsflachstecker 45°/ 6,3x0,8;;;;;;;;;
I3000516;Distanzhülse da 8 mm, di 4,2 mm l = 25mm;;;;;;;;;
I3000517;Kabelbinder mit Beschriftungsplakette;;;;;;;;;
I4000001;Eckholländer 3/4;11,34;Stk;;;;;;;
I4000002;Steinoflex 9 mm 3/4;1,29;Lfm;;;;;;;
I4000011;O-Ring f. Anzeigeröhrchen NBR70;0,00;Stk;;;;;;;
I4000012;Druckfeder f. HA-Durchflußmengenregler;0,00;Stk;;;;;;;
I4000013;Schwimmer f. HA-Durchflußmengenregler;0,00;Stk;;;;;;;
I4000014;Anzeigeröhrchen f. HA-Durchflußmengenr.;0,00;Stk;;;;;;;
I4000015;Aufkleber f. HA-Durchflußmengenregler;0,00;Stk;;;;;;;
I5000002;HALBSCHALE f. MODULBOGEN kurz;1,77;Stk;;;;;;;
I5000003;HALBSCHALE f. MODULBOGEN lang;1,77;Stk;;;;;;;
I5000012;Rohrschelle 1 mit Schraube;0,00;Stk;;;;;;;
I5000014;Verteilerkasten f.HA-Schnellaufheizgerät;0,00;Stk;;;;;;;
I5000019;Material für Aufheizgerät v. RS- Compon.;0,00;Stk;;bestehend aus:2 Stk. SchukosteckdoseBestNr.: 114-71941 Stk. Verteiler 2xSchuko, 1XCEEBestNr.: 190-49312 Stk. Ausschalter 1-pol. 16 ABestNr.: 239-51201 Stk. Deckel Schuko-DoseBestNr.: 190-50131 Stk. Not-Aus-Taster MTE 22mmBestNr.: 225-89083 Stm. Kontaktblock MTE 22mmBestNr.: 225-93831 Stk. Ausschalter 3 pol.63ABestNr.: 239-51421 Stk. Kummi-Stecker kleinBestNr.: 337-3913;;;;;
I5800003;Stützhülse kurz Euroval/Hitherm DD;0,00;Stk;;;;;;;
I5800007;Rohr(H) 21x2,5 DD Verteileransch 50cm;0,00;Stk;;mit Sauerstoffsperre;;;;;
I5800008;Rohr(H) 21x2,5 DD Verteileransch 100cm;0,00;Stk;;mit Sauerstoffsperre;;;;;
I5875001;Dehnfugenprofil mit Doppelklebeband;0,00;Lfm;;;;;;;
I5875002;Kunststoff-Schlauch - Schutzrohr;0,79;Stk;;;;;;;
I6000004;HITHERM-Befestigungsschiene grau;2,26;Stk;;;;;;;
I6000005;HITHERM-Sammler RA 5 (H);5,67;Stk;;;;;;;
I6000006;HITHERM-Sammler RA 10 (H);0,00;Stk;;;;;;;
I6000008;HITHERM-Rohr 10 x 1,5 (H);1,03;Lfm;;ohne Sauerstoffsperre;;;;;
I6000010;XXX Hitherm 10x1,5 (H) Rolle zu 500 lfm;1,00;Lfm;;ohne Sauerstoffsperre;;;;;
I6000020;Hitherm+ 3-schich Rohr 10x1,5 (500lfm/R);0,00;Lfm;;;;;;;
I600005R;XXX HITHERM-Sammler RA 5 (H)ROT (Spritzguss wie grau);5,67;Stk;;;;;;;
I6400014;Rillenplatte Pol. Typ 0:1002x451x31 PS25;4,59;Stk;;ohne Falz, für Compact-stehend, 9 Rillen;;;;;
I6400017;Primapor PS-W25 / 30 mm;0,00;Stk;;;;;;;
I6400026;XXXXGipskartonplatte 625x2500x15 mm;0,00;Stk;;;;;;;
I6400028;Rillenplatte Pol. Typ 0:1000x500x30 PS25;8,08;Stk;;ohne Falz, für Compact-liegend,10 Rillen;;;;;
I6400031;Gipsfaserplatte 625x3000x10 mm;0,00;Stk;;;;;;;
I6400032;Gipsfaserplatte 2500x1249x10 mm;40,87;Stk;;;;;;;
I6400033;Gipsfaserplatte 2000x400x10 mm;10,71;Stk;;;;;;;
I6400034;Gipsfaserplatte 625x2500x18 mm;0,00;Stk;;;;;;;
I6400035;Gipsfaserplatte 617x1242x10 mm;0,00;Stk;;;;;;;
I6400036;Gipsfaserplatte 625x2000x18 mm;0,00;Stk;;;;;;;
I6400037;Gipskartonplatte 625x2600x18 mm;0,00;Stk;;;;;;;
I6500000;XXXX Hitherm-Sammlerrohr DD;0,00;Lfm;;;;;;;
I6500003;HITHERM-Befestigungsschiene schwarz;;;;;;;;;
I7000002;Kantenschutz 9x6;6,15;Lfm;;für Hisan Anschlußgarnitur;;;;;
I8371106;XXX Multidübel RMU 6x45;0,00;Stk;;;;;;;
I8371107;XXX Spax-S HRK 4/60 inkl. Beilagscheibe;0,00;Stk;;;;;;;
I8375000;XXXAußentemperaturfühler Universum;0,00;Stk;;;;;;;
I8376000;XXXUniversalfühler (Tauchfühler);29,00;Stk;;als Kessel-, Speicher-, Differenzfühler;;;;;
I8376001;XXXAnlegefühler Universum als VF;0,00;Stk;;;;;;;
I9000001;Alu-Blech für Solar-Star;0,00;Stk;;;;;;;
I9000002;RAHMENPROFIL seitlich lang (Solar-Star);0,00;Stk;;;;;;;
I9000003;RAHMENPROFIL kurz (Solar-Star);0,00;Stk;;;;;;;
I9000004;KLEMMPROFIL kurz (Solar-Star);16,74;Stk;;;;;;;
I9000005;KLEMMPROFIL lang (Solar-Star);21,11;Stk;;;;;;;
I9000007;ECKWINKEL (Solar Star);0,00;Stk;;;;;;;
I9000008;SILIKONPROFIL (Dichtung) Solar Star;7,49;Lfm;;;;;;;
I9000009;KRONENLEISTE Moosgummi Dichtband 9x4 mm;2,18;Lfm;;;;;;;
I9000010;ABSORBER mit Sammelleitung (Solar Star);218,10;Stk;;;;;;;
I9000011;KOLLEKTORVERSCHRAUBUNG (Solar Star) 3tlg;0,00;Stk;;bestehend aus:* Lötbördel gew. kon.* ÜWM 1* Lötbördel kon.;;;;;
I9000012;KOLLEKTORDÄMMPLATTE 1130x85x40;0,00;Stk;;;;;;;
I9000013;KOLLEKTORDÄMMPLATTE 1900x1130x60;0,00;Stk;;;;;;;
I9000014;KOLLEKTORDÄMMPLATTE 2073x83x15;0,00;Stk;;;;;;;
I9000015;KOLLEKTORDÄMMPLATTE 1160x83x15;0,00;Stk;;;;;;;
I9000016;ERTEX-Sicherheitsglas ESG 4 mm;73,42;Stk;;;;;;;
I9000017;KABELVERSCHRAUBUNG PG9 (Solar Star);5,19;Stk;;;;;;;
I9000018;SCHRAUBEN 4,8x13,0 (Solar Star);0,10;Stk;;;;;;;
I9000019;NIETEN 4,8 mm (Becherniete) (Solar Star);0,00;Stk;;;;;;;
I9000020;NIETEN 3,2 mm (Becherniete) (Solar Star);0,00;Stk;;;;;;;
I9000021;KUPFERNIETE 3,2 mm (Spenglerniete);0,00;Stk;;;;;;;
I9000022;Cu-Rohr rd 10 mm (Solar Star);0,00;Lfm;;;;;;;
I9000023;DURCHGANGSTÜLLE (Solar Star);0,00;Stk;;;;;;;
I9000024;SILIKONDICHTMASSE für SOLAR STAR;0,00;Stk;;;;;;;
I9000025;BLINDNIETPISTOLE pneu.-hydr. MFX 730S;0,00;Stk;;;;;;;
I9000026;Endstopfen für Kollektor;0,00;Stk;;;;;;;
I9000028;Montagebügel für Solar-Star;16,22;Stk;;;;;;;
I9000029;Flachstangen gepreßt nach DIN 1770;6,92;Lfm;;;;;;;
I9000030;Winkelprofile gepreßt nach DIN 1771;0,94;Lfm;;;;;;;
I9000031;6KT-BOHRSCHR. 7504KVZ6.3 x 19 verzinkt;0,21;Stk;;;;;;;
I9000032;6KT-SCHR. 933 A2 8x25;0,46;Stk;;;;;;;
I9000033;Federring DIN 127 A2 8;0,06;Stk;;;;;;;
I9000034;U-Scheibe DIN 125 A2 8;0,08;Stk;;;;;;;
I9000035;6-Mutter DIN 934 A2 8;0,20;Stk;;;;;;;
I9000036;Spax 100x6 mm;0,00;Stk;;;;;;;
I9000037;Holzstaffel 60 x 45 x 4000;0,00;Lfm;;;;;;;
I9000038;Holzstaffel 60 x 45 x 3000;0,00;Lfm;;;;;;;
I9000039;SPAX 50x5 mm;0,00;Stk;;;;;;;
I9000042;Falzklemme Sailer Trapezform;0,00;Stk;;verzinkt;;;;;
I9000043;Typenschilder Solar Star 200.;0,00;Stk;;Größe: 100 x 500 mm;;;;;
I9000049;6KT-SCHR. 933 A2 10x40;1,32;Stk;;;;;;;
I9000050;6KT-SCHR. 933 A2 10x25;1,02;Stk;;;;;;;
I9000051;6KT-SCHR. 933 A2 10x60;1,62;Stk;;;;;;;
I9000052;6KT-SCHR. 933 A2 10x100;2,28;Stk;;;;;;;
I9000054;Federring 127 A2 DA 10 F.M;0,09;Stk;;;;;;;
I9000055;Beilagscheibe 125 A2 DA 10 F.M;0,12;Stk;;;;;;;
I9000056;6KT-SCHRAUBE 931 A2 8x40;0,56;Stk;;;;;;;
I9000057;6-Mutter DIN 934 A2 DA 10;0,40;Stk;;;;;;;
I9000058;6KT-SCHR. 931 A2 8x100;1,94;Stk;;;;;;;
I9000059;Stockschraube verzinkt 10x200;0,85;Stk;;;;;;;
I9000060;Specialdübel für Stein MZ 12;0,10;Stk;;;;;;;
I9000061;6KT-SCHRAUBE 931 A2 8x60;1,05;Stk;;;;;;;
I9000062;Mutter 6KT Edelstahl M12, DIN 934A;0,59;Stk;;;;;;;
I9000063;Beilagscheibe Edelstahl M12, DIN 125A;0,20;Stk;;;;;;;
IAG01;Fußbodenheizungsmodul MK 1 ohne Pumpe;0,00;Stk;;;;;;;
IAG02;Fußbodenheizungsmodul MK 5/4 ohne Pumpe;0,00;Stk;;;;;;;
IAG05;Boilerlademodul UK 1 ohne Pumpe;0,00;Stk;;;;;;;
IAG06;Boilerlademodul UK 5/4 ohne Pumpe;0,00;Stk;;;;;;;
IAG10;Pumpe Grundfos ALPHA2 32-40;;;;;;;;;
IAG11;Pumpe Grundfos ALPHA2 32-60;;;;;;;;;
IAG15;Pumpe Grundfos MAGNA 25-100;;;;;;;;;
IAG16;Pumpe Grundfos MAGNA 32-100;;;;;;;;;
IAH01;E-Schnellaufheizgerät (EK);0,00;Stk;;;;;;;
IAH05;MS Stopfen 3290 6/4Außengewinde;0,00;Stk;;;;;;;
IAH06;Kugelhahn 3/4 aus Pressmessing;0,00;Stk;;;;;;;
IAH07;Reduktions-Doppelnippel Nr245 3/4x1/2;0,00;Stk;;;;;;;
IAH08;Knie 3/4 92 schwarz 90°;0,00;Stk;;;;;;;
IAH09;IMT Kugelhahn 1/2, Typ 492;0,00;Stk;;;;;;;
IAH10;Doppelnippel Nr.280 3/4 verzinkt AG;0,00;Stk;;;;;;;
IAH11;Holländer 6/4x3/4sw.f.Grundfos.u WiloP;10,10;Stk;;;;;;;
IAH12;Reduktion 1IG auf 3/4AG;;;;;;;;;
IAH13;Reduktion 3/4 AG auf 1/2IG;;;;;;;;;
IAH14;Kugelhahn 1IG_IGStahlgriff;;;;;;;;;
IAH20;Not Aus Taster mit Drehknopf;;;;;;;;;
IAH21;Anbausteckdose Schutzkontakt blau;;;;;;;;;
IAH22;Blinddeckel KDBD/Schuko;;;;;;;;;
IAH23;Ausschalter 3polig 3S 63A;;;;;;;;;
IAH24;Ausschalter 1polig 16A 1S;;;;;;;;;
IAH25;Stecker Schuko Gummi-Kurzversion;;;;;;;;;
IAH26;Steckdosenverteiler STV812-L;;;;;;;;;
IAH27;Kontaktblock 1 Öffner;;;;;;;;;
IAH40;Anbaugerätestecker INS-CEE f.Aufheizger.;0,00;Stk;;;;;;;
IBR90;Abgas T - Stück m. Kondensatabl. Brennw.;93,18;Stk;;;;;;;
IBR91;Dichtschnur für Brennwert Erweiterung ca. 60 cm;14,80;Stk;;;;;;;
IBR92;Dichtung hart AD 138 mm für Brennwert;4,70;Stk;;;;;;;
IBR93;Klemme Rauchrohr schwarz für Brennwert Erweiterung;;;;;;;;;
IBR94;Flansch Abgaswärmetausch für Brennwert Erweiterung;;;;;;;;;
IC01;Ms-Reduktion 3241 5/4x3/4;0,00;Stk;;für hygienische Warmwasserbereitung;;;;;
ICH01;Combi Star HL 750 - FERTIGUNGSLEISTUNG BRUNS;0,00;Stk;;Serien-Nr.:;;;;;
ICH02;Combi Star HL 900 - FERTIGUNGSLEISTUNG BRUNS;0,00;Stk;;Serien-Nr.:;;;;;
ICH05;Beistellpuffer 750 (EK ohne Dämmung);0,00;Stk;;Serien-Nr.:;;;;;
ICH06;Beistellpuffer 900 (EK ohne Dämmung);0,00;Stk;;Serien-Nr.:;;;;;
ICH08;Schichtladelanze Aussenrohr HL750 d125mm Länge 1600mm;0,00;Stk;;bestehend aus:;;;;;
ICH09;Schichtladelanze Innenrohr HL750 d 63 mm Länge 625mm;0,00;Stk;;bestehend aus:;;;;;
ICH10;Schichtladelanze für Combi Star HL750;0,00;Stk;;bestehend aus:;;;;;
ICH11;Schichtladelanze für Combi Star HL900;0,00;Stk;;bestehend aus:;;;;;
ICH12;Schichtladelanze Aussenrohr HL900 d125mm Länge 1880 mm;0,00;Stk;;bestehend aus:;;;;;
ICH13;Schichtladelanze Innenrohr HL900 d 63 mm Länge 775 mm;0,00;Stk;;bestehend aus:;;;;;
ICH15;XXXFrischwassermodul FWM20;0,00;Stk;;inkl. Ringwell-Schlauchset 185mm;;;;;
ICH16;XXXFrischwassermodul FWM30;0,00;Stk;;inkl. Ringwell-Schlauchset 185mm;;;;;
ICH21;Dämmung Combi Star HL 750 (EK);373,00;Stk;;;;;;;
ICH22;Dämmung Combi Star HL 900 (EK);0,00;Stk;;;;;;;
ICH25;Dämmung Beistellpuffer 750;0,00;Stk;;;;;;;
ICH26;Dämmung Beistellpuffer 900;0,00;Stk;;;;;;;
ICH43;Thermometer NG 80 X 150; 0-120°C;11,96;;;inkl. Tauchhülse;;;;;
ICH44;Verbindungswellschlauch 6/4;116,00;Stk;;;;;;;
ICH45;Rotguss Red-Muffe Nr.: 3242 5/4ix1a;0,00;Stk;;;;;;;
ICH48;Karosseriescheibe;0,00;Stk;;;;;;;
ICH90;Rohr 125x3,9, L=1600 (Lanze für HL750);0,00;Stk;;ACHTUNG: RICHTIGE LÄNGE: 1.600mm !!!(PPH grau);;;;;
ICH91;Rohr 125x3,9, L=1880 (Lanze für HL900);0,00;Stk;;ACHTUNG: RICHTIGE LÄNGE 1.880mm !!!(PPH grau);;;;;
ICH92;Rohr 63x3,6 L=5000 (Lanze für Combi HL);0,00;Lfm;;(PPH grau);;;;;
ICH93;Adapter Aussengewinde 63x2Stumpfschwe.;0,00;Stk;;(für Schichtladelanze Combi HL);;;;;
ICO04;COMBI STAR HY 1500 WP (EK,4 Fl.) - FERTIGUNGSLEISTUNG BRUNS;3111,00;Stk;;ohne Weichschaumisolierunginkl. Wärmetauscher und FlanschplatteSerien-Nr.;;;;;
ICO05;Pufferspeicher 1500(EK,1 Flansch) - FERTIGUNGSLEISTUNG BRUNS;0,00;Stk;;Ausführung mit 1 Flanschohne WärmedämmungSerien-Nr.;;;;;
ICO06;COMBI STAR HY 1500(EK,3 Fl.) o.WT,- FERTIGUNGSLEISTUNG BRUNS;0,00;Stk;;für Bestellungen ohne WärmetauscherSerien-Nr.;;;;;
ICO07;Weichschaumisolierung PUFFER / 1Fl.;725,00;Stk;;100 mm Weichschaumisolierung;;;;;
ICO08;Weichschaumisolierung COMBI1500/3 u.4Fl.;631,00;Stk;;;;;;;
ICO09;COMBI STAR HY 1500 (EK,3 Flansch) - FERTIGUNGSLEISTUNG BRUNS;2264,00;Stk;;ohne Weichschaumisolierunginkl. Wärmetauscher und FlanschplatteSerien-Nr.;;;;;
IEC04;ROHR 17x2 (H) für Verteileranschluß, 50 cm;;;;;;;;;
IEC05;ROHR 17x2 (H) für Verteileranschluß, 100 cm;;;;;;;;;
IEV35;EURO-Übergangsstück 1/2AG EINKAUFNR;0,02;Stk;;;;;;;
IEV36;EURO-Übergangsstück 1/2IG EINKAUFNR;0,02;Stk;;;;;;;
IHC01;Dämmplatte einseitig vert. 1000x450x30;0,00;Stk;;Papiersack zu 25 kg;;;;;
IHC02;Dämmplatte beidseitig vert. 1000x450x30;0,00;Stk;;Papiersack zu 25 kg;;;;;
IHC03;Dämmplatte ohne vert. 1000x450x30;0,00;Stk;;Papiersack zu 25 kg;;;;;
IHC05;Agroplan VP 10;0,00;Kg;;Papiersack zu 25 kg;;;;;
IHC06;Acryldichtmassekatusche grau;0,00;Stk;;;;;;;
IHC10;Gipsfaserplatte 625x1000x10 mm;11,02;Stk;;;;;;;
IHC15;Gipsfaserplatte 625x1500x10 mm;12,79;Stk;;;;;;;
IHC20;Gipsfaserplatte 625x2000x10 mm;17,37;Stk;;;;;;;
IHC25;Gipsfaserplatte 625x2500x10 mm;21,53;Stk;;;;;;;
IHC30;Gipsfaserplatte 625x2000x12,5 mm;18,10;Stk;;;;;;;
IHC35;Gipsfaserplatte 625x2000x15 mm;0,00;Stk;;;;;;;
IHC36;Gipsfaserplatte 625x2500x15mm;0,00;Stk;;;;;;;
IHC40;Gipskartonplatte 625x2000x12,5 mm;15,91;Stk;;;;;;;
IHC45;Gipskartonplatte 625x2000x15 mm;0,00;Stk;;;;;;;
IHC46;Gipskartonplatte 625x2500x15 mm;;;;;;;;;
IHC60;Hitherm+ Hochleistungsreg.620/500 mm Compact Innenschw.;;;;;;;;;
IHC61;Hitherm+ Hochleistungsreg.800/550 mm Compact Parabet Innensc;;;;;;;;;
IHC62;Hitherm+ Hochleistungsreg.1000/500 mm Compact Innenschw.;;;;;;;;;
IHC63;Hitherm+ Hochleistungsreg.1300/550 mm Compact Parabet Innens;;;;;;;;;
IHC64;Hitherm+ Hochleistungsreg.1500/500 mm Compact Innenschw.;;;;;;;;;
IHC65;Hitherm+ Hochleistungsreg.1800/550 mm Compact Parabet Innens;;;;;;;;;
IHC66;Hitherm+ Hochleistungsreg.2000/500 mm Compact Innenschw.;;;;;;;;;
IHC67;Hitherm+ Hochleistungsreg.2500/500 mm Compact Innenschw.;;;;;;;;;
IHC68;Hitherm+ Hochleistungsreg.1000/500 mm Compact DS Innenschw.;;;;;;;;;
IHC69;Hitherm+ Hochleistungsreg.1500/500 mm Compact DS Innenschw.;;;;;;;;;
IHC70;Hitherm+ Hochleistungsreg.2000/500 mm Compact DS Innenschw.;;;;;;;;;
IHC71;Hitherm+ Hochleistungsreg.2500/500 mm Compact DS Innenschw.;;;;;;;;;
IHC72;Hitherm+ Hochleistungsreg.620/500 mm Compact DS Innenschw.;;;;;;;;;
IHC90;HITHERM-Hochleistungsregister 620/50 mm grau;0,00;Stk;;;;;;;
IHC91;HITHERM-Hochleistungsregister 800/50 mm grau  Parapet;36,09;Stk;;samt 2 Befestigungsschienen(Sonderanfertigung!);;;;;
IHC92;HITHERM-Hochleistungsregister 1300/50 mm grau Parapet;0,00;Stk;;;;;;;
IHC93;HITHERM-Hochleistungsregister 1800/50 mm grau  Parapet;0,00;Stk;;;;;;;
IHI05;******HITHERM-Hochleistungsreg.850/500mmStückl;0,00;Stk;;;;;;;
IHI06;******HITHERM-Compact 625x620x12,5 mmoD;78,83;Stk;;Gipsfaserplatte, stehendohne Dämmung;;;;;
IHP01;Hitherm DD 5-Schicht 10 x 1,5;0,00;Lfm;;;;;;;
IHP05;HITHERM-Sammler 750 mm rot RA 5;5,67;Stk;;;;;;;
IHS01;Holländerteil Kunststoff da 16 mm;0,00;Stk;;;;;;;
IHS02;Holländerteil Kunststoff da 20 mm;0,00;Stk;;;;;;;
IHS03;Holländerteil Kunststoff da 25 mm;0,44;Stk;;;;;;;
IHS04;Holländerteil Kunststoff da 32 mm;1,67;Stk;;;;;;;
IHS05;Holländerteil Kunststoff da 40 mm;0,00;Stk;;;;;;;
IHS06;Holländerteil Kunststoff da 50 mm;0,00;Stk;;;;;;;
IHS50;Einlegeteil 1/2IG;0,00;Stk;;;;;;;
IHS51;Einlegeteil 3/4IG;0,00;Stk;;;;;;;
IHS52;Einlegeteil 1IG;0,00;Stk;;;;;;;
IHS53;Einlegeteil 5/4IG;0,00;Stk;;;;;;;
IHS54;Einlegeteil 6/4IG;0,00;Stk;;;;;;;
IHS55;Einlegeteil 2IG;0,00;Stk;;;;;;;
IHS56;Einlegeteil 2 1/2IG;0,00;Stk;;;;;;;
IHS60;Einlegeteil 1/2AG;0,00;Stk;;;;;;;
IHS61;Einlegeteil 3/4AG;0,00;Stk;;;;;;;
IHS62;Einlegeteil 1AG;0,00;Stk;;;;;;;
IHS63;Einlegeteil 5/4AG;0,00;Stk;;;;;;;
IHS64;Einlegeteil 6/4AG;0,00;Stk;;;;;;;
IHS65;Einlegeteil 2AG;0,00;Stk;;;;;;;
IHS66;Einlegeteil 2 1/2AG;0,00;Stk;;;;;;;
IHU45;Außenreduzierung 5/4 - 3/4;0,00;Stk;;;;;;;
IHU46;Überwurfmutter 1 1/4 kurz vernickelt;0,00;Stk;;;;;;;
IHU48;Außenreduzierung 2 - 5/4;0,00;Stk;;;;;;;
IHU49;Überwurfmutter 2;0,00;Stk;;;;;;;
IHX01;XXXHISAN-Reduktionsmuffe Ý 20/21 mm;1,51;Stk;;(Sonderanfertigung);;;;;
IKU01;GRANULAT  PP-R natur;0,00;Kg;;;;;;;
IKU02;GRANULAT PP-R grau;0,00;Kg;;;;;;;
IKU03;GRANULAT HDPE schwarz (Plastopl. Innpl.);0,00;Kg;;;;;;;
IKU05;PP426017 rot Masterbatch;0,00;Kg;;(EUROVAL);;;;;
IKU06;Orevac Gref PP 18760 NB 55 (SA PE 25K);0,00;Kg;;;;;;;
IKU07;Soarnol EVOH A4412H4 Ukgrade (SA PA 25K);0,00;Kg;;;;;;;
IKU09;Ink Jet Tinte (Linx Tin FA81010 SZ MEK);0,00;Ltr;;;;;;;
IKU10;Ink Jet Solvent (Linx Marque 1505);0,00;Ltr;;;;;;;
IKU12;REGRANULAT (Mahlgut);0,00;Kg;;;;;;;
IKU15;Doppelseitiges Klebeband für Clipschiene;0,00;Lfm;;;;;;;
IKU90;Sarmatene schwarz 406 Masterbatch;0,00;Kg;;;;;;;
IKU91;Nukleierungsmittel;0,00;Kg;;;;;;;
IKU92;REINIGUNGSGRANULAT (Plastoplan);0,00;Kg;;;;;;;
IMU01;Schallschutz Multistar 650;16,85;Stk;;;;;;;
IMU02;Schallschutz Multistar 1000;16,85;Stk;;;;;;;
IMU03;Nippel f. Multi/Combi-Verkleidung;1,18;Stk;;;;;;;
IMU04;Federlasche f. Multi/Combi-Verkleidung;0,00;Stk;;;;;;;
IMU05;Sechskantschraube 5x8 f. Multi/Combi-Vkl;0,00;Stk;;;;;;;
IMU06;Blindnieten Alu 5x10 f.Multi/Combi-Verkl;0,00;Stk;;;;;;;
IMU07;Blindnieten Alu 3x4 f. Multi/Combi-Verkl;0,00;Stk;;;;;;;
IMU08;Blechschraube 2,9x10mm f. Multi HMP;0,00;Stk;;;;;;;
IMU09;Schutzleiterklemme für Multi HMP;0,00;Stk;;;;;;;
IMU10;Ringkabelschuh 1,5mmø/M5 f. Multi HMP;0,00;Stk;;;;;;;
IMU11;Aderendhülse 1,5mmø f. Multi HMP;0,00;Stk;;;;;;;
IMU12;Schutzleiter gn/gr 1,5mmø f. Multi HMP;0,00;Lfm;;;;;;;
IMU13;Blechschraube 4,2x13 f. Multi/Combi-Vkl;0,00;Stk;;;;;;;
IMU14;Schrauben M10x16 sechskant verzinkt;0,00;Stk;;;;;;;
IMU15;Tauchhülsen f. Multi/Combi 160 mm (lang);6,76;Stk;;;;;;;
IMU16;Tauchhülsen f. Multi/Combi 80 mm (kurz);7,22;Stk;;;;;;;
IMU17;Draht-Haltefeder für Kapillare;0,26;Stk;;;;;;;
IMU18;Tellerstopfen T 43 mm natur;0,45;Stk;;;;;;;
IMU19;Transportschutzstopfen T28;0,00;Stk;;tranparent;;;;;
IMU20;Transportschutzkappen SK 12 transparent für Wärmetauscher;0,00;Stk;;;;;;;
IMU21;Stopfen 6/4schwarz (Nr. 290);0,00;Stk;;;;;;;
IMU22;KABELDURCHFÜHRUNG für MULTI Ö-HY;0,00;Stk;;;;;;;
IMU23;Schutzrohr Kunststoff für Wärmetauscher Länge 430mm (21x2,4);;;;eingebaut im Multi und Combi Star;;;;;
IMU40;BRENNKAMMER da750 KW 20 f. Multi 650;0,00;Stk;;;;;;;
IMU41;BRENNKAMMER da750 KW 30 f. Multi 650;0,00;Stk;;;;;;;
IMU42;BRENNKAMMER da750 KW 40 f. Multi 650;0,00;Stk;;;;;;;
IMU43;BRENNKAMMER da790 KW 30 f. Multi 1000;0,00;Stk;;;;;;;
IMU44;BRENNKAMMER da790 KW 40 f. Multi 1000;0,00;Stk;;;;;;;
IMU45;BRENNKAMMER da790 KW 50 f. Multi 1000;0,00;Stk;;;;;;;
IMU46;BRENNKAMMER da790 KW 65 f. Multi 1000;0,00;Stk;;;;;;;
IRE40;Kesselschaltfeld Multi KFG (vorgefertig);0,00;Stk;;;;;;;
IRE41;Kesselschaltfeld Multi Select vorgeferti;1485,00;Stk;;;;;;;
IRE42;Kesselschaltfeld Multi HMS alte BZ(vorgefertig);0,00;Stk;;;;;;;
IRE43;Kesselschaltfeld Mono KFG (vorgefertigt);0,00;Stk;;;;;;;
IRE44;Kesselschaltfeld Mono Select vorgefertig;0,00;Stk;;;;;;;
IRE45;Kesselschaltfeld Multi HMS-V5.0 (vorge.) inkl. U-Material;0,00;Stk;;;;;;;
IRE46;Kesselschaltfeld Multi Light-HMS V5.0(vorg inkl.) U-Material;0,00;Stk;;;;;;;
IRE47;Kesselschaltfeld Multi Gamma 23 vorgefertigt;;;;;;;;;
IRE48;Kesselschaltfeld Multi Gamma 33 vorgefertigt;;;;;;;;;
IRE90;KESSELSCHALTFELD GAMMA WR 23 m.Fühler;436,40;Stk;;;;;;;
IRE91;KESSELSCHALTFELD GAMMA WR 33 m.Fühler;475,00;Stk;;;;;;;
IRE92;Kabelsatz für Umbau Kesselschaltfeld Gamma 23 auf Gamma 33;;;;;;;;;
ISO14;Kanister (leer) für FRIKOSOL UN;0,00;Stk;;;;;;;
ISO15;FRIKOSOL Wärmeträgerflüssigkeit FKN 28 (EK);;;;;;;;;
ISO20;Flanschplatte m.Bohrung 3/4 Multi/Combi (EK);0,00;Stk;;245 mm;;;;;
ISO21;Flanschplatte mit Bohrung 1 Multi/Combi (EK);0,00;Stk;;245 mm;;;;;
ISO22;Blinddeckel f.Flansch 245 mm Multi+Combi (EK);;;;;;;;;
ISO23;Flanschplatte m Gewinde 6/4 Multi/Combi (EK);;;;245 mm;;;;;
ISOL6AO;Dämmung Außenteil 2/Ö-HY 650;114,90;Stk;;;;;;;
ISOL6AU;Dämmung Außenteil 1/Ö-HY 650;149,90;Stk;;;;;;;
ISOL6BOD;Dämmung Bodenteil Ö-HY 650;24,23;Stk;;;;;;;
ISOL6OBE;Dämmung Oberteil 2/Ö-HY 650;24,13;Stk;;;;;;;
ISOL9AO;Dämmung Außenteil 2/Ö-HY 1000;136,60;Stk;;;;;;;
ISOL9AU;Dämmung Außenteil 1/Ö-HY 1000;131,40;Stk;;;;;;;
ISOL9BOD;Dämmung Bodenteil Ö-HY 1000;23,50;Stk;;;;;;;
ISOL9FLO;Dämmung Flansch oben/Ö-HY 650+1000;15,08;Stk;;;;;;;
ISOL9FLU;Dämmung Flansch unten/Ö-HY 650+1000;7,17;Stk;;;;;;;
IUF90;Wago Klemme 2-L grau (260-303);0,01;Stk;;;;;;;
IUF91;Wago Klemme 4-L grau (260-331);0,01;Stk;;;;;;;
IUF92;Wago Klemme 2-L orange (260-306);0,01;Stk;;;;;;;
IUF93;Wago Klemme 4-L blau (260-334);0,01;Stk;;;;;;;
IUF94;Wago Klemme 2-L blau (260-304);0,01;Stk;;;;;;;
IUF95;Wago Klemme Abschlussplatte (260-361);0,01;Stk;;;;;;;
IUF97;Wago Einlegebrücke grau (260-402);0,01;Stk;;;;;;;
IUF98;Kabel mit Stecker weiß (2x0,75) L=2m;0,01;Stk;;;;;;;
IUF99;Iso-Abzweigkasten 150x110x70;0,01;Stk;;;;;;;
IUN001;Frontplatte Bedienzentrale V5.0 Spritzg.;0,00;Stk;;;;;;;
IUN002;Rückwand Bedienzentrale V5.0;0,00;Stk;;;;;;;
IUN003;Tastenfeld Bedienzentrale V5.0;0,00;Stk;;;;;;;
IUN004;Halterung Tastenfeld Bedienzentrale V5.0;0,00;Stk;;;;;;;
IUN005;Drehrad Bedienzentrale V5.0;0,00;Stk;;;;;;;
IUN006;Dämpfer f. Drehrad Bedienzentrale V5.0;0,00;Stk;;;;;;;
IUN007;Frontplatte Raumcontroller weiß Spritzg.;0,00;Stk;;;;;;;
IUN008;Drehrad Raumcontroller weiß;0,00;Stk;;;;;;;
IUN009;Rückwand Raumcontroller weiß;0,00;Stk;;;;;;;
IUN011;Montageplatte Bedienzentrale V5.0;9,30;Stk;;;;;;;
IUN012;Displaydichtung Bedienzentrale V5.0;0,00;Stk;;;;;;;
IUN013;Acrylglas Display Bedienzentrale V5.0;0,00;Stk;;;;;;;
IUN014;Druckfeder f. Drehrad Bedienz. V5.0;0,00;Stk;;;;;;;
IUN015;Schrauben 3,0 x 8 mm Bedienzentrale V5.0;0,00;Stk;;;;;;;
IUN016;Schrauben 3,0 x 6 mm Bedienzentrale V5.0;0,00;Stk;;;;;;;
IUN017;LK-Schraube 3x8 mm Bedienzentrale V5.0;0,00;Stk;;;;;;;
IUN018;Verpackungskarton Bedienzentrale V5.0;0,00;Stk;;;;;;;
IUN019;Elektronik BZ V5.0;0,00;Stk;;;;;;;
IUN020;Elektronik Raumcontroller V5.0 Temp.;0,00;Stk;;;;;;;
IUN021;Elektronik Raumcontroller Display V5.0;0,00;Stk;;;;;;;
IUN022;Elektronik Raumcontrol. feuchte V5.0Temp;0,00;Stk;;;;;;;
IUN030;Frontpl. Bedienzentrale V5.0 SG+lackiert;0,00;Stk;;;;;;;
IUN031;Frontplatte Raumcontroller weiß SG+bedr.;1,80;Stk;;;;;;;
IUN050;RC-Display Frontp.+Taste+Tastenh.+Folie;0,00;Stk;;;;;;;
IUN051;Rückwand Bedienz. aufgebohrt f. RC-Disp.;0,00;Stk;;;;;;;
IUN100;ABS-Material Wicomer S2000 natur;0,00;Kg;;;;;;;
IUN101;TPE-Material Eurolen F846 T natur (Tastenfeld);0,00;Kg;;;;;;;
IUN102;EMPERA 514 HIPS (Granulat Unterputzdose);0,00;Kg;;;;;;;
IUN104;Masterb.RAL 7012 Basaltgr. TPE UN 919667;0,00;Kg;;;;;;;
IUN105;Masterb.RAL 7012 Basaltgr.ABS SAN919677;0,00;Kg;;;;;;;
IUN106;Masterb. UN7291 RAL 7016 Anthrazitgrau;0,00;Kg;;;;;;;
IUN107;Masterb. UN0703 RAL 9007 Graualuminium;0,00;Kg;;;;;;;
IUN108;Masterb. UN1279 RAL 9016 Weiss;0,00;Kg;;;;;;;
IUN110;Maxithen SBD9365 grau (Batch Unterputzdose);0,00;Kg;;;;;;;
IUS001;Gehäuseboden Universum Select Spritzguss;0,00;Stk;;;;;;;
IUS002;Frontblende Universum Select Spritzguss;0,00;Stk;;;;;;;
IUS003;Bedienknopf-Set Univ. Select Spritzguss;0,00;Stk;;;;;;;
IUS20;Rainchek-Regenmeßgerät für Feuchtefühler;0,00;Stk;;;;;;;
IUS21;Sockel Schrac für Relais / Feuchtefühler;0,01;Stk;;;;;;;
IUS22;Relais Schrac 24 V AC 5A / Feuchtefühler;0,01;Stk;;;;;;;
IUT001;Platine RC UP Temperatur;0,00;Stk;;;;;;;
IUT002;Klemmendose für RC UP;0,99;Stk;;;;;;;
IUT003;Elektronikträger für RC UP;0,00;Stk;;;;;;;
IUT004;Membran Durchführungstüllen für RC UP;0,00;Stk;;;;;;;
IUT005;Abdeckung inkl. Stellrad für RC UP;20,07;Stk;;;;;;;
IUT006;Rahmen Standard 55 für RC UP;4,56;Stk;;;;;;;
IUT007;Poti-Steckachse für RC UP;2,08;Stk;;;;;;;
IUT008;Befestigungsschraube 2,9x9,5 für RC UP;0,00;Stk;;;;;;;
IUT009;Befestigungsschraube 2,9x13 für RC UP;0,00;Stk;;;;;;;
IUT010;Platine RC UP Feuchte;0,00;Stk;;;;;;;
IUT011;Platine RC UP Temperatur(S.-Nr: > 65000);0,00;Stk;;;;;;;
IUT012;Platine RC UP Feuchte (S.-Nr: > 65000);0,00;Stk;;;;;;;
IVO02;Gruppenmodul 2 fach (Spritzgussteil);0,00;Stk;;;;;;;
IVO03;Gruppenmodul 3 fach (Spritzgussteil);0,00;Stk;;;;;;;
IVO04;ABS-Mat. TR 558 A transpar. (VT-Fenster);0,00;Stk;;;;;;;
IVO05;Taboren PH32G20 Granulat;0,00;Kg;;;;;;;
IVO07;Eurokonus Aufnahme für Adapter;;;;;;;;;
IVO08;Einlegeteil 6/4 AG - 1 IG;0,00;Stk;;;;;;;
IVO11;Ventileinsatz f. KU-Verteiler (Vers.2);5,14;Stk;;;;;;;
IVO12;Bauschutzkappe für Ventileinsatz;0,25;Stk;;;;;;;
IVO13;Regelventil voreinstellbar u. justierbar;4,28;Stk;;;;;;;
IVO14;Topmeter DN15 1/2 AG 0,6  -2,4 l/min;;;;;;;;;
IVO15;Topmeter DN15 1/2 AG 1-4 l/min;13,00;Stk;;;;;;;
IVO16;Topmeter DN15 1/2 AG 2-8 l/min;;;;;;;;;
IVO17;O-Ring 17,13 x 2,62 EPDM 70 pero. vern.;0,10;Stk;;;;;;;
IVO18;O-Ring 12,0 x 3,5;0,10;Stk;;;;;;;
IVO20;Verteilerfenster;0,31;Stk;;;;;;;
IVO21;Beschriftungsbogen Deutsch Verteiler;0,52;Stk;;;;;;;
IVO22;Beschriftungsbogen Englisch Verteiler;0,52;Stk;;;;;;;
IVO25;Gestellschrauben VZ 8x80, 6KT;0,15;Stk;;;;;;;
IVO26;Multidübel Reca 10x60;0,28;Stk;;;;;;;
IVO27;Beilagscheibe M8, ST VZ;0,05;Stk;;;;;;;
IVO30;Mutter 3-teilige Verschraubung 21x2,4mm;1,30;Stk;;;;;;;
IVO31;Tülle 3-teilige Verschraubung 21x2,4 mm;0,86;Stk;;;;;;;
IVO32;Klemmring 3-teilige Verschraubung 21x2,4;0,25;Stk;;;;;;;
IVO35;Schraubenbeipack Ovalverteiler Wandhalter;;;;;;;;;
IWA01;Schallschutzhaube Saugseite KSA Typ 12;209,40;Stk;;;;;;;
IWA02;Schallschutzh. Ventilators. KSA Typ 12;204,90;Stk;;;;;;;
IWA03;Schallschutzhaube Saugseite KSA Typ 20;279,90;Stk;;;;;;;
IWA04;Schallschutzh. Ventilators. KSA Typ 20;251,90;Stk;;;;;;;
IWA05;Vibrationsdämpfer (Stellfüße) für WP-AIR;0,00;Stk;;;;;;;
IWA10;Schallschutzh. Saugseite(h)KSA12 ohne D.;0,00;Stk;;;;;;;
IWA11;Schallschutzh.Auslassseite(v)KSA 12 o.D.;0,00;Stk;;;;;;;
IWA12;Schallschutzh.Saugseite(h)KSA 20 ohne D.;0,00;Stk;;;;;;;
IWA13;Schallschutzh.Auslassseite(v)KSA 20 o.D.;0,00;Stk;;;;;;;
IWL001;Grundplatte KSA;0,00;Stk;;;;;;;
IWL002;L-Rahmen KSA;0,00;Stk;;;;;;;
IWL003;E-Box Halterung links;0,00;Stk;;;;;;;
IWL004;E-Box Halterung rechts;0,00;Stk;;;;;;;
IWL005;E-Box Grundteil;0,00;Stk;;;;;;;
IWL006;E-Box Abdeckung;0,00;Stk;;;;;;;
IWL007;Rahmenteil Steher für KSA;0,00;Stk;;;;;;;
IWL008;Rahmenteil quer für KSA;0,00;Stk;;;;;;;
IWL009;Rahmenteil längs für KSA;0,00;Stk;;;;;;;
IWL010;Rahmenknoten für KSA;0,00;Stk;;;;;;;
IWL011;li. Haltewinkel WT 10-21KW für KSA;0,00;Stk;;;;;;;
IWL012;li. Haltewinkel WT 7KW für KSA;0,00;Stk;;;;;;;
IWL013;re. Haltewinkel WT für KSA;0,00;Stk;;;;;;;
IWL014;Tropftasse für KSA;0,00;Stk;;;;;;;
IWL015;Ventilatorhalterung KSA 07 bis 21 kw;0,00;Stk;;;;;;;
IWL016;Konsole Regelpressostat für KSA;0,00;Stk;;;;;;;
IWL022;untere Verkleidung für KSA;0,00;Stk;;;;;;;
IWL023;obere Verkleidung für KSA;0,00;Stk;;;;;;;
IWL024;Haube Auslassseite für KSA;277,70;Stk;;;;;;;
IWL025;Haube Saugseite für KSA;0,00;Stk;;;;;;;
IWL026;seitlicher Oberteil für KSA;0,00;Stk;;;;;;;
IWL027;seitlicher Mittelteil für KSA;0,00;Stk;;;;;;;
IWL028;seitlicher Unterteil für KSA;0,00;Stk;;;;;;;
IWL029;Li. Abdeckung u. Innena Version 2009;0,00;Stk;;;;;;;
IWL030;Re. Abdeckung u. Innena Version 2009;0,00;Stk;;;;;;;
IWL031;Unterer Hinterteil Innena. Version 2009;0,00;Stk;;;;;;;
IWL032;Abdeckung oben 7 + 10 kW Version 2009;132,10;Stk;;;;;;;
IWL033;Abdeckung oben 15 + 21 kW Version 2009;0,00;Stk;;;;;;;
IWL034;XXX Alu Winkel 20/20/3 l=280mm;0,00;Stk;;;;;;;
IWL035;Haube Saugseite durchgelocht für KSA;206,00;Stk;;;;;;;
IWL036;Aluwinkel 40x40x4 mm inkl. Bohrungen f. Venturiverteiler;;;;;;;;;
IWL040;Abdeckung unten Innenaufstellung KSA;;;;;;;;;
IWL041;Seitliche Verkleidung unten Innenaufstellung KSA;;;;;;;;;
IWL042;Abdeckung oben 7 + 10 kW Ansaugseite Innenaufstellung;;;;;;;;;
IWL043;Abdeckung oben 7 + 10 kW Ventilatorseite Innenaufstellung;;;;;;;;;
IWL044;Abdeckung oben 15 + 21 kW Ansaugseite Innenaufstellung;;;;;;;;;
IWL045;Abdeckung oben 15 + 21 kW Ventilatorseite Innenaufstellung;;;;;;;;;
IWL090;Dämmung WPAir 16-teilige Garnitur;;;;;;;;;
IWL100;Exp.-Vent.TLE 0,7 R407C +30/-30 6x12ODF;0,00;Stk;;;;;;;
IWL101;Exp.-Vent.TLE 1,0 R407C +30/-30 6x12ODF;0,00;Stk;;;;;;;
IWL102;Exp.-Vent.TLE 1,5 R407C +30/-30 10x12ODF;0,00;Stk;;;;;;;
IWL104;Exp.-Vent.TLEX 3,0 R407C MOP+10 10x12ODF;0,00;Stk;;;;;;;
IWL105;Exp.-Vent.TLEX 3,5 R407C MOP+15 10x12ODF;0,00;Stk;;;;;;;
IWL106;Exp.-Vent.TLEX 4,5 R407C MOP+15 12x16ODF;0,00;Stk;;;;;;;
IWL107;Exp.-Vent.TLEX 4,5 R404A MOP+10 12x16ODF;0,00;Stk;;;;;;;
IWL108;Exp.-Vent.TMX R404A MOP+10;0,00;Stk;;;;;;;
IWL110;Exp.-Vent.TMVXBL R407C +30/-30 5/8UNFX12;0,00;Stk;;;;;;;
IWL111;Exp.Vent.TMVXBL R407C A+15/-30 5/8UNFX12;0,00;Stk;;;;;;;
IWL112;Exp.Vent.TMVX R407C A+15/-30 5/8X3/4UNF;0,00;Stk;;;;;;;
IWL113;Exp.Vent.Lötsockel XLS W 12+16X16+22ODF;0,00;Stk;;;;;;;
IWL114;Exp.Vent.Löts.ext.Drucka VLSX D 10x12ODF;0,00;Stk;;;;;;;
IWL115;XXXX Exp.Vent.Lötsockel VLSX D 10X12ODF;0,00;Stk;;;;;;;
IWL116;Exp.Vent.Lötsockel XLS D 12+16X16+22ODF;0,00;Stk;;;;;;;
IWL117;Exp.Vent.Oberteil TMVL(X) R404A A+15/-30;0,00;Stk;;;;;;;
IWL118;Exp.Vent.Oberteil TMVL(X) R407C A+15/-30;0,00;Stk;;;;;;;
IWL119;Exp.Vent.OT (MP50)TMVL(X) R407C A+15/-30;0,00;Stk;;;;;;;
IWL123;Düse XD 4,75;0,00;Stk;;;;;;;
IWL124;Düse XD 6;0,00;Stk;;;;;;;
IWL125;Lötadapter LA 5/8UNFX6ODF;0,00;Stk;;;;;;;
IWL129;Mag.Vent. MD 062MMS 230V AC 6ODF;0,00;Stk;;;;;;;
IWL130;Mag.Vent. MD 103MMS 10ODF;0,00;Stk;;;;;;;
IWL131;Mag.Vent. MS 103MMS 10ODF;0,00;Stk;;;;;;;
IWL132;Mag.Vent. MS 104MMS 12ODF;0,00;Stk;;;;;;;
IWL133;Mag.Vent. MS 124MMS 12ODF;0,00;Stk;;;;;;;
IWL134;Spule Mag.Vent. MC 102-227 230V 13W;0,00;Stk;;;;;;;
IWL135;Überwurfmutter X10 UM 5/8UNF 10+3/8;0,00;Stk;;;;;;;
IWL136;Überwurfmutter X10 UM 3/4UNF 12;0,00;Stk;;;;;;;
IWL150;Scroll Compressor ZH 09 KVE-TFD-526;0,00;Stk;;;;;;;
IWL151;Scroll Compressor ZH 13 KVE-TFD-526;0,00;Stk;;;;;;;
IWL152;Scroll Compressor ZH 18 KVE-TFD-526;0,00;Stk;;;;;;;
IWL153;Scroll Compressor ZH 24 KVE-TFD-526;0,00;Stk;;;;;;;
IWL156;Compressor Heizb.800mm f. ZH09,ZH13,ZH18;0,00;Stk;;;;;;;
IWL157;Compressor Heizb. 670mm f. ZH24;0,00;Stk;;;;;;;
IWL160;CB52-6H Wärmetauscher;0,00;Stk;;;;;;;
IWL161;Isolierung CB52*6;0,00;Stk;;;;;;;
IWL170;Evapor (Verdampfer) 4 rows;0,00;Stk;;;;;;;
IWL171;Evapor (Verdampfer) 6 rows;0,00;Stk;;;;;;;
IWL172;Evapor (Verdampfer) 8 rows;0,00;Stk;;;;;;;
IWL178;Flüssigkeitss.EFM4,2 (M10/RV10)4,2L m.V;0,00;Stk;;;;;;;
IWL179;Flüssigkeitss.EFM5,6 (M12/RV12)5,6L m.V;0,00;Stk;;;;;;;
IWL181;Anschlusskapillare mit Öffner K 06S 600 mm m. 2 KM 7/16 UNF;;;;;;;;;
IWL183;XXX Schrader T-Stück m. Mutter 7/16 UNF;0,00;Stk;;;;;;;
IWL184;XXXGomax Kältemittelleitung 4mm 600mm lg;0,00;Stk;;;;;;;
IWL185;Druckschalter-PS3 KSA HD;0,00;Stk;;;;;;;
IWL186;Kabel 3m für Druckschalter-PS3;0,00;Stk;;;;;;;
IWL188;Druckschalter-KP5 060-509666 KSA Abtau Ende;0,00;Stk;;;;;;;
IWL189;Patronendruckschalter KSA  ND  061F7523;0,00;Stk;;;;;;;
IWL190;Axiallüfter FE063-8EQ.4I.V7;0,00;Stk;;;;;;;
IWL191;Axiallüfter FE071-8EQ.6F.V7;0,00;Stk;;;;;;;
IWL192;Axiallüfter  FE063-8EQ.4I.V7P1 OWLET;;;;;;;;;
IWL193;Axiallüfter FE071-8EQ.6F.V7P1 OWLET;;;;;;;;;
IWL195;Heissgasthermostat 1NT01L-6338 TEK;0,00;Stk;;;;;;;
IWL199;Gelenkrohrschellen 20-24mm M8/M10;0,00;Stk;;;;;;;
IWL200;Umkehrventil RV6412080100;0,00;Stk;;;;;;;
IWL201;Umkehrventil RV6414080100;0,00;Stk;;;;;;;
IWL202;Umkehrventil RV6414120100;0,00;Stk;;;;;;;
IWL203;Magnetspule 230V RLDK414801000;0,00;Stk;;;;;;;
IWL208;Filtertrockner FF-164MMS 12 mm;0,00;Stk;;;;;;;
IWL250;AC/Armaflex Schlauch AC09x12;0,00;Lfm;;;;;;;
IWL251;AC/Armaflex Schlauch AC09x22;;;;;;;;;
IWL253;Spritzwand-Gummi DV 7/12;0,00;Stk;;;;;;;
IWL254;Spritzwand-Gummi DV 4/9;0,00;Stk;;;;;;;
IWL255;Spritzwand-Gummi DV 12 18;0,00;Stk;;;;;;;
IWL256;Spritzwand-Gummi DV 25 32;0,00;Stk;;;;;;;
IWL265;Ablaufventil 6/4 mit Anschlussgew. 6/4;0,00;Stk;;;;;;;
IWL270;Super-Grip Kante Typ 60;14,30;Stk;;;;;;;
IWL275;Kabelschellen 10 f. Heizband KSA;0,00;Stk;;;;;;;
IWL279;Kältemittel R407C;24,02;Kg;;;;;;;
IWL280;FRK-Becherniete. AL/St 4,8x11;0,00;Stk;;;;;;;
IWL281;Innensechskantschraube M5x16;0,06;Stk;;;;;;;
IWL282;Sechskantschraube M 10x30;0,00;Stk;;;;;;;
IWL283;Muttern M 10;0,00;Stk;;;;;;;
IWL284;Federring für M10;0,00;Stk;;;;;;;
IWL285;Scheibe M10;0,00;Stk;;;;;;;
IWL286;Scheibe für M4;0,00;Stk;;;;;;;
IWL287;Sechskantschraube M6 x 25;0,06;Stk;;;;;;;
IWL288;Muttern M 4;0,00;Stk;;;;;;;
IWL289;6KT-Stopmutter VZ M10;;;;;;;;;
IWL290;FRK-Becherniete AL/ST3,2 x 6,5;;;;;;;;;
IWL291;Senkkopf Innensechskanntschraube 6 x 40;0,00;Stk;;;;;;;
IWL292;Federring für M8;;;;;;;;;
IWL293;Scheibe 9021 VZ M10;;;;;;;;;
IWL294;;;;;;;;;;
IWL400;Gehäuse PC 30/25 - FC3  f. Wandgeh. L/W WP;98,80;Stk;;;;;;;
IWL410;Perfect Kabelverschr. M16x1,5;0,00;Stk;;;;;;;
IWL411;Sechskanntmutter M16x1,5;0,00;Stk;;;;;;;
IWL412;Perfect Kabelverschr. M12x1,5;0,00;Stk;;;;;;;
IWL413;Sechskanntmutter M12x1,5;0,00;Stk;;;;;;;
IWL415;Dachrinnenheizband 18/36W Devi;24,96;Lfm;;;;;;;
IWL420;Ausschalter CH10 A203-600E K.&N.;0,00;Stk;;;;;;;
IWL421;Schutzleiterklemme EK6/35;;;;;;;;;
IWL422;Reihenklemme SAK 6/35Pa blau;;;;;;;;;
IWL423;Reihenklemme SAK 6/35Pa;;;;;;;;;
IWL425;Beschriftungsn. Dekafix 6 FWZ 31-40;0,00;Stk;;;;;;;
IWL426;Beschriftungsn. Dekafix 6 FWZ 41-50;0,00;Stk;;;;;;;
IWL427;Beschriftungsn. Dekafix 6 FWZ 51-60;0,00;Stk;;;;;;;
IWL428;Beschriftungsn. Dekafix 6 FWZ 61-70;0,00;Stk;;;;;;;
IWL429;Beschriftungsn. Dekafix 6 FWZ 71-80;0,00;Stk;;;;;;;
IWL430;Beschriftungsn. Dekafix 6 FWZ BUS 1234;0,00;Stk;;;;;;;
IWL435;Aderendhülse isol. 2,5 qmm /8,0 (einzel) grau;0,00;Stk;;;;;;;
IWL436;Flachsteckh. Isol. 1,5-2,5 6,3x0,8 bl;0,00;Stk;;;;;;;
IWL437;Stoßverbinder Isol. 0,25-1,5;0,00;Stk;;;;;;;
IWL438;Querverbinder für SAK 2,5;0,00;Stk;;;;;;;
IWL450;Schrumpfschlauch IK 100mm 6/2;0,00;Stk;;;;;;;
IWL451;Schrumpfschlauch IK 100mm 9/3;0,00;Stk;;;;;;;
IWL452;Schrumpfschlauch IK 100mm 12/4;0,00;Stk;;;;;;;
IWL921;Schaltfeld KSA 7 KW;0,00;Stk;;;;;;;
IWL922;Schaltfeld KSA 10 und 15 KW;0,00;Stk;;;;;;;
IWL923;Schaltfeld KSA 21 KW;0,00;Stk;;;;;;;
IWL990;Einwegpalette 1100x1450;0,00;Stk;;;;;;;
IWP030;WP L-Rahmen Harreither;0,00;Stk;;;;;;;
IWP031;WP Bodenplatte;0,00;Stk;;;;;;;
IWP032;WP Gehäuse-Rückwand;0,00;Stk;;;;;;;
IWP033;WP Gehäuse-Rückw.Deckel;0,00;Stk;;;;;;;
IWP034;WP E-Konsole;0,00;Stk;;;;;;;
IWP035;WP Schallschutz-Mantel Ochsner 9-21 kW;0,00;Stk;;;;;;;
IWP036;WP Schallschutz-Deckel Ochsner 9-21 kW;0,00;Stk;;;;;;;
IWP037;WP Schallschutz-Mantel Harreither;0,00;Stk;;;;;;;
IWP038;WP Schallschutz-Deckel Harreither;43,89;Stk;;;;;;;
IWP039;WP Befestigungswinkel;0,00;Stk;;;;;;;
IWP040;WP Pumpen-Trägerprofil;0,00;Stk;;;;;;;
IWP041;WP Vorderteil Kunststoff RAL 9007;407,10;Stk;;;;;;;
IWP042;WP Abdeckung Elektronik Kunstst. trans.;0,00;Stk;;;;;;;
IWP043;WP Schallschutz-Mantel Ochsner 5-7 kW;0,00;Stk;;;;;;;
IWP044;WP Schallschutz-Deckel Ochsner 5-7 kW;0,00;Stk;;;;;;;
IWP056;Pumpe Grundfos ALPHA2 25-40 OC Version;;;;;;;;;
IWP057;Pumpe Grundfos ALPHA2 25-60 OC Version;;;;;;;;;
IWP058;Pumpe Grundfos UPS 32-60;0,00;Stk;;;;;;;
IWP059;Pumpe Grundfos UPS 32-40;0,00;Stk;;;;;;;
IWP060;Pumpe Grundfos UPS 25-40 OC Version;175,10;Stk;;;;;;;
IWP061;Pumpe Grundfos UPS 25-60 OC Version;208,60;Stk;;;;;;;
IWP062;Pumpe Grundfos UPS 25-80 OC Version;443,00;Stk;;;;;;;
IWP063;Pumpe Grundfos UPS 32-55;437,90;Stk;;;;;;;
IWP064;Pumpe Grundfos UPS 32-80 OC Version;561,00;Stk;;;;;;;
IWP065;Pumpe Grundfos UPS 32-120F 3x400-415V;868,00;Stk;;;;;;;
IWP066;Verschraubung-Satz Pumpe 1-1 RP/RP;0,00;Stk;;;;;;;
IWP067;Verschraubung-Satz Pumpe G2 X 1;0,00;Stk;;;;;;;
IWP068;Gewindeflansch 5/4  für UPS 32-120F;31,90;Stk;;;;;;;
IWP069;Reduziernippel für Gewindefl. 5/4 x 1;3,24;Stk;;;;;;;
IWP070;Gummi Flanschdichtung 32 PN 40;0,74;Stk;;;;;;;
IWP071;Gummi Dichtung DU 55x42x3;2,09;Stk;;;;;;;
IWP072;MS-Muffe reduziert 3240 5/4 x 1 IG;;;;;;;;;
IWP075;Rundpuffer TYP A D 25 mm, H 20 mm M6;0,00;Stk;;;;;;;
IWP076;Anschlagpuffer Typ APD D40mm, H40mm M10;0,00;Stk;;;;;;;
IWP077;Rundpuffer Typ C D 40mm, H 30 mm M8;4,39;Stk;;;;;;;
IWP078;Noppenplatte Typ 025 Dicke 50 mm;40,66;m2;;;;;;;
IWP079;TERODEM Kombinationsmaterial Typ 4621 H;112,60;m2;;;;;;;
IWP080;Gummi Industriewasserschlauch 25 x 5 mm;9,40;Lfm;;;;;;;
IWP081;Schlauchstück 1 AG x 25 mm;5,81;Stk;;;;;;;
IWP082;Schlauchbinder 30-40 mm;0,97;Stk;;;;;;;
IWP084;Rotguss Muffe 4270 1;4,39;Stk;;;;;;;
IWP085;Rotguss Doppelnippel 3280 1;4,39;Stk;;;;;;;
IWP086;Rotguss-T-Stück 4130 1x1/2x1;22,05;Stk;;;;;;;
IWP087;Rotguss Winkel 3092 1;10,49;Stk;;;;;;;
IWP088;Astrophon Schallschutzmatte 143;0,00;m2;;;;;;;
IWP089;AC/Armaflex Schlauch AC09x35;5,90;Lfm;;;;;;;
IWP090;AC/Armaflex B1 Tape, 50mm, 15m;2,62;Lfm;;;;;;;
IWP091;K-flex ST Endlosplatten selbstkl.10 mm;24,23;m2;;;;;;;
IWP092;Durchführungstülle DG 53 f. E.-Anschluss;6,64;Stk;;;;;;;
IWP095;Rotguss T-Stück 4130 1;10,49;Stk;;;;;;;
IWP096;Rotguss Verlängerung 1 x 25;10,49;Stk;;;;;;;
IWP142;6KT-Mutter 934-8 VZ M5;;;;;;;;;
IWP143;U-Scheibe 12 mm;0,05;Stk;;;;;;;
IWP144;SK-I-6KT-Schr. M3 x 10 mm f. Scharn.;0,03;Stk;;;;;;;
IWP145;Mutter M 3;0,03;Stk;;;;;;;
IWP146;Blindniete Alu 4,8 x 10;0,00;Stk;;;;;;;
IWP147;U-Scheibe 3 mm;0,03;Stk;;;;;;;
IWP148;U-Scheibe 5 mm;0,03;Stk;;;;;;;
IWP149;Blindniete Alu 3x10;0,00;Stk;;;;;;;
IWP150;Linsenschrauben Innensechsk. flach M4x16;0,10;Stk;;;;;;;
IWP151;Linsenschrauben Innensechsk. flach M5x16;0,12;Stk;;;;;;;
IWP152;Blindeinnietmutter flach M 5;0,00;Stk;;;;;;;
IWP153;Blindeinnietmutter M 4x25;0,00;Stk;;;;;;;
IWP154;Blindniete Alu 4x10;0,00;Stk;;;;;;;
IWP155;Innensechskantschraube M 6x20;0,06;Stk;;;;;;;
IWP156;Sechskantschraube M 8x12;0,10;Stk;;;;;;;
IWP157;U-Scheibe 8 mm;0,03;Stk;;;;;;;
IWP158;Scheibe 20x5,3x1,25;0,00;Stk;;;;;;;
IWP159;Blechschraube (ZYL LI KO VZ) 4,8 x 13;0,03;Stk;;;;;;;
IWP160;Sechskantschraube M 8x16;0,00;Stk;;;;;;;
IWP161;6KT-Mutter 934-8 VZ M 6;0,00;Stk;;;;;;;
IWP162;U-Scheibe 6 mm;0,00;Stk;;;;;;;
IWP163;Sechskantschrauben M 12x60;0,00;Stk;;;;;;;
IWP164;6KT-Mutter 934-8 VZ M 10;0,00;Stk;;;;;;;
IWP165;Flanschdichtung AD 75, ID 40;0,00;Stk;;;;;;;
IWP166;Aderendhülse Isol. 1,5 / 8,0 schwarz;0,00;Stk;;;;;;;
IWP167;Kabel 3-polig (Leitg. YMM-J GR);0,00;Lfm;;;;;;;
IWP195;6KT-Schraube 933 8.8 VZ 6 x 30;;;;;;;;;
IWP196;6KT-Schraube 933 8.8 VZ 5 x 6;;;;;;;;;
IWP197;I-6KT-Schraube 912 8.8 VZ 6 x 65;;;;;;;;;
IWP198;Schnorrsicherung F. M 5;0,00;Stk;;;;;;;
IWP200;Thermo-Expansionsventil TIE-NW;0,00;Stk;;;;;;;
IWP201;Thermoexpansionsventil TIE-HW;82,06;Stk;;;;;;;
IWP202;Ventileinsatz für TI-Ventil TIO-002;18,93;Stk;;;;;;;
IWP203;Ventileinsatz für TI-Ventil TIO-003;18,93;Stk;;;;;;;
IWP204;Ventileinsatz für TI-Ventil TIO-004;18,93;Stk;;;;;;;
IWP205;Ventileinsatz für TI-Ventil TIO-005;18,93;Stk;;;;;;;
IWP206;Ventileinsatz für TI-Ventil TIO-006;18,93;Stk;;;;;;;
IWP207;Lötadapter für TI-Ventil X 99983;0,00;Stk;;;;;;;
IWP208;Lötadapter für TI-Ventil X 99981;17,99;Stk;;;;;;;
IWP209;2-Wege Magnetventil 200 RB 4 T4 (12 mm);0,00;Stk;;;;;;;
IWP210;2-Wege Magnetventil 200 RB 6 T4 (12 mm);0,00;Stk;;;;;;;
IWP211;2-Wege Magnetventil 200 RB 6 T5;0,00;Stk;;;;;;;
IWP212;2-Wege Magnetventil 240 RA 8 T5;0,00;Stk;;;;;;;
IWP213;2-Wege Magnetventil 240 RA 9 T5;0,00;Stk;;;;;;;
IWP214;2-Wege Magnetventil 240 RA 12 T7;0,00;Stk;;;;;;;
IWP215;2-Wege Magnetventil 240 RA 16 T9;0,00;Stk;;;;;;;
IWP216;2-Wege Magnetventil 240 RA 20 T11 M;0,00;Stk;;;;;;;
IWP217;2-Wege Magnetventil 540 RA 8 T5;0,00;Stk;;;;;;;
IWP218;2-Wege Magnetventil 540 RA 9 T5;0,00;Stk;;;;;;;
IWP219;2-Wege Magnetventil 540 RA 12 T7;0,00;Stk;;;;;;;
IWP220;2-Wege Magnetventil 540 RA 16 T9;0,00;Stk;;;;;;;
IWP221;2-Wege Magnetventil 540 RA 20 T11;0,00;Stk;;;;;;;
IWP222;Spule für Magnetventil ASC 230V / 50 Hz;0,00;Stk;;;;;;;
IWP223;Anschlusskabel f. Magnetv. ASC-N15(1,5m);0,00;Stk;;;;;;;
IWP224;Anschlusskabel f. Magnetv. ASC-N30(3m);0,00;Stk;;;;;;;
IWP225;Schraderv. 3/8 2 fach + Ventileinsatz;7,12;Stk;;Artikel besteht aus 2 Positionen;;;;;
IWP226;Bördelmutter B6;0,00;Stk;;;;;;;
IWP227;Bördelmutter B12;0,00;Stk;;;;;;;
IWP228;Schrader-Lötstutzen S-HS 7/16x6/8/10;7,12;Stk;;;;;;;
IWP240;Scroll Compressor ZH 15 K4E-TFD-524;0,00;Stk;;;;;;;
IWP241;Scroll Compressor ZH 21 K4E-TFD-524;0,00;Stk;;;;;;;
IWP242;Scroll Compressor ZH 26 K4E-TFD-524;0,00;Stk;;;;;;;
IWP243;Scroll Compressor ZH 30 K4E-TFD-524;0,00;Stk;;;;;;;
IWP244;Scroll Compressor ZH 38 K4E-TFD-524;1467,00;Stk;;;;;;;
IWP245;Scroll Compressor ZH 45 K4E-TFD-524;1758,00;Stk;;;;;;;
IWP246;Scroll Compressor ZH 56 K4E-TFD-524;2545,00;Stk;;;;;;;
IWP247;Scroll Compressor ZR 94 KCE-TFD-550;2364,00;Stk;;;;;;;
IWP250;Filtertrockner Dancon DML 083s;23,61;Stk;;;;;;;
IWP251;Schauglas 10mm Loet SGN 10S;23,61;Stk;;;;;;;
IWP252;Magnetventil o.Sp.1/2 EVRC 10;0,00;Stk;;;;;;;
IWP253;Spule 230V/50Hz m. Klemmdose;0,00;Stk;;;;;;;
IWP254;Soft starter MCI 15CH 15A;287,70;Stk;;;;;;;
IWP255;Soft starter MCI 25CH 25A;294,50;Stk;;;;;;;
IWP256;ACB Pressure Control 2/3bar-KSA Abtau Start u. KS ND;27,66;Stk;;;;;;;
IWP257;ACB Pressure Control 34/27bar-UNF/spades;29,54;Stk;;;;;;;
IWP258;ACB Druckschalter 28 bar;0,00;Stk;;;;;;;
IWP259;ACB Pressure Control 1/4 F flare R404a 26 NC 20 bar;24,96;Stk;;;;;;;
IWP265;AC50-40HX Wärmetauscher;0,00;Stk;;;;;;;
IWP266;AC50-60HX Wärmetauscher;0,00;Stk;;;;;;;
IWP267;AC120-40EQ Wärmetauscher;0,00;Stk;;;;;;;
IWP268;Alfa Nova 52-40H Wärmetauscher;0,00;Stk;;;;;;;
IWP269;Alfa Nova 52-60H WT-CETEVAP-Syst.;0,00;Stk;;;;;;;
IWP270;Alfa Nova 76-40H Wärmetauscher;0,00;Stk;;;;;;;
IWP271;Isolierung CB52 f. 40 Platten;0,00;Stk;;;;;;;
IWP272;Isolierung CB60 f. 60 Platten;0,00;Stk;;;;;;;
IWP273;Isolierung CB76 f. 40 Platten;0,00;Stk;;;;;;;
IWP278;Hartlot L-AG 40 U, 2x500mm;457,40;Kg;;;;;;;
IWP279;Kältemittel R417A;45,76;Kg;;;;;;;
IWP280;AC/Armaflex Schlauch AC09x28;3,07;Lfm;;;;;;;
IWP281;AC/Armaflex Schlauch AC09x18;2,40;Lfm;;;;;;;
IWP282;Kleber Armaflex 520 1 Liter;0,00;Ltr;;;;;;;
IWP283;KS-Rohr weich 6x1mm in Ringen;5,22;Lfm;;;;;;;
IWP284;KS-Rohr halbhart 10x1mm in Stangen;9,26;Lfm;;;;;;;
IWP285;KS-Rohr halbhart 12x1mm in Stangen;11,23;Lfm;;;;;;;
IWP286;KS-Rohr halbhart 16x1mm in Stangen;0,00;Lfm;;;;;;;
IWP287;KS-Rohr halbhart 22x1mm in Stangen;19,14;Lfm;;;;;;;
IWP288;KS-Rohr halbhart 28x1mm in Stangen;12,27;Lfm;;;;;;;
IWP289;Bogen RxF 90° 5001a 16mm;1,46;Stk;;;;;;;
IWP290;Bogen RxR 90° 5002a 16mm;1,46;Stk;;;;;;;
IWP291;Bogen RxF 90° 5001a 28mm;4,05;Stk;;;;;;;
IWP292;Bogen RxR 90° 5002a 28mm;1,92;Stk;;;;;;;
IWP293;Muffe red. RxF 5243 22x16 mm;0,00;Stk;;;;;;;
IWP294;Muffe red. RxF 5243 35x22 mm;0,00;Stk;;;;;;;
IWP295;Muffe red. RxF 5243 35x28 mm;0,00;Stk;;;;;;;
IWP296;Muffe red. RxF 5243 28x16 mm;0,00;Stk;;;;;;;
IWP297;Muffe red. RxF 5243 28x22 mm;0,00;Stk;;;;;;;
IWP298;Muffe red. RxF 5243 16x10 mm;0,00;Stk;;;;;;;
IWP299;T-Stück 5130 28 mm;0,00;Stk;;;;;;;
IWP300;T-Stück 5130 22 mm;0,00;Stk;;;;;;;
IWP301;T-Stück 5130 16 mm;0,00;Stk;;;;;;;
IWP302;T-Stück 5130 12 mm;0,00;Stk;;;;;;;
IWP303;T-Stück red. 5130 16x12x16 mm;0,00;Stk;;;;;;;
IWP304;T-Stück red. 5130 22x12x18 mm;0,00;Stk;;;;;;;
IWP305;T-Stück red. 5130 22x10x22 mm;0,00;Stk;;;;;;;
IWP306;Bogen RxF 90° 5001a 22mm;2,14;Stk;;;;;;;
IWP307;Bogen RxR 90° 5002a 22mm;1,55;Stk;;;;;;;
IWP308;Muffe red. RxF 5243 22x10 mm;0,00;Stk;;;;;;;
IWP309;Muffe red. RxF 5243 22x12 mm;0,00;Stk;;;;;;;
IWP310;Muffe red. RxF 5243 42x22 mm;0,00;Stk;;;;;;;
IWP311;Muffe red. RxF 5243 28x12 mm;0,00;Stk;;;;;;;
IWP312;Muffe red. RxF 5243 16x12 mm;0,00;Stk;;;;;;;
IWP313;Muffe red. RxR 5240 22x16 mm;0,00;Stk;;;;;;;
IWP314;Muffe red. RxF 5243 35x15 mm;0,00;Stk;;;;;;;
IWP315;Anti-Vibrationsplatte Gummi MP-12;0,00;Stk;;;;;;;
IWP316;Muffe red. RxF 5243 28x10 mm;0,00;Stk;;;;;;;
IWP317;Muffe red. RxF 5240 28x12 mm;0,00;Stk;;;;;;;
IWP318;T-Stück red. 5130 12x10x12 mm;0,00;Stk;;;;;;;
IWP319;KS-Rohr halbhart 18x1 mm in Stangen;;;;;;;;;
IWP320;KS-Rohr halbhart 35x1,5 mm in Stangen;0,00;Lfm;;;;;;;
IWP321;Bogen RxF 90° 5001a 35 mm;0,00;Stk;;;;;;;
IWP322;Muffe red. RxF 5240 35x22 mm;0,00;Stk;;;;;;;
IWP323;Muffe red. RxR 5240 35x15 mm;0,00;Stk;;;;;;;
IWP324;Muffe red. RxR 5240 28x22 mm;0,00;Stk;;;;;;;
IWP325;T-Stück 5130 10mm;0,00;Stk;;;;;;;
IWP326;Muffe red. RxR 5240 22x12 mm;0,00;Stk;;;;;;;
IWP327;Muffe red. RxR 5240 28x16mm;;;;;;;;;
IWP337;Edelstahl Tauchhülse 1/2x 100 mm;34,63;Stk;;;;;;;
IWP338;Edelstahl Tauchhülse 1/2x 150 mm;0,00;Stk;;;;;;;
IWP339;Ms-Reduktion 3241 1x1/2 A-Gew.x I-Gew.;0,00;Stk;;;;;;;
IWP340;Tauchhülse 100 mm Kupfer;0,00;Stk;;;;;;;
IWP341;Gelenkrohrschelle FGRS Plus 1 32-37mm;0,00;Stk;;;;;;;
IWP342;Gelenkrohrschelle FGRS Plus 5/4 40-45mm;0,00;Stk;;;;;;;
IWP343;Gelenkrohrschelle FGRS Plus 6/4 48-53mm;0,00;Stk;;;;;;;
IWP350;6KT-Schraube 8x50 mm;0,00;Stk;;;;;;;
IWP351;SK-I-6KT-Schraube 4x16 mm;0,00;Stk;;;;;;;
IWP352;6KT-Schraube 8x45 mm;0,00;Stk;;;;;;;
IWP353;6KT-Stoppmutter 985-8 VZ  8 mm;0,00;Stk;;;;;;;
IWP354;Mutter M 8;0,00;Stk;;;;;;;
IWP355;Sechskantschraube M 8x20;0,00;Stk;;;;;;;
IWP356;Innensechskantschraube M6 x 16;0,06;Stk;;;;;;;
IWP357;Innensechskantschraube M 8x70;0,00;Stk;;;;;;;
IWP358;Blindeinnietmutter M 6 - 3;0,00;Stk;;;;;;;
IWP359;Innensechskantschraube M5 x 12;0,06;Stk;;;;;;;
IWP360;Verschraubung (1 Stk.) für UPS 32 MS;0,00;Stk;;;;;;;
IWP366;Innensechskantschraube M5 x 10;0,06;Stk;;;;;;;
IWP369;EVR 6 Magnetventil 12 mm löt;0,00;Stk;;;;;;;
IWP370;EVR 10 Magnetventil 12 mm löt;0,00;Stk;;;;;;;
IWP371;EVR 10 Magnetventil 16 mm löt;0,00;Stk;;;;;;;
IWP372;EVR 15 Magnetventil 16 mm löt;0,00;Stk;;;;;;;
IWP373;EVR 15 Magnetventil 22 mm löt;0,00;Stk;;;;;;;
IWP374;EVR 20 Magnetventil 22 mm löt;0,00;Stk;;;;;;;
IWP375;EVR 22 Magnetventil 35 mm löt;0,00;Stk;;;;;;;
IWP376;EVR 25 Magnetventil 28 mm löt;0,00;Stk;;;;;;;
IWP377;Spule 220/230V/50Hz 12 W;46,07;Stk;;;;;;;
IWP380;Rückschlagventil RV-03MMS 10x10 ODF;44,62;Stk;;;;;;;
IWP381;Rückschlagventil 04MMS 12x12ODF;48,46;Stk;;;;;;;
IWP382;NRV 16 S Rückschlagventil 16 mm;55,02;Stk;;;;;;;
IWP385;Schauglas Loet SLI12 12x12 ODF;32,45;Stk;;;;;;;
IWP386;Filtertrockner FF084MMS 12 mm;27,87;Stk;;;;;;;
IWP387;TCAE E-Ventil R 22 ohne Düse;134,30;Stk;;;;;;;
IWP388;Düse TCAE Größe 2;33,80;Stk;;;;;;;
IWP389;Düse TCAE Größe 3;32,55;Stk;;;;;;;
IWP392;Exp.-Ventil Honeyw.TMVX 407C 5/8x3/4 UNF;88,50;Stk;;;;;;;
IWP393;XXX Düse TMVD 4,75 f. Honeywell Ex.-Ventil;16,85;Stk;;;;;;;
IWP394;Bördelm. Honeyw. X10 UM5/8UNF 10-3/8;2,41;Stk;;;;;;;
IWP399;Anlegethermostat GAT/7C2,0/90° C;23,09;Stk;;;;;;;
IWP400;Tragschiene 35x7,5 mm;0,00;Lfm;;;;;;;
IWP401;Glasrohrsicherung Flink 5x20;0,64;Stk;;;;;;;
IWP402;Motorschutzschalter GV2-ME10 4-6,3 A;83,72;Stk;;;;;;;
IWP403;Motorschutzschalter GV2-ME14 6-10 A;101,00;Stk;;;;;;;
IWP404;Motorschutzschalter GV2-ME16 9-14 A;88,40;Stk;;;;;;;
IWP405;Motorschutzschalter GV2-ME20 13-18 A;101,00;Stk;;;;;;;
IWP406;Beschriftungsn. Dekafix 6 FWZ L1-L3,N,PE;0,00;Stk;;;;;;;
IWP407;Beschriftungsn. Dekafix 6 FWZ 21-30;0,00;Stk;;;;;;;
IWP408;Beschriftungsn. Dekafix 6 FWZ 11-20;0,00;Stk;;;;;;;
IWP409;Beschriftungsn. Dekafix 6 FWZ 1-10;0,00;Stk;;;;;;;
IWP410;Abschlussplatte APKRG;0,00;Stk;;;;;;;
IWP411;Abschlussplatte AP 2,5;0,00;Stk;;;;;;;
IWP412;Schütz 9A LC1-D09P7;47,11;Stk;;;;;;;
IWP413;Hilfsschalter GVAN-11 seitlich;12,90;Stk;;;;;;;
IWP414;Verdrahtungskanal LK4 60H/25B;0,00;Lfm;;;;;;;
IWP415;Relais 4 Umschaltk. PT 570730 Schrack;12,17;Stk;;;;;;;
IWP416;Fassung (Sockel) f. Relais Schrack 14p.;12,17;Stk;;;;;;;
IWP417;Endwinkel EW 35;0,00;Stk;;;;;;;
IWP418;Flachsteckh. Isol. 0,25-1,25 4,8x0,8 rot;0,00;Stk;;;;;;;
IWP419;Flachsteckh. hiso. 1,5-2,5 6,3x0,8 mm bl;0,00;Stk;;;;;;;
IWP420;Flachsteckh. Isol. 0,25-1,5 6,3x0,8 rot;0,00;Stk;;;;;;;
IWP421;Schutzleiterklemme EK 2,5/35;4,93;Stk;;;;;;;
IWP422;Reihenklemme SAK 2,5/35Pa blau;1,92;Stk;;;;;;;
IWP423;Reihenklemme SAK 2,5/35Pa;1,62;Stk;;;;;;;
IWP424;Schutzleiterklemme 7P.;0,00;Stk;;;;;;;
IWP425;Sicherungsklemme SAKS 1/35;9,77;Stk;;;;;;;
IWP426;Quetschkabelschuh Ringf. blau M5 1,5-2,5;0,00;Stk;;;;;;;
IWP427;Aderendhülse isol. 0,5 qmm / 8,0;0,00;Stk;;;;;;;
IWP428;Aderendhülse isol. H1/14 Bandware;0,00;Stk;;;;;;;
IWP429;Aderendhül.H1,5/14 Bandware rot;0,03;Stk;;;;;;;
IWP430;Aderendhülse Bandw. Stripax+ H2,5/14 BL;0,00;Stk;;;;;;;
IWP431;Twin-Aderendhülse 1,5 qmm / 8,0 sw;0,00;Stk;;;;;;;
IWP432;Twin-Aderendhülse 1,0 qmm / 8,0;0,00;Stk;;;;;;;
IWP433;Kabelbinder natur 142x2,5 mm;0,00;Stk;;;;;;;
IWP434;PVC-Verdrahtungsleit. H07V-K 1,5 schwarz;0,00;Lfm;;;;;;;
IWP435;PVC-Verdrahtungsleit. H07V-K 1,5 blau;0,00;Lfm;;;;;;;
IWP436;PVC-Verdrahtungsleit. H07V-K 2,5 schwarz;0,00;Lfm;;;;;;;
IWP437;PVC-Steuerleitung YSLY-JZ 4x2,5 mm;0,00;Lfm;;;;;;;
IWP438;PVC-Steuerleitung YSLY-JZ 3x1 mm;1,45;Lfm;;;;;;;
IWP439;PVC-Schlauchleitung H05VV-F 2x1 mm;1,23;Lfm;;;;;;;
IWP440;PVC-Schlauchleitung H05VV-F 4x1,5 mm;1,92;Lfm;;;;;;;
IWP441;PVC-Schlauchleitung H05VV-F 3x1 mm;1,18;Lfm;;;;;;;
IWP445;PVC-Verdrahtungsleit. H05V-K 1,0 schwarz;0,32;Lfm;;;;;;;
IWP446;Elektronikleitung LIYCY 5x0,34;0,00;Lfm;;;;;;;
IWP447;PVC-Verdrahtungsleit. H07V-K 1,5 gelb/gr;0,00;Lfm;;;;;;;
IWP448;PVC-Verdrahtungsleit. H07V-K 2,5 blau;0,00;Lfm;;;;;;;
IWP449;PVC-Verdrahtungsleit. H07V-K 2,5 gelb/gr;0,00;Lfm;;;;;;;
IWP450;PVC-Schlauchleitung H05VV-F 3x1,5 mm;1,52;Lfm;;;;;;;
IWP451;Perfect-Kabelverschraubung M20x1,5;0,00;Stk;;;;;;;
IWP452;Sechskantm. M20x1,5 f.Perfect-Kabelvers.;0,00;Stk;;;;;;;
IWP453;Quetschkabelschuh Ringf. blau M6 1,5-2,5;0,00;Stk;;;;;;;
IWP454;Elektronikleitung LIYCY 4x0,34;1,05;Lfm;;;;;;;
IWP455;Kabelbinder natur 292 x 3,6 mm;0,00;Stk;;;;;;;
IWP456;Kabelbinder natur 368 x 4,8 mm;0,00;Stk;;;;;;;
IWP480;9POL SUB-D Buchse Staubkappe;0,00;Stk;;;;;;;
IWP481;Wippschalter rund 16 A LED grün;7,27;Stk;;;;;;;
IWP482;Sub-D Stecker TMC-S Sift Loetkelch 9 pol;0,00;Stk;;;;;;;
IWP483;Buchse 2 pol Wieland ST17/2 B1 ZEV KGR;0,00;Stk;;;;;;;
IWP484;Stecker 2 pol Wieland ST17/2 S ZEV KGR;0,00;Stk;;;;;;;
IWP485;Stecker Phoenix MC 1,5/4-St-3,81;3,65;Stk;;;;;;;
IWP486;Buchse Phoenix IMC 1,5/4-St-3,81;4,53;Stk;;;;;;;
IWP490;Aderendhülse isol. 1 qmm / 8,0 (einzel);0,00;Stk;;;;;;;
IWP600;CB52-40H Wärmetauscher;0,00;Stk;;;;;;;
IWP601;CB60-60H Wärmetauscher;0,00;Stk;;;;;;;
IWP602;CB76-40H Wärmetauscher;0,00;Stk;;;;;;;
IWP605;Verteiler VC-104015 für CB52-40H;0,00;Stk;;;;;;;
IWP606;Verteiler VC-106014 (606014) für CB52-60H (CB60-60);0,00;Stk;;;;;;;
IWP607;Verteiler VC-204010 für CB76-40H;0,00;Stk;;;;;;;
IWP608;Sinterfilter f. CB52-40H u. CB 52-60H;0,00;Stk;;;;;;;
IWP609;Sinterfilter f. CB76-40H;0,00;Stk;;;;;;;
IWP620;Exp.-Vent.Honeyw.TMX-00051 R407C MOP+15;128,00;Stk;;;;;;;
IWP621;Düse TMXD-00102 XD 5 für TMX-0051;65,52;Stk;;;;;;;
IWP622;Sockel TMXLS-00001 f. TMX-00051;37,44;Stk;;;;;;;
IWP625;Exp.-Vent.Honeyw.TMVL-E0707 R417A;86,32;Stk;;;;;;;
IWP626;Lötsockel für TMVL-E0707 Durchgangsf.;0,00;Stk;;;;;;;
IWP627;Düse VD 3,5 für TMVL;0,00;Stk;;;;;;;
IWP628;Düse VD 4,5 für TMVL;0,00;Stk;;;;;;;
IWP629;Düse VD 4,75 für TMVL;16,33;Stk;;;;;;;
IWP640;Schauglas SLI 10 - 10 mm;23,40;Stk;;;;;;;
IWP642;Filtertrockner FF083MMS 10 mm;21,84;Stk;;;;;;;
IWP701;Bodenblech WP;0,00;Stk;;;;;;;
IWP702;Rückwand WP;0,00;Stk;;;;;;;
IWP703;Rahmen links WP;0,00;Stk;;;;;;;
IWP704;Rahmen rechts WP;0,00;Stk;;;;;;;
IWP705;Querstrebe WP;0,00;Stk;;;;;;;
IWP706;E-Konsole WP;0,00;Stk;;;;;;;
IWP707;Seitenteil hinten links WP;0,00;Stk;;;;;;;
IWP708;Seitenteil hinten rechts WP;0,00;Stk;;;;;;;
IWP709;Seitenteil vorne links WP;0,00;Stk;;;;;;;
IWP710;Seitenteil vorne rechts WP;0,00;Stk;;;;;;;
IWP711;Vorderteil WP;114,20;Stk;;;;;;;
IWP712;Deckelhalterung WP;0,00;Stk;;;;;;;
IWP714;Montagegehäuse Bedienz. WP lackiert;30,68;Stk;;;;;;;
IWP715;Abdeckhaube Kunststoff blau WP;209,10;Stk;;;;;;;
IWP716;Montagegehäuse Kunstst. Bedienz. WP SG;0,00;Stk;;;;;;;
IWP717;Deckel Montagegehäuse WP Spritzgussteil;0,00;Stk;;;;;;;
IWP718;Ecken Kunstst. für Bodenblech WP;0,00;Stk;;;;;;;
IWP719;Dämmung WP Sole 9-teilige Garnitur;;;;;;;;;
IWP720;Luftschalldämmplatte 20 mm (PUR-H.-str.);36,61;m2;;;;;;;
IWP721;Luftschalldämmplatte 26 mm (PVC-H.-gel.);51,27;m2;;;;;;;
IWP722;A+P Rundpuffer Typ AT, D 40 mm, H 28 mm, G M10, L25 Kompr.;;;;;;;;;
IWP723;Anschlagpuffer Typ E D40mm,H30mm M8 16mm;;;;;;;;;
IWP724;XXX Anschlagpuffer Typ E D40mm, H28mm G M8;0,00;Stk;;;;;;;
IWP725;Scharnier Messing 40/35 mm;0,00;Stk;;;;;;;
IWP726;Wippschalter einpolig ein/aus für WP;0,00;Stk;;;;;;;
IWP727;Hutmutter Edelstahl A2 M6;0,00;Stk;;;;;;;
IWP728;Gewindebolzen d7x19 M5 f. Montagegehäuse;1,35;Stk;;;;;;;
IWP730;Rohrschelle grün + APK + DP + SSL f. WP;9,40;Stk;;;;;;;
IWP731;ND-Hülse DN25I38,0 Loch28,0 für Schlauch;2,08;Stk;;;;;;;
IWP735;ThermoStop Flexo-Fix Nr.23 R1 S+S Messi;;;;;;;;;
IWP740;WP Pumpenanschluß 6/4 gerade inkl. Mutter;;;;;;;;;
IWP741;WP Pumpenanschluß 2 gerade inkl. Mutter;;;;;;;;;
IWP742;WP Winkelanschluss 6/4 AG -S25 inkl. Mutter;;;;;;;;;
IWP743;WP Winkelanschluss 6/4 BM -S25 inkl. Mutter;;;;;;;;;
IWP744;WP Winkelanschluss 6/4 BM -S25 IG 1/2 inkl. Mutter;;;;;;;;;
IWP799;Lackierarbeit Greiner f. Montagegehäuse;0,00;Stk;;;;;;;
IWP800;Flußwächter 1,5 Zoll Messing;130,00;Stk;;;;;;;
IWP801;Flußwächter 2 Zoll Messing;130,00;Stk;;;;;;;
IWP802;Flußwächter 4 Zoll Messing;192,40;Stk;;;;;;;
IWP805;Magnetschalter MK14-BV14856 (16113);34,32;Stk;;;;;;;
IWP820;Rohr PPH 140x3,5 mm SDR 41 f. Sonde;0,00;Lfm;;;;;;;
IWP831;Geoval Lochkappe 6-Loch Verteiler oben;0,00;Stk;;;;;;;
IWP832;Geoval Lochkappe 1-Loch Verteiler oben;0,00;Stk;;;;;;;
IWP833;Geoval Lochkappe 7-Loch Sammler unten;0,00;Stk;;;;;;;
IWP834;Geoval Endkappe Sammler unten;0,00;Stk;;;;;;;
IWP901;Kälteteil WH 05 kW Harreither;;;;;;;;;
IWP901G;Kälteteil WH 05 kW GW Harreither;0,00;Stk;;;;;;;
IWP902;Kälteteil WH 07 kW Sole Harreither;0,00;Stk;;;;;;;
IWP902G;Kälteteil WH 07 kW GW Harreither;0,00;Stk;;;;;;;
IWP903;Kälteteil WH 09 kW Sole Harreither;0,00;Stk;;;;;;;
IWP903G;Kälteteil WH 09 kW GW Harreither;0,00;Stk;;;;;;;
IWP904;Kälteteil WH 12 kW Sole Harreither;0,00;Stk;;;;;;;
IWP904G;Kälteteil WH 12 kW GW Harreither;0,00;Stk;;;;;;;
IWP905;Kälteteil WH 14 kW Sole Harreither;0,00;Stk;;;;;;;
IWP905G;Kälteteil WH 14 kW GW Harreither;0,00;Stk;;;;;;;
IWP906;Kälteteil WH 16 kW Sole Harreither;0,00;Stk;;;;;;;
IWP906G;Kälteteil WH 16 kW GW Harreither;0,00;Stk;;;;;;;
IWP907;Kälteteil WH 21 kW Sole Harreither;0,00;Stk;;;;;;;
IWP907G;Kälteteil WH 21 kW GW Harreither;7440,00;Stk;;;;;;;
IWP912;Kälteteil WP H/K 07 kW Sole Harreither;0,00;Stk;;;;;;;
IWP912G;Kälteteil WP H/K 07 kW GW Harreither;0,00;Stk;;;;;;;
IWP913;Kälteteil WP H/K 09 kW Sole Harreither;4996,00;Stk;;;;;;;
IWP914;Kälteteil WP H/K 12 kW Sole Harreither;0,00;Stk;;;;;;;
IWP915;Kälteteil WP H/K 14 kW Sole Harreither;0,00;Stk;;;;;;;
IWP916;Kälteteil WP H/K 16 kW Sole Harreither;0,00;Stk;;;;;;;
IWP917;Kälteteil WP H/K 21 kW Sole Harreither;0,00;Stk;;Wärmepumpe in Kompaktbauweise für Sole-oder Grundwasserbetrieb.Einsatz für Heizung, Kühlung undWarmwasserbereitung.Maximale Vorlauftemperatur 57° C.Der Einsatz der Universum Systemregelunggarantiert einen außergewöhnlichwirtschaftlichen Betrieb.Formschönes, silbergraues Designder Verkleidung.Typenschild-Nr.:;;;;;
IWP917G;Kälteteil WP H/K 21 kW GW Harreither;;;;;;;;;
IWP921;Schaltfeld WH 7 KW u. 9 KW;0,00;Stk;;;;;;;
IWP922;Schaltfeld WH 12 KW;0,00;Stk;;;;;;;
IWP923;Schaltfeld WH 14 KW u. 16 KW;0,00;Stk;;Wärmepumpe in Kompaktbauweise für Sole-oder Grundwasserbetrieb.Einsatz für Heizung, Kühlung undWarmwasserbereitung.Maximale Vorlauftemperatur 57° C.Der Einsatz der Universum Systemregelunggarantiert einen außergewöhnlichwirtschaftlichen Betrieb.Formschönes, silbergraues Designder Verkleidung.Typenschild-Nr.:;;;;;
IWP924;Schaltfeld WH 21 KW;0,00;Stk;;Wärmepumpe in Kompaktbauweise für Sole-oder Grundwasserbetrieb.Einsatz für Heizung, Kühlung undWarmwasserbereitung.Maximale Vorlauftemperatur 57° C.Der Einsatz der Universum Systemregelunggarantiert einen außergewöhnlichwirtschaftlichen Betrieb.Formschönes, silbergraues Designder Verkleidung.Typenschild-Nr.:;;;;;
IWP925;Schaltfeld WH 21 f. ZR 94 Kompressor;0,00;Stk;;Wärmepumpe in Kompaktbauweise für Sole-oder Grundwasserbetrieb.Einsatz für Heizung, Kühlung undWarmwasserbereitung.Maximale Vorlauftemperatur 57° C.Der Einsatz der Universum Systemregelunggarantiert einen außergewöhnlichwirtschaftlichen Betrieb.Formschönes, silbergraues Designder Verkleidung.Typenschild-Nr.:;;;;;
IWP926;Schaltfeld WP H/K 7 KW u. 9 KW;0,00;Stk;;;;;;;
IWP927;Schaltfeld WP H/K 12 KW;0,00;Stk;;;;;;;
IWP928;Schaltfeld WP H/K 14 KW u. 16 KW;0,00;Stk;;;;;;;
IWP929;Schaltfeld WP H/K 21 KW;0,00;Stk;;;;;;;
IWP930;Schaltfeld WP H/K 21 f. ZR 94 Kompressor;0,00;Stk;;Wärmepumpe in Kompaktbauweise für Sole-oder Grundwasserbetrieb.Einsatz für Heizung, Kühlung undWarmwasserbereitung.Maximale Vorlauftemperatur 57° C.Der Einsatz der Universum Systemregelunggarantiert einen außergewöhnlichwirtschaftlichen Betrieb.Formschönes, silbergraues Designder Verkleidung.Typenschild-Nr.:;;;;;
IWP935;Verkleidung WP 2008 5-14 kW;0,00;Stk;;;;;;;
IWP936;Verkleidung WP 2008 16-21 kW;0,00;Stk;;;;;;;
IWP994;Verpackungskarton Klima Star V.3;0,00;Stk;;;;;;;
IWP995;Gravurplättchen Harreither;0,00;Stk;;;;;;;
IWP996;Aufklebersatz Klima Star;0,00;Stk;;;;;;;
IWP997;Dichtkleber loctite 577;0,00;Stk;;;;;;;
IWP998;Transportpalette 880x680 mm;0,00;Stk;;;;;;;
IWP999;Verpackungskarton;0,00;Stk;;;;;;;
IWPG902;Kälteteil WH 07 kW Sole Harreith. Tausch;0,00;Stk;;Typenschild-Nr.:;;;;;
IWPG903G;Kälteteil WH 09 kW GW Harreither Tausch;;;;;;;;;
IWPG904;Kälteteil WH 12 kW Sole Tausch;3653,00;Stk;;Typenschild-Nr.:;;;;;
IWPG905;Kälteteil WH 14 kW Sole Harreither Tausch;;;;;;;;;
IWPG906;Kälteteil WH 16 kW Sole Harreither Tausch;;;;;;;;;
IWPG906G;Kälteteil WH 16 kW Grundwasser Tausch;6073,00;Stk;;Typenschild-Nr.:;;;;;
IWPG907;Kälteteil WH 21 kW Sole Tausch;3653,00;Stk;;Typenschild-Nr.:;;;;;
IWPG913;Kälteteil WP H/K 09 kW Sole Harr. Tausch;4996,00;Stk;;Typenschild-Nr.:;;;;;
IWPG914;Kälteteil WP H/K 12 kW Sole Harreither Tausch;;;;;;;;;
IWPG917;Kälteteil WP H/K 21 kW Sole Tausch;0,00;Stk;;Wärmepumpe in Kompaktbauweise für Sole-oder Grundwasserbetrieb.Einsatz für Heizung, Kühlung undWarmwasserbereitung.Maximale Vorlauftemperatur 57° C.Der Einsatz der Universum Systemregelunggarantiert einen außergewöhnlichwirtschaftlichen Betrieb.Formschönes, silbergraues Designder Verkleidung.Typenschild-Nr.:;;;;;
MK01;WÄRME-MODUL rechts mit Dämmschale;56,40;Stk;10,00;;Klimamodul rechts inkl. Dämmschale;;Klimamodul right incl. insulating shell;Stk;
MK02;WÄRME-MODUL links mit Dämmschale;56,40;Stk;10,00;;Klimamodul  links inkl. Dämmschale;;Klimamodul left incl. insulating shell;Stk;
MK03;MODUL-NIVEAUPLATTE (0.5 m2/Platte);5,50;Stk;13,00;aus PS 30 SEAbmessungen: 1000 x 500 x 33 mmVPE: 15 Stk. (=7,5 m²);MODUL-Niveauplatte (für unbeheizte Berei;made of PS 30 SEDimensions: 1000 x 500 x 33 mmPU: 15 pieces (=7.5 m²);MODUL levelling plate (for unheated area;Stk;
MK04;MODUL-STREIFEN;1,72;Stk;75,00;aus PS 30 SE, als niveaugleicher Zwischenstreifen in der AufenthaltszoneAbmessungen: 945 x 96 x 33 mmVPE: 75 Stk.;MODUL-Streifen;made of PS 30 SE, as levelled intermediate strips in the living zoneDimensions: 945 x 96 x 33 mmPU: 75 pieces;MODUL strips;Stk;
MK05;MODUL-ROHRFÜHRUNGSPLATTE (f. 8 lfm Rohr);12,30;Stk;11,00;aus PS 40 SE für 8 m AnschlussrohrAbmessungen: 1000 x 500 x 33 mmVPE: 11 Stk.;MODUL-Rohrführungsplatte;made of PS 40 SE for 8 m connecting pipeDimensions: 1000 x 500 x 33 mmPU: 11 pieces;MODUL pipe guide plate;Stk;
MK10;MODUL-BOGEN kurz mit Dämmschale;7,45;Stk;16,00;zur Verbindung der Module der Randzone, PP-R grauinkl. Modul-Doppeleinsatz kurz aus PS 40 SE(enge Verlegung der Module)VPE: 16 Stk.;MODUL-Bogen kurz, ø 21 mm;for connecting the modules of the peripheral area, PP-R grey, incl. module double insert short made of PS 40 SE(laying of the modules one close to the other)PU: 16 pieces;MODUL bend short, ø 21 mm;Stk;
MK11;MODUL-BOGEN, lang mit Dämmschale;9,08;Stk;16,00;zur Verbindung der Module der Aufenthaltszone, PP-R grau inkl. Modul-Doppeleinsatz lang aus PS 40 SE(für Verlegung der Module auf Abstand mit Modulstreifen)VPE: 16 Stk.;MODUL-Bogen lang, ø 21 mm;for connecting the modules of the living area,PP-R grey, incl. module double insert long made of PS 40 SE (for installing the modules at a distance from each other using module strips)PU: 16 pieces;MODUL bend long, ø 21 mm;Stk;
MK12;MODUL-BOGEN W105 ohne Dämmschale;;;;;;;;;
MK13;MODUL-BOGEN W90 ohne Dämmschale;;;;;;;;;
MK15;MODUPLAN M 25 (Kanister zu 5 kg);73,70;Stk;5,00;zur Herstellung kunstharzvergüteter Estriche,1 Kanister für ca. 4,5 m2 Estrich,VPE: Kanister zu 5 kg;Moduplan ZE Estrichzusatzmittel;for preparing screeds refined with synthetic resin,1 can for approx. 4.5 m² screed,PU: can with 5 kg each;Moduplan ZE screed additive;kg;
MK20;PP-R T-Stück Ý 21;1,71;Stk;50,00;vornehmlich für WandheizungenPP-R grauVPE: 50 Stk.;MODUL-T-Stück, ø 21 mm;preferably for wall heatingsPP-R greyPU: 50 pieces;MODUL T-piece, ø 21 mm;Stk;
MK21;MODUL-Wärmeleitplatten 300x1000x1 mm;13,70;Stk;10,00;;300 x 1000 x 1 mm;;300 x 1000 x 1 mm;Stk;
MK22;MODUL-Wärmeleitplatten 600x1000x1 mm;18,60;Stk;10,00;;600 x 1000 x 1 mm;;600 x 1000 x 1 mm;Stk;
MK23;Klebeband - doppelseitig(Rolle zu 50lfm);24,10;Stk;50,00;für die Verklebung der beiden Stahlblech-LagenRolle zu 50 lfm;Doppelseitiges Klebeband;for gluing together the two sheet steel layersRolls with 50 linear metres each;Double-sided adhesive tape;lfm;
MK30;KLIMAMODUL rechts 120/30;50,30;Stk;10,00;;Kllimamodul rechts 120/30;;Klimamodul right 120/30;Stk;
MK31;KLIMAMODUL links 120/30;50,30;Stk;10,00;;Klimamodul links 120/30;;Klimamodul left 120/30;Stk;
MK32;KLIMAMODUL rechts 100/30;48,30;Stk;10,00;;Klimamodul rechts 100/30;;Klimamodul right 100/30;Stk;
MK33;KLIMAMODUL links 100/30;48,30;Stk;10,00;;Klimamodul links 100/30;;Klimamodul left 100/30;Stk;
MK34;KLIMAMODUL rechts 80/30;46,10;Stk;10,00;;Klimamodul rechts 80/30;;Klimamodul right 80/30;Stk;
MK35;KLIMAMODUL links 80/30;46,10;Stk;10,00;;Klimamodul links 80/30;;Klimamodul left 80/30;Stk;
MK40;KLIMAMODUL 60/60, Typ A;50,30;Stk;10,00;;Klimamodul 60/60 Type A;;Klimadodul 60/60;Stk;
MK49;MODUL-EINHÄNGEBÜGEL FÜR KLIMAMODUL (60/60);;;100,00;zum Einhängen in Montageprofil 60/27  VPE: 100 Stk.;Modul Einhängebügel für Klimamodul 60/60;For supporting in mounting profile 60/27PU: 100 pieces.;Modul support bracket for Klimamodul 60/;Stk;
MK50;MODUL-EINHÄNGEBÜGEL FÜR KLIMAMODUL (30);0,54;Stk;200,00;zum Einhängen in Montageprofil 60/27  VPE: 200 Stk.;Modul-Einhängebügel für Klimamodul;For supporting in mounting profile 60/27PU: 200 pieces.;Modul support bracket for Klimamodul;Stk;
MK51;HOLZSTAFFEL GEFALZT 40x60 FÜR KLIMAMODUL;3,81;Lfm;;;Holzstaffel gefalzt für Klimamodul;;Wooden support rebated for Klimamodul;;
MK52;HOLZSTAFFEL GEFALZT 30x60 FÜR KLIMAMODUL;3,81;lfm;;;;;;;
MO01;UNTERSTELLSPEICHER 150 für MONO STAR Ö;877,00;Stk;;bis 40 kW;Unterstellspeicher 150 l;up to 40 kW;Accumulator 150 l, installed under boile;;
MO02;UNTERSTELLSPEICHER 200 für MONO STAR Ö;1073,00;Stk;;bis 40 kW;Unterstellspeicher 200 l;up to 40 kW;Accumulator 200 l, installed under boile;;
MO05;Ladepumpeneinrichtung kompl. für 150 lt.;262,20;Stk;;;Speicherladeset für Speicher 150 l;;Accumulator charge kit for accumulator 1;;
MO06;Ladepumpeneinrichtung kompl. für 200 lt.;262,20;Stk;;;Speicherladeset für Speicher 200 l;;Accumulator charge kit for accumulator 2;;
MO12;MONO STAR Ö 20 / Schaltfeld KF-G;2052,00;Stk;;14 - 20 kW;;14 - 20 kW;;;
MO13;MONO STAR Ö 30 / Schaltfeld KF-G;2193,00;Stk;;21 - 30 kW;;21 - 30 kW;;;
MO14;MONO STAR Ö 40 / Schaltfeld KF-G;2371,00;Stk;;31 - 40 kW;;31 - 40 kW;;;
MO15;MONO STAR Ö 50 / Schaltfeld KF-G;2600,00;Stk;;41 - 50 kW;;41 - 50 kW;;;
MO16;MONO STAR Ö 65 / Schaltfeld KF-G;2774,00;Stk;;51 - 65 kW;;51 - 65 kW;;;
MO18;MONO STAR Ö 80 / Schaltfeld KF-G;2892,00;Stk;;66 - 80 kW;;66 - 80 kW;;;
MO22;MONO STAR Ö 20 / UNIVERSUM SELECT;3140,00;Stk;;14 - 20 kW;;14 - 20 kW;;;
MO23;MONO STAR Ö 30 / UNIVERSUM SELECT;3283,00;Stk;;21 - 30 kW;;21 - 30 kW;;;
MO24;MONO STAR Ö 40 / UNIVERSUM SELECT;3461,00;Stk;;31 - 40 kW;;31 - 40 kW;;;
MO25;MONO STAR Ö 50 / UNIVERSUM SELECT;3695,00;Stk;;41 - 50 kW;;41 - 50 kW;;;
MO26;MONO STAR Ö 65 / UNIVERSUM SELECT;3849,00;Stk;;51 - 65 kW;;51 - 65 kW;;;
MO28;MONO STAR Ö 80 / UNIVERSUM SELECT;3981,00;Stk;;66 - 80 kW;;66 - 80 kW;;;
MO32;KESSELSOCKEL MONO STAR Ö 20 kW;144,80;Stk;;für MONO STAR® Ö 20 kW;;für MONO STAR® Ö 20 kW;;;
MO33;KESSELSOCKEL MONO STAR Ö 30 kW;146,00;Stk;;für MONO STAR® Ö 30 kW;;für MONO STAR® Ö 30 kW;;;
MO34;KESSELSOCKEL MONO STAR Ö 40 kW;147,50;Stk;;für MONO STAR® Ö 40 kW;;für MONO STAR® Ö 40 kW;;;
MO35;KESSELSOCKEL MONO STAR Ö 50 kW;182,90;Stk;;für MONO STAR® Ö 50 kW;;für MONO STAR® Ö 50 kW;;;
MO36;KESSELSOCKEL MONO STAR Ö 65 kW;195,70;Stk;;für MONO STAR® Ö 65 kW;;für MONO STAR® Ö 65 kW;;;
MO38;KESSELSOCKEL MONO STAR Ö 80 kW;218,50;Stk;;für MONO STAR® Ö 80 kW;;für MONO STAR® Ö 80 kW;;;
MU01;MULTI Ö-HY 20-650/UNIVERSUM-SELECT;6525,00;Stk;;14 - 20 kW;;14 - 20 kW;;;
MU02;MULTI Ö-HY 30-650/UNIVERSUM SELECT;6609,00;Stk;;21 - 30 kW;;21 - 30 kW;;;
MU03;MULTI Ö-HY 40-650/UNIVERSUM SELECT;6710,00;Stk;;31 - 40 kW;;31 - 40 kW;;;
MU04;MULTI Ö-HY 20-650/Schaltfeld KF-G;5432,00;Stk;;14 - 20 kW;;14 - 20 kW;;;
MU05;MULTI Ö-HY 30-650/Schaltfeld KF-G;5520,00;Stk;;21 - 30 kW;;21 - 30 kW;;;
MU06;MULTI Ö-HY 40-650/Schaltfeld KF-G;5616,00;Stk;;31 - 40 kW;;31 - 40 kW;;;
MU10;MULTI Ö-HY 30-1000/UNIVERSUM-SELECT;7181,00;Stk;;21 - 30 kW;;21 - 30 kW;;;
MU11;MULTI Ö-HY 40-1000/UNIVERSUM-SELECT;7277,00;Stk;;31 - 40 kW;;31 - 40 kW;;;
MU12;MULTI Ö-HY 50-1000/UNIVERSUM-SELECT;7563,00;Stk;;41 - 50 kW;;41 - 50 kW;;;
MU13;MULTI Ö-HY 65-1000/UNIVERSUM-SELECT;7814,00;Stk;;51 - 65 kW;;51 - 65 kW;;;
MU14;MULTI Ö-HY 30-1000/Schaltfeld KF-G;6116,00;Stk;;21 - 30 kW;;21 - 30 kW;;;
MU15;MULTI Ö-HY 40-1000/Schaltfeld KF-G;6212,00;Stk;;31 - 40 kW;;31 - 40 kW;;;
MU16;MULTI Ö-HY 50-1000/Schaltfeld KF-G;6516,00;Stk;;41 - 50 kW;;41 - 50 kW;;;
MU17;MULTI Ö-HY 65-1000/Schaltfeld KF-G;6749,00;Stk;;51 - 65 kW;;51 - 65 kW;;;
MU22;MULTI Ö-HY 20-650/Light-Hausmanagem. V5;7580,00;Stk;;14 -20 kW;;14 - 20 kW;;;
MU23;MULTI Ö-HY 30-650/Light-Hausmanagem. V5;7665,00;Stk;;21 - 30 kW;;21 - 30 kW;;;
MU24;MULTI Ö-HY 40-650/Light-Hausmanagem. V5;7885,00;Stk;;31 - 40 kW;;31 - 40 kW;;;
MU25;MULTI Ö-HY 20-650/Hausmanagement V5.0;8100,00;Stk;;14 - 20 kW;;14 - 20 kW;;;
MU26;MULTI Ö-HY 30-650/Hausmanagement V5.0;8185,00;Stk;;21 - 30 kW;;21 - 30 kW;;;
MU27;MULTI Ö-HY 40-650/Hausmanagement V5.0;8405,00;Stk;;31 - 40 kW;;31 - 40 kW;;;
MU32;MULTI Ö-HY 30-1000/Light-Hausmanagem. V5;8237,00;Stk;;21 - 30 kW;;21 - 30 kW;;;
MU33;MULTI Ö-HY 40-1000/Light-Hausmanagem. V5;8331,00;Stk;;31 - 40 kW;;31 - 40 kW;;;
MU34;MULTI Ö-HY 50-1000/Light-Hausmanagem. V5;8624,00;Stk;;41 - 50 kW;;41 - 50 kW;;;
MU35;MULTI Ö-HY 65-1000/Light-Hausmanagem. V5;8867,00;Stk;;51 - 65 kW;;51 - 65 kW;;;
MU36;MULTI Ö-HY 30-1000/Hausmanagement V5.0;8757,00;Stk;;21 - 30 kW;;21 - 30 kW;;;
MU37;MULTI Ö-HY 40-1000/Hausmanagement V5.0;8851,00;Stk;;31 - 40 kW;;31 - 40 kW;;;
MU38;MULTI Ö-HY 50-1000/Hausmanagement V5.0;9144,00;Stk;;41 - 50 kW;;41 - 50 kW;;;
MU39;MULTI Ö-HY 65-1000/Hausmanagement V5.0;9387,00;Stk;;51 - 65 kW;;51 - 65 kW;;;
MU40;HARREITHER - DOKU-BOX;25,60;Stk;;Für Wandmontage zur Aufbewahrung sämtlicher technischer Beschreibungen und Betriebsinformationen,inklusive Halterung für Reinigungsset, Schrauben und Dübel;Doku-Box;Wall-mounted, for storing all technical descriptions and operating data, including holder for cleaning kit, screws and plugs;Documentation box;;
MU41;Wärmetauscher 4,5mø innen verzinnt;991,00;Stk;;für hygienische Warmwasserbereitung. Innen verzinnt,4,5m², 1 AG, inkl. galvanischer Trennung;Wärmetauscher;for hygienic hot water production.Inside tin-coated, 4.5m², 1 MT, incl. galvanic insulation;Heat exchanger;;
MU42;Wärmetauscher verzinnt (Multi+Combi);429,40;Stk;;für hygienische Warmwasserbereitung. Innen verzinnt, 2,5m², 3/4 AG, inkl. galvanischer Trennung;Wärmetauscher;for hygienic hot water production.Inside tin-coated, 2.5m², 3/4 MT, incl. galvanic insulation;Heat exchanger;;
MU45;HISAN-Anschlußgarnitur neu;217,00;Stk;;für hygienische Warmwasserbereitung,inkl. SpüleinrichtungVerrohrung innerhalb der Verkleidung.ACHTUNG: Übergangsverschraubungen mitbestellen:2 x CO13 oder HS72 erforderlich;HISAN® Anschlussgarnitur;for hygienic water heating,incl. flushing devicePiping inside the casing.ATTENTION: Order transition screw fittings as well!2 x CO13 or HS72 required;HISAN® connection fittings;;
MU50;Tauchheizkörper 3 kW, 380/220 V, 870 mm;344,50;Stk;;;;;;;
MU51;Tauchheizkörper 4 kW bei 3 x 230V, 580 mm;417,10;Stk;;;;;;;
MU52;Tauchheizkörper 7,5 kW 380/220V, 580 mm;417,10;Stk;;;;;;;
MU53;Abgasschalldämpfer Edelstahl 130mm;301,10;Stk;;für Multi Star® bis 40 kW;Durchmesser 130 mm;for Multi Star® up to 40 kW;Diameter 130 mm;;
MU55;Abgasschalldämpfer Edelstahl 150mm;314,50;Stk;;für Multi Star® ab 41 kW;Durchmesser 150 mm;for Multi Star® from 41 kW;Diameter 150 mm;;
MU59;Muffe 6/4 (zusätzlich);88,30;Stk;;bereits eingeschweißt;;;;;
MU60;Multi Star Brennwert Erweiterungs-Set;1488,00;Stk;;bis 30 kW;;bis 30 kW;;;
MU61;Neutralisationsbox für Öltherme;192,00;Stk;;;Neutralisationsbox;;Neutralisation box;;
MU62;Granulat-Füllung f. Neutralisationsbox;27,40;Stk;;(Säckchen zu 3,5 kg);Nachfüllung;(bags with 3.5 kg each);Refill;;
MU63;Heizölentlüfter;152,90;Stk;;mit Adapter für Wechselfilter und Wechselfilter 25µm, mit Absperrventil, für Einstrangsysteme mit Rücklaufzuführung;Heizölentlüfter und Filter komplett;with adapter for replacement filter and replacement filter 25µm, with stop valve, for one-circuit systems with return inlet;Heating oil vent and filter, complete;;
MU64;Schlammabscheider 1;101,70;Stk;;Anschluss 1'' IGDer Schlammabscheider für Heizungsanlagen- hält die ungelösten Schlammrückstände mit   PALL-Ringen im Gefäß zurück- vermeidet das Absetzen von Schlamm in den   Leitungen und verbessert somit den thermischen   Wirkungsgrad;Schlammabscheider;Connection 1'' FTThe sludge separator for heating systems- Retains not dissolved sludge deposits in the receptacle with PALL rings- Prevents that sludge settles in the pipes and thus improves thermal efficiency;Sludge separator;;
MU65;Kesselanschlussstück für Öltherme;56,00;Stk;;für Brennwert-Erweiterungs-Set;Kesselanschlussstück;For condensing retrofitting set;Boiler connection piece;;
MU66;Kesselanschlussstück für Gastherme;57,40;Stk;;DN 125/80 mit Messöffnungen;;;;;
MU67;REINIGUNGSBÜRSTE FÜR ÖLKESSEL;27,04;Stk;;;;;;;
MU70;Kalklöser für Entkalkungspumpe;47,11;Stk;;;;;;;
MU71;Entkalkungspumpe 15 L;948,00;Stk;;;;;;;
MU72;Korofin Plus 500 gr;85,18;Stk;;;;;;;
MU73;Neutralisator für Kalklöser (VPE 2kg);19,34;Stk;;;;;;;
MU74;Türstein für Multi Star 20kW-40KW (Br);81,12;Stk;;;;;;;
MU75;Türstein für Multi Star 50kW-65KW (Br);143,90;Stk;;;;;;;
MU76;Dichtschnur f. Brennertür Bruns 20-40kW;17,89;Stk;;Brennkammer Durchmesser 750 mm;;;;;
MU88;KERATHERM FASERMATTE f.Brennkammer (lfm);174,50;Lfm;;Maße: 1000x610 mm(Preis per lfm);;;;;
MU89;KERATHIN KLEBER 1500 S (Dose zu 0,5 kg);14,46;Stk;;;;;;;
MU93;BRENNKAMMEREINSATZ 20 kW (Br);206,70;Stk;;;;;;;
MU94;BRENNKAMMEREINSATZ 30 kW (Br);232,60;Stk;;;;;;;
MU95;BRENNKAMMEREINSATZ 40 kW (Br);254,50;Stk;;;;;;;
MU96;BRENNKAMMEREINSATZ 50 kW (Br);326,80;Stk;;;;;;;
MU97;BRENNKAMMEREINSATZ 65 kW (Br);356,60;Stk;;;;;;;
MU98;BRENNKAMMEREINSATZ 80 kW (Br) Mono Star;602,00;Stk;;;;;;;
MUG01;Multi Ö-HY 65-1000/WR-33-E Gamma;;;;;;;;;
MUG02;Multi Ö-HY 40-650/WR-23-E-Gamma;;;;mit silbergrauem Design, ohne Brenner,mit Flansch vorne.inkl. ReinigungsbürsteRegelung WR-23-E/Gamma bestehend aus:Kesselschaltfeld Gamma WR23 mit Kessel-fühler u. Regler Gamma 23B incl.Fühler;;;;;
MUG03;Multi Ö-HY 50-1000/WR-23-E Gamma;;;;;;;;;
MUH01;MULTI Ö-HY 20-650 - HALBFERTIG;;;;;;;;;
MUH02;MULTI Ö-HY 30-650 - HALBFERTIG;;;;;;;;;
MUH03;MULTI Ö-HY 40-650 - HALBFERTIG;;;;;;;;;
MUH10;MULTI Ö-HY 30-1000 - HALBFERTIG;;;;;;;;;
MUH11;MULTI Ö-HY 40-1000 - HALBFERTIG;;;;;;;;;
MUH12;MULTI Ö-HY 50-1000 - HALBFERTIG;;;;;;;;;
MUH13;MULTI Ö-HY 65-1000 - HALBFERTIG;;;;;;;;;
OB01;Hansa-Ölbrenner HVS 5.3 Ö;698,00;Stk;;Seriennummer:;;;;;
OB02;Hansa-Ölbrenner HS 8.1;798,00;Stk;;Fabr.Nummer: @@@@@@@;;;;;
OB03;Hansa-Blaubrenner HBV 20 kW;1123,00;Stk;;Serien Nr.: @@@@@;;;;;
OB06;Hansa-Ölbrenner HVS 5.1;658,00;Stk;;Fabr.Nummer: @@@@@@;;;;;
OB08;ÖLBRENNER RFÖ 1-V-L;0,00;Stk;;;;;;;
OB09;Hansa-Ölbrenner HVS 8.2 Z  48-112kW;1354,00;Stk;;Seriennummer:;;;;;
OB10;Adapter für Wechselfilter;26,20;Stk;;;;;;;
OB11;Wechselfilter 25Šm;8,96;Stk;;;;;;;
OBD01;DANFOSS ÖLDÜSE 1.5 / 60° S;14,14;Stk;;;;;;;
OBD02;FI ÖLDÜSE 0,55 / 60° SF;20,18;Stk;;;;;;;
OBD03;FI ÖLDÜSE 0,50 / 60° SF;20,18;Stk;;;;;;;
OBD04;FI ÖLDÜSE 0,30 / 60° S;19,03;Stk;;;;;;;
OBD05;FI ÖLDÜSE 0,35 / 60° S;19,03;Stk;;;;;;;
OBD06;FI ÖLDÜSE 0,40 / 60° SF;15,70;Stk;;;;;;;
OBD07;FI ÖLDÜSE 0,65 / 60° SF;20,18;Stk;;;;;;;
OBD08;FI ÖLDÜSE 0,75 / 60° SF;19,03;Stk;;;;;;;
OBD09;FI ÖLDÜSE 0,85 / 60° SF;19,03;Stk;;;;;;;
OBD10;FI ÖLDÜSE 1,00 / 60° SF;19,03;Stk;;;;;;;
OBD11;FI ÖLDÜSE 0,55 / 80° SF;12,79;Stk;;;;;;;
OBD12;FI ÖLDÜSE 0,75 / 80° SF;12,69;Stk;;;;;;;
OBD13;FI ÖLDÜSE 1,00 / 80° SF;12,69;Stk;;;;;;;
OBD14;FI ÖLDÜSE 1,25 / 80° SF;12,69;Stk;;;;;;;
OBD15;FI ÖLDÜSE 1,25 / 60° S;19,03;Stk;;;;;;;
OBD16;FI ÖLDÜSE 1,50 / 60° S;19,03;Stk;;;;;;;
OBD17;FI ÖLDÜSE 1,75 / 60° S;19,03;Stk;;;;;;;
OBD18;FI ÖLDÜSE 0,75 / 80° S;13,42;Stk;;;;;;;
OBD19;FI ÖLDÜSE 1,25 / 80° S;13,42;Stk;;;;;;;
OBD25;FI ÖLDÜSE 0,50 / 60° HF;13,94;Stk;;;;;;;
OBD26;FI ÖLDÜSE 0,60 / 60° HF;12,79;Stk;;;;;;;
OBD27;FI ÖLDÜSE 0,75 / 60° HF;12,69;Stk;;;;;;;
OBD28;FI ÖLDÜSE 1,00 / 60° HF;12,69;Stk;;;;;;;
OBD29;FI ÖLDÜSE 1,25 / 60° HF;12,69;Stk;;;;;;;
OBD30;FI ÖLDÜSE 0,50 / 45° S;0,01;Stk;;;;;;;
OBD31;FI ÖLDÜSE 0,55 / 45° S;0,01;Stk;;;;;;;
OBD32;FI ÖLDÜSE 0,55 / 45° S;0,01;Stk;;;;;;;
OBD33;FI ÖLDÜSE 0,65 / 45° S;0,01;Stk;;;;;;;
OBD34;FI ÖLDÜSE 0,65 / 45° S;0,01;Stk;;;;;;;
OBD35;FI ÖLDÜSE 0,65 / 45° S;10,45;Stk;;;;;;;
OBD36;FI ÖLDÜSE 0,25 / 60° S;14,72;Stk;;;;;;;
OBD40;DANFOSS ÖLDÜSE 0,30 / 60° S;23,61;Stk;;;;;;;
OBD41;DANFOSS ÖLDÜSE 0,35 / 60° S;23,61;Stk;;;;;;;
OBD42;DANFOSS ÖLDÜSE 0,40 / 60° S;17,26;Stk;;;;;;;
OBD43;DANFOSS ÖLDÜSE 0,45 / 60° S;17,26;Stk;;;;;;;
OBD44;DANFOSS Öldüse 0,50, 60° S;14,14;Stk;;;;;;;
OBD45;DANFOSS ÖLDÜSE 0,55 / 60° S;14,14;Stk;;;;;;;
OBD46;DANFOSS ÖLDÜSE 0,60 / 60° S;14,14;Stk;;;;;;;
OBD47;DANFOSS ÖLDÜSE 0,65 / 60° S;14,14;Stk;;;;;;;
OBD48;DANFOSS ÖLDÜSE 0,75 / 60° S;14,14;Stk;;;;;;;
OBD49;DANFOSS ÖLDÜSE 0.85 / 60° S;14,14;Stk;;;;;;;
OBD50;DANFOSS ÖLDÜSE 1,10 / 60° S;14,14;Stk;;;;;;;
OBD51;DANFOSS ÖLDÜSE 1,35 / 60° S;14,14;Stk;;;;;;;
OBD52;DANFOSS ÖLDÜSE 1.00 / 45°;10,63;Stk;;;;;;;
OBD53;DANFOSS ÖLDÜSE 1.00 / 60° S;14,14;Stk;;;;;;;
OBD54;DANFOSS ÖLDÜSE 1.25 / 45° S;13,42;Stk;;;;;;;
OBD55;DANFOSS ÖLDÜSE 1.25 / 60° S;14,14;Stk;;;;;;;
OBD56;DANFOSS ÖLDÜSE 1.65 / 60° S;14,14;Stk;;;;;;;
OBD57;DANFOSS ÖLDÜSE 1.75 / 60° S;14,14;Stk;;;;;;;
OBD58;DANFOS-Öldüse 45°S, 1,5;11,54;Stk;;;;;;;
OBD59;DANFOSS ÖLDÜSE 0,55 GHP, 45°S;10,63;Stk;;;;;;;
OBD60;DANFOSS ÖLDÜSE 0,75 GHP, 45°S;10,71;Stk;;;;;;;
OBD61;DANFOSS ÖLDÜSE GHP 0,60 60°S;10,63;Stk;;;;;;;
OBD62;DANFOSS ÖLDÜSE GHP 0,75 60°H;10,71;Stk;;;;;;;
OBD63;DANFOSS ÖLDÜSE GHP 0,75 60°H;0,01;Stk;;;;;;;
OBD70;STEINEN ÖLDÜSE 0,55 / 60° S;10,30;Stk;;;;;;;
OBD71;STEINEN ÖLDÜSE 0,40-80S;0,00;Stk;;;;;;;
OBD72;STEINEN ÖLDÜSE 0,60-80S;0,00;Stk;;;;;;;
OBD73;STEINEN ÖLDÜSE 0,75-80S;0,00;Stk;;;;;;;
OBD74;STEINEN ÖLDÜSE 0,40-80H;12,58;Stk;;;;;;;
OBD75;STEINEN ÖLDÜSE 0,50-80H;11,02;Stk;;;;;;;
OBD76;STEINEN ÖLDÜSE 0,60-80H;10,69;Stk;;;;;;;
OBD77;STEINEN ÖLDÜSE 0,75-80H;10,69;Stk;;;;;;;
OBD80;ÖLDÜSE Steinen 0,55 / 45° S;10,30;Stk;;;;;;;
OBD81;ÖLDÜSE Hago 0,50 / 60° H DFN;12,90;Stk;;;;;;;
OBD82;ÖLDÜSE Hago 0,75 / 60° F DFN;12,90;Stk;;;;;;;
OBD83;DEL-O-FLO-Öldüse 80°, gph 0,30;35,78;Stk;;;;;;;
OBE02;Flanschdichtung für HVS da 80mm;15,50;Stk;;;;;;;
OBE03;Zündelektrode für HVS 5.1, HVS 5.3;10,30;Stk;;;;;;;
OBE04;Düsenstock Olymp für HVS5.3, HVS5.1, HBV;123,30;Stk;;ohne DropStop;;;;;
OBE06;Luftrad für HVS 5.3;52,00;Stk;;;;;;;
OBE07;Pressung-Verstellschieber HVS 5.3, HSGI;10,18;Stk;;;;;;;
OBE09;Zündtrafo für HVS 5.1 und HVS 5.3;65,31;Stk;;;;;;;
OBE10;AEG Kupplung mit Teller f. HVS 5.1;6,16;Stk;;;;;;;
OBE100;Ventilatorrad für RFÖ-1VL;0,00;Stk;;;;;;;
OBE102;Stellmotor SA1-F;59,49;Stk;;;;;;;
OBE103;DÜSENSTOCK für RFÖ 1-L;134,10;Stk;;;;;;;
OBE104;STELLANTRIEB SA1-E LUFTABSCHLUSSKL. RFÖ;205,20;Stk;;;;;;;
OBE105;STELLANTRIEB SA2-F LUFTABSCHLUSSKL. RFÖ;122,80;Stk;;;;;;;
OBE106;DÜSENSTOCK mit Ölvorwärmung f. SLV 10;119,20;Stk;;;;;;;
OBE107;Flammrohr für Hansa LN1;50,75;Stk;;;;;;;
OBE108;Doppelzünd. Gas + Ionisation;9,18;Stk;;;;;;;
OBE11;Düsenstock für HL 8 X=Maß260mm;0,00;Stk;;;;;;;
OBE12;KONDENSATOR f. E-MOTOR HVS 5.1;20,18;Stk;;;;;;;
OBE13;Brennerflansch für HVS da 80mm;38,79;Stk;;;;;;;
OBE15;Stauscheibe komplett m. Elektroden HVS5;32,55;Stk;;;;;;;
OBE16;Flammrohr für HVS 5.1;34,53;Stk;;;;;;;
OBE17;STAUSCHEIBE (4-Schlitze) f. HVS 5.1;46,07;Stk;;;;;;;
OBE18;ÖLPUMPE SUNTEC f.E1 u. HVS5;171,90;Stk;;;;;;;
OBE19;ZÜNDKABEL MIT STECKER für HVS 5.1;7,79;Stk;;;;;;;
OBE20;Düsenstock m. Ölvorwärmer HVS 5 FBHB 3;127,70;Stk;;;;;;;
OBE21;Zündtrafo EBI GEN 3;105,10;Stk;;;;;;;
OBE22;STEUERGERÄT LOA 24.171;82,78;Stk;;;;;;;
OBE23;STEUERGERÄT LOA 22.171;74,57;Stk;;;;;;;
OBE24;MOTOR AEG EB 95 90 W (HVS 5.1);124,20;Stk;;;;;;;
OBE25;Flammenwächter QRB 1B für HSV 5.1, HL 8;21,53;Stk;;;;;;;
OBE26;Magnetspule für HVS 5.1;35,78;Stk;;;;;;;
OBE27;Steuergerät TF 836;84,66;Stk;;;;;;;
OBE28;Steuergerät TF 834;70,41;Stk;;;;;;;
OBE29;SATRONIC STEUERGERÄT TFI 812.2 Mod.10;119,90;Stk;;für Mono Star;;;;;
OBE30;Ionosationskabel für HSGi 5.1;9,50;Stk;;;;;;;
OBE31;Zündkabel für HSGi 5.1;6,77;Stk;;;;;;;
OBE32;Luftrad für HSGi 5.1;53,14;Stk;;;;;;;
OBE33;Gasarmatur für Hansa HSGi 5 E;440,00;Stk;;;;;;;
OBE34;Zündelektrode für HSGi 5 E;20,18;Stk;;;;;;;
OBE35;Ionisationselektrode für HSGi 5 E;13,42;Stk;;;;;;;
OBE36;Gasfeuerungsautomat f. HSGi 5E;226,10;Stk;;(LGB 21.330);;;;;
OBE37;Gasdüsenstock komplett 5 HSGi 5.1/2 E;541,00;Stk;;;;;;;
OBE38;Gasfeuerungsautomat LGB 22.330 HSGi 5 E;424,20;Stk;;;;;;;
OBE39;ENDKONTAKT f. HSGi 5 E (Dungs);0,00;Stk;;;;;;;
OBE40;Luftdruckwächter f. HSGi5-E;95,58;Stk;;;;;;;
OBE42;Brennerflansch für HSGi5E da90mm;64,69;Stk;;;;;;;
OBE43;Brennerlanze für HSGI Flüssiggas;73,32;Stk;;;;;;;
OBE44;Flammrohr für HSGI 5 E konisch;84,34;Stk;;;;;;;
OBE45;Flammrohr für HSGI 5 E Sicke;94,02;Stk;;;;;;;
OBE47;Doppelzündelektrode Intercal BN 10-20;;;;;;;;;
OBE51;Vorwärmer LE24 inkl. Kabel für Hansa HBV;142,80;Stk;;;;;;;
OBE52;Zündtrafo TRK1-30CVD für Hansa HBV;82,47;Stk;;inkl. Kabel;;;;;
OBE53;Doppelzündel. 4x70 für Hansa HBV;23,40;Stk;;;;;;;
OBE54;Ölfeuerungsaut. LOA14.171B 2HA Hansa HBV;107,00;Stk;;;;;;;
OBE55;UV-Zelle QRC 1A1 101C27 für Hansa HBV;201,00;Stk;;;;;;;
OBE56;Zündkabel mit Stecker L475 für Hansa HBV;8,84;Stk;;;;;;;
OBE57;Kupplung einflächig für Hansa HBV;3,11;Stk;;;;;;;
OBE58;Ölpumpe fur Hansa HBV, HVS, HL 8;122,50;Stk;;ALE 35C 9324 6P0500;;;;;
OBE59;Motor EB 95C 35 230V 50Hz für Hansa HBV;151,50;Stk;;;;;;;
OBE61;Dichtung für Lufthülse HBV IsoGlas 9mm;15,39;Stk;;;;;;;
OBE62;Flammrohr für HBV 86x1x167;159,90;Stk;;;;;;;
OBE63;Luftrad für HBV;56,89;Stk;;;;;;;
OBE64;Zündelektrode oben lang (links);26,52;Stk;;für Blautherm DUO ab 45 kW;;;;;
OBE65;Zündelektrode unten lang (rechts) (rot);26,52;Stk;;für Blautherm DUO ab 45 kW;;;;;
OBE66;Zündelektrode oben kurz (links);24,13;Stk;;für Blautherm DUO bis 45 kW u. Öltherme;;;;;
OBE67;Zündelektrode unten kurz (rot);24,13;Stk;;für Blautherm DUO bis 45 kW u. Öltherme;;;;;
OBE68;Turbolatorzentrierung für HBV;0,01;Stk;;;;;;;
OBE69;Magnetventil Delta FF84 DN6 für Blautherm Duo;91,00;Stk;;;;;;;
OBE80;Ventilatorrad für HL 8;54,08;Stk;;;;;;;
OBE81;FLAMMROHR für Ölbrenner HVS 8.1(konisch);41,29;Stk;;;;;;;
OBE82;Luftabschlußklappe HVS 8.1,HSGi 5,HVS 5;8,47;Stk;;;;;;;
OBE83;ÖLPUMPE SUNTEC für HVS 8.1;172,90;Stk;;;;;;;
OBE84;STAUSCHEIBE für HL 8.1;63,65;Stk;;;;;;;
OBE85;Flammenwächter QRB 1C Hansa HL8;26,21;Stk;;;;;;;
OBE86;Motor für Hansa HL8 (230V/50 Hz, 125W);0,01;Stk;;;;;;;
OBE98;Ölschlauch, 1000 mm lang;16,64;Gar;;;;;;;
OBE99;Ölschlauch, 1250 mm lang;0,00;Gar;;;;;;;
OBR01;Zündtrafo RFÖ;0,00;Stk;;;;;;;
OBR02;Stauscheibe für RFÖ;0,00;Stk;;;;;;;
OBR03;Luftabschlußklappe für RFÖ;0,00;Stk;;;;;;;
OTE01;Umrüstung Öltherme auf Danfoss Ölvorw.;215,80;Stk;;;;;;;
OTE02;Gebläse RG 130 f. 2-stuf.Elekt. Duo-Cond;329,10;Stk;;;;;;;
OTE03;Wasserdruckwächter G 1/4 für Öltherme;101,00;Stk;;;;;;;
OTE07;Außenfühler ZAF 200 f. Öltherme;69,06;Stk;;samt dazugehörigen Stecker;;;;;
OTE08;Dichtungssatz Abgasanschluß Ölth. Duo C.;33,07;Stk;;;;;;;
OTE09;Außenfühler ZAF 250 für Gastherme;51,58;Stk;;samt dazugehörigen Stecker;;;;;
OTE10;Ölvorwärmer für Blautherm DUO 55-65kW DA;173,60;Stk;;mit Rohr und Winkel, Länge 248 mm;;;;;
OTE11;E-Verteiler für Blautherm DUO;143,50;Stk;;mit Satronic-Steuergerät;;;;;
OTE12;Dichtung für Adapter Wechselfilter;1,23;Stk;;;;;;;
OTE14;Kupplung Motor-Pumpe FHP DUO, Blauth.;6,75;Stk;;;;;;;
OTE15;Gebläse RG 130 einstufig f.Ölbrenner;237,60;Stk;;;;;;;
OTE16;Gebläse RG 148 einstufig für Ölbrenner;321,90;Stk;;;;;;;
OTE17;Gebläse RG 148 für 2-stufige Elektronik;407,50;Stk;;;;;;;
OTE18;Flammrohr D=100x1x150mm f.Bl.Duo u. Ölth;199,60;Stk;;;;;;;
OTE19;Motor für Pumpe Blautherm 230V/50Hz/75W;193,00;Stk;;für Ölbrenner Blautherm DUOA;;;;;
OTE20;Kupplung Motor-Rotornatika schwarz;6,40;Stk;;für Ölbrenner Blautherm DUO A;;;;;
OTE21;Ölvorwärmer mit Ventil DSV 2, 248mm RA;139,90;Stk;;für Blautherm Duo;;;;;
OTE22;Ölvorwärmer mit Ventil DSV 2, 173mm lang;139,90;Stk;;;;;;;
OTE23;Luftdruckwächter SIT-Controls;77,17;Stk;;;;;;;
OTE24;Luftdüse mit Drallgitter 19/41;96,72;Stk;;für Blautherm DUO;;;;;
OTE25;Öldruckrohr kompl. f. Blautherm DUO;11,96;Stk;;Stahl d=4mm, Pumpe AE 47 D;;;;;
OTE26;Ölpumpe AE 47D mit Nippel;151,10;Stk;;;;;;;
OTE27;Umrüstung Bl.Duo a. Danfoss Ölvorwärmer;290,70;Stk;;FBHB5;;;;;
OTE28;Düsenstock Rapa ohne Mischereinrichtung;184,40;Stk;;248 mm lang, für Blautherm DUO;;;;;
OTE29;Ölpumpe AP 2-45 D mit Nippel;196,50;Stk;;;;;;;
OTE30;Schiebestück mit Dichtung DN 80/125;72,49;Stk;;290-5, LAS 300-500 mm;;;;;
OTE31;Flackerlicht-Detektor IRD 1010;205,00;Stk;;Axial rot 1650205 Satronic;;;;;
OTE32;Steuergerät Sartonic DKO 992 M.20 DUO-CO;211,00;Stk;;;;;;;
OTE33;Steuergerät MMI 810 Satr. für SG 60;283,30;Stk;;;;;;;
OTE34;Blockelektr. für SG 60, SG 25V, SG 40V;16,64;Stk;;Anschluss 6,3 - 4,0 mm;;;;;
OTE35;Kondensator MFB MP 1/400 2uF für SG60;19,34;Stk;;;;;;;
OTE36;Zündtrafo ZA 30 050 E4 für SG 60;73,53;Stk;;;;;;;
OTE37;Gebläserad für SG 60 und Gasbrennwert.;35,98;Stk;;;;;;;
OTE38;Luftklappe für SG 60 und Gasbrennwert.;0,01;Stk;;;;;;;
OTE40;Gasdüse für G20;22,57;Stk;;;;;;;
OTE41;Gasdüse für G25;52,31;Stk;;;;;;;
OTE42;E-Motor mit Kondensator 40 W für SG 60;156,80;Stk;;;;;;;
OTE43;Zündkabel für Gasgebläsebrenner SG 60;0,00;Stk;;;;;;;
OTE44;Ionisationskabel Gasgebläsebrenner SG60;0,00;Stk;;;;;;;
OTE45;Luftdruckwächter HUBA-Control für Cool;59,07;Stk;;;;;;;
OTE46;Luftdruckwächter DL 5E für SG 60;132,60;Stk;;;;;;;
OTE47;Gasregelblock DN15 Dungs MB-DLE-403 SG60;745,00;Stk;;;;;;;
OTE48;Brennerkopf f. Brennwertgerät Cool;146,00;Stk;;;;;;;
OTE49;Gasventil VK 8115 v.1051B1:1 für Cool;179,70;Stk;;(4-eckig);;;;;
OTE50;Gebläse RG 130 / 0800 3612 für Cool;342,60;Stk;;;;;;;
OTE51;NTC 1 TOP T 7335 für Cool;28,91;Stk;;;;;;;
OTE52;Steuerung MCBA 1405 für Cool;675,00;Stk;;;;;;;
OTE53;Zündtrafo Transformator 230/24 f. Cool;72,38;Stk;;;;;;;
OTE54;Zündelektrode für Cool;52,94;Stk;;;;;;;
OTE55;Dichtung Gehäuse- Kesseltür für Öltherme DuoC ondens;0,00;Stk;;;;;;;
OTE56;Gebläse RG148/1200 f.Brennwertgerät AH60;611,00;Stk;;148/1200-3633-010-202mit 5 poligem weißen Steckerohne Potentiometer;;;;;
OTE57;Zünd- u. Ionisationselektrode AH45/AH60;16,12;Stk;;;;;;;
OTE58;Steuerung MCBA 1406 D f.Brennwertg. AH60;455,80;Stk;;;;;;;
OTE59;Gasventil VK8125 f. Brennwertgerät AH 60;158,00;Stk;;;;;;;
OTE60;Gasdruckschalter 150mbar Brennwertg.AH60;28,91;Stk;;;;;;;
OTE61;Wassermangelschalter 15bar f.Brennw.AH60;27,77;Stk;;;;;;;
OTE63;Propeller Gebläse RG 148;16,85;Stk;;;;;;;
OTE65;Reinigungsbürste für COOL 24;14,14;Stk;;;;;;;
OTE66;Reinigungsbürste f. Öltherme Duo Condens;14,46;Stk;;;;;;;
OTE67;Brennkammereinsatz Öltherme DuoCondens;306,30;Stk;;;;;;;
OTE68;Adapterkabel für Umrüstungssatz;0,01;Stk;;für Blautherm Duo und Duo Condens;;;;;
OTE69;Halteplatte für Umrüstungssatz;0,01;Stk;;;;;;;
OTE70;Düsenstock 2,8K 25-40 KW für SG 60;0,00;Stk;;;;;;;
OTE71;Ölvorwärmer 173mm FPHB 5 für Duo-Condens;144,20;Stk;;inkl. Rohr und Winkel;;;;;
OTE72;Ölvorwärmer 248mm FPHB 5 f Blautherm Duo;157,60;Stk;;inkl. Rohr und Winkel;;;;;
OTE74;Speicherfühler ZTF 250.2 f. Gastherme;41,91;Stk;;;;;;;
OTE79;Ausdehnungsgefäß 10 L für Brennwertgerät Cool/Cleo;;;;Göße: 292x242x19mm;;;;;
OTE80;Öldruckrohr komplett für Öltherme DuoCon;20,49;Stk;;Stahl DA 4x40;;;;;
OTE82;Sollwertrechner mit ClipIn-Schnittstelle;;;;;;;;;
OTE83;3-Wege-Ventil komplett für Gastherme Cool 24;237,50;Stk;;inkl. Motor VC8012;;;;;
OTE84;Motor für 3-Wege-Ventil VC8012;148,50;Stk;;;;;;;
PE30;HARREITHER Raumaustragungsset 2,3 m;0,00;Stk;;inkl. Förderrohr, Schneckenantrieb;;;;;
PT1 BG2;Sückliste1;;;;;;;;;
RC00;CETA 100 Temperaturdifferenzregelung;135,00;Stk;;CETA 100 Temperaturdifferenzregelunginkl. 1 Stk. Fühler PT 1000/2,5/6 und 1 Stk. KVT 20/2/6 ;;CETA 100 Temperature difference regulation incl. 1 piece sensor PT 1000/2,5/6 und 1 peace KVT 20/2/6;;;
RC01;CETA 101 Zweifache - Temperaturdifferenzregelung;159,00;Stk;;CETA 101 Zweifache - Temperaturdifferenzregelunginkl. 2 Stk. Fühler PT 1000/2,5/6 und 1 Stk. KVT 20/2/6 ;;CETA 101 Temperature difference regulation incl.2 piece sensor PT 1000/2,5/6 und 1 peace KVT 20/2/6;;;
RC04;CETA 104 Witterungsgeführte Zweipunktregler mit WW-Betrieb;179,00;Stk;;CETA 104 Witterungsgeführte Zweipunktregler mit WW-Betrieb inkl. 1 Stk. AF 200 und 2 Stk. KVT 20/2/6;;CETA 104 Heating controllerfor single-stage or modulating heat generators (Open-Therm), unmixedheating circuit and hot water incl. 1 peace AF200 and 2 peace KVT 20/6;;;
RC06;CETA 106 Witterungsgeführte Mischerregelung mit;175,00;Stk;;CETA 106 Witterungsgeführte Mischerregelung mitTemperaturdifferenzregelung für Solar inkl. 1 Stk. VF 202 B und 1 Stk. AF 200;;CETA 106Heating controller for mixer heating circuitand differential temperature control;;;
RC10;CETA Raumcontroller für Ceta 104/106;96,00;Stk;;Raumstation zum Anschluss an Heizkreisregler der Reglerserie CETA Fernbedienung für die komfortable Bedienung sämtlicher Heizkreisparameter vom Wohnraum aus, Raumfühler zur Erfassung der Raumtemperatur, Anschluss über 2-Draht-Datenbusverfügbar ab De;CETA RC;Room station for connection to CETA series heating circuit controllers.Remote control for the convenient operation of all heatingcircuit parameters from the living room, room sensors foracquiring the room temperature, connection via a 2-wire data bus.;CETA RC;;
RC11;CETA Erweiterungsmodul SMS;819,00;Stk;;Durch Kombination der Typenreihe CETA mit demDatenübertragungsmodul CETA SMS können die Daten aller angeschlossenen Fühler mobil übermittelt werden. Dies gibt dem Anlagenbetreiber in zeitweilig unbewohnten Häusern (Ferienhaus, Wochenendhaus, unbewohntes;CETA SMS;By combining CETA series with the CETA SMS data transfermodule, the data from all sensors connected can be transmittedper mobile telephone. This provides the owner of asystem in a sporadically used property(holiday home, weekend house, unoccupied house duringholidays) with the corresponding safety during the heatingperiod.;CETA SMS;;
RC20;Außenfühler AF 200;43,47;Stk;;;Außenfühler AF200;;outdoor sensor AF200;;
RC21;Vorlauffühler VF 202B;43,47;Stk;;;Vorlauffühler VF202 B;;;;
RC22;Kessel- oder Speicherfühler KVT 20/2/6;34,00;Stk;;;KVT 20 Kessel oder Speicherfühler (grau);;;;
RE01;Zentralgerät Universum-Select;972,00;Stk;;ohne Fühler, ohne Klemmen;UNIVERSUM® SELECT Zentralgerät;without sensor, without terminals;UNIVERSUM® SELECT master unit;;
RE02;UNIVERSUM Klemme:Regler Eingang 10-25;13,10;Stk;; (16-polig);UNIVERSUM® Klemme: Regler Eingang 10 - 2;(16-pin);UNIVERSUM® terminal: controller input 10;;
RE03;UNIVERSUM Klemme:Regler Ausgang 30-41;12,70;Stk;; (12-polig);UNIVERSUM® Klemme: Regler Ausgang 30 - 4;(12-pin);UNIVERSUM® terminal: controller output 3;;
RE04;UNIVERSUM Klemme:Regler Ausgang 42-49;12,70;Stk;; (12-polig);UNIVERSUM® Klemme: Regler Ausgang 42 - 5;(12-pin);UNIVERSUM® terminal: controller output 4;;
RE05;Klemme Anschluß B1B2LN (4-polig);4,25;Stk;;(4-polig);Klemme Anschluß B1B2LN;(4-pin);Terminal connection B1B2LN;;
RE06;UNIVERSUM-Klemme:CAN 1-4 (4-polig);4,25;Stk;;(4-polig);UNIVERSUM® Klemme: CAN 1-4;(4-pin);UNIVERSUM® terminal: CAN 1-4;;
RE07;Universum-Select-W (komplett);1350,00;Stk;;Universum® Select im Wandgehäuse mit Anschlussklemmenreihe inkl. Kessel-, Speicher-, 2 Vorlauf-, 2 Differenz- und Außenfühler;Universum® Select W;Universum® Select in wall casing with terminal block incl. boiler sensor, accumulator sensor, 2 feed, 2 differential and outside sensors;Universum® Select W;;
RE08;Klemme Zentrale RS 232, TV-BOX (6polig);5,34;Stk;;;;;;;
RE09;UNIVERSUM Klemme- Netzanschluß LNPE;3,97;Stk;;(3-polig);;;;;
RE11;Universum-Select-Controller Nr. 1;125,30;Stk;;;Universum® Select Controller 1;;Universum® Select Controller 1;;
RE12;Universum-Select-Controller Nr. 2;125,30;Stk;;;Universum® Select Controller 2;;Universum® Select Controller 2;;
RE13;Universum-Select-Controller Nr. 3;125,30;Stk;;;Universum® Select Controller 3;;Universum® Select Controller 3;;
RE14;Universum-Select-Controller Nr. 4;125,30;Stk;;;Universum® Select Controller 4;;Universum® Select Controller 4;;
RE21;Universum-Select-Controll-Station Nr.1;457,60;Stk;;;Universum® Select Controll-Station 1;;Universum® Select control station 1;;
RE22;Universum-Select-Controll-Station Nr.2;457,60;Stk;;;Universum® Select Controll-Station 2;;Universum® Select control station 2;;
RE23;Universum-Select-Controll-Station Nr.3;457,60;Stk;;;Universum® Select Controll-Station 3;;Universum® Select control station 3;;
RE24;Universum-Select-Controll-Station Nr.4;457,60;Stk;;;Universum® Select Controll-Station;;Universum® Select Controll-Station 4;;
RE29;Universum-Select Modemverbindungskabel;27,90;Stk;;für Universum® Select Modem;Verbindungskabel;for Universum® Select Modem;Connecting cable;;
RE30;Raumtemperaturregler Typ B-T/N Tagespr.;181,20;Stk;;;mit Tagesprogramm   TYP B - T/N;;with daily program TYPE B - T/N;;
RE31;Raumtemperaturregler Typ MTRU-W Wochenp.;186,90;Stk;;;mit Wochenprogramm TYP B - W/N;;with weekly program TYPE B - W/N;;
RE32;Raumtemperaturregler Typ A-N;39,90;Stk;;;Raumtemperaturregler TYP A-N;;Room temperature controller TYPE A-N;;
RE33;Raumtemperaturregler Typ A-N/U;52,60;Stk;;Sollwertvorgabe, mit Bi-Metall-Auslösung, thermischer Rückführung und Bereichseingrenzung, Umschalter Heizen-Absenken-Automatik, geeignet für Nachtabsenkung durch Pilotsteuerung Typ BN...Nachtabsenkung bei PilotsteuerungU... UmschalterSERIE TYP A ;Raumtemperaturregler TYP A-N/U;Set value defaults, with bimetal release, thermal recovery and range limitation, change over switchHeating-reducing-automatic system, suitable for night-economy feature by means of pilot control type BN...night-economy feature with pilot controlU.;Room temperature controller TYPE A-N/U;;
RE34;Kesseltemperaturregler;30,00;Stk;;für Schaltfelder der KF-G Serie;Kesseltemperaturregler;for switch panels of the KF-G series;Boiler temperature controller;;
RE35;Sicherheitstemperaturbegrenzer STB;47,90;Stk;;für Schaltfelder der KF-G Serie;Sicherheitstemperaturbegrenzer STB;for switch panels of the KF-G series;Safety temperature limiter STB;;
RE36;Drehknopf für Raumtemperaturregler A-N;2,41;Stk;;;;;;;
RE37;Raumtemperaturregler Heizen/Kühlen;;;;;;;;;
RE84;Klemmeleiste Nr.: 42-53 (alter Regler);12,70;Stk;;;;;;;
RE85;KESSELSCHAFTFELD KF-G UNIVERSUM;273,70;Stk;;inkl. Blindabdeckung;;;;;
RE86;Digitalschaltuhr (816);241,50;Stk;;;;;;;
RE87;Wohnraumfernbedienung FBR 30 S;68,43;Stk;;für Regler-Serie-Delta;;;;;
RE88;3-Punkt-Regelung witterungsgeführt;497,10;Stk;;(neu Beta 3 MS);;;;;
RE89;Wohnraumfernbedienung RFF 60 S;136,90;Stk;;Serien-Nr.: @@@@@@@;;;;;
RE91;WR-33-E-GAMMA komplett;1155,00;Stk;;bestehend aus:Kesselschaltfeld KF GAMMA f. Gamma 233BRegeler GAMMA 233 B inkl. Fühler;;;;;
RE92;REGELUNG WR-23-E-GAMMA (komplett);998,00;Stk;;bestehend aus:Kesselschaltfeld KF GAMMA,Regler GAMMA 23 B inkl. Fühler;;;;;
RE93;Regelung WR-23-W GAMMA;854,00;Stk;;bestehend aus: 1 Stk.Wandgehäuse WG 4001 Stk.Regler GAMMA 23Binkl. Fühler;;;;;
RE94;Regelung WR-33-W GAMMA;983,00;Stk;;bestehend aus: 1 Stk. Wandgehäuse WG 4001 Stk. Regler GAMMA 233 Binkl. Fühler;;;;;
RE95;Zentralgerät WR-33 Gamma 233B;784,00;Stk;;;;;;;
RE96;Zentralgerät WR-23 Gamma 23 B;596,00;Stk;;;;;;;
RE97;Analogschaltuhr 2-Kanal-Tagesprogramm;226,00;Stk;;;;;;;
RE98;Wohnraumfernbed. RFF 30S-N;109,90;Stk;;für Regler-Serie-Delta;;;;;
RE99;REGLEREINSATZ DELTA 23 B;694,00;Stk;;ohne Fühler;;;;;
REA04;Eberle Raumcontroller;0,00;Stk;;;;;;;
REA1;Raumtemperaturregler Typ E;0,00;Stk;;Elektronischer Uhrenthermostat mitSchaltuhr für Temperaturabsenkung,einstellbare Absenktemperatur,Montage in UP-Dose;;;;;
REA3;MODEM für Version 3.16;207,80;Stk;;für Ferndiagnose, Fernwartung und Fern-bedienung;;;;;
REA5;TV-Box + Fernbedienung;669,00;Stk;;;;;;;
REA6;UNVERSUM-Scartkabel;23,17;Stk;;;;;;;
REA7;TV-Box Anschlußkabel/Direktanschluß;26,22;Stk;;vorkonfektioniert mit Klemme für Direkt-anschluß an Bedienzentrale;;;;;
REA8;Strahlungssensor;1625,00;Stk;;;;;;;
REA9;Raumthermostat wochenprogrammierbar;182,20;Stk;;Typ S 202B WP (Auslieferung ohne Batt.);;;;;
RG02;Vorlauffühler VF 204;43,47;Stk;;;;;;;
RG03;AKKU (Analoguhr);11,65;Stk;;;;;;;
RG04;BRENNERRELAIS;13,00;Stk;;;;;;;
RG05;KLEMMLEISTEN für GAMMA-REGLER;16,85;Stk;;;;;;;
RG06;KLEMMLEISTEN für ALPHA-REGLER;0,00;Stk;;;;;;;
RG07;Betriebsstundenzähler KSP;47,74;Stk;;;;;;;
RG08;Speicherthermometer KF-MC;32,34;Stk;;;;;;;
RG09;Wohnraumfernbedienung FBR 20SN;68,43;Stk;;;;;;;
RG10;Wohnraumfernbedienung RFF 20S-N;79,35;Stk;;;;;;;
RG11;RAUMFÜHLER RFF 233S;69,78;Stk;;;;;;;
RG13;Wohnraumfernbed. RFF 25S/M;82,68;Stk;;mit Fernverstellung für Alpha-Regler,Raumfühler und Partyschalter;;;;;
RG14;Analogschaltuhr 2-Kanal-Tag/WochenProgr.;226,00;Stk;;;;;;;
RG15;Adapterstecker Delta auf Gamma;87,78;Stk;;;;;;;
RG16;Zentralgerät GAMMA 2233 B;746,00;Stk;;;;;;;
RG17;Zentralgerät WR-33 Gamma 233 B/LOGO-CLIP;782,00;Stk;;;;;;;
RG18;Blinddeckel für Kesselschaltfeld;6,57;Stk;;;;;;;
RG19;Blinddeckel für Gamma X3;13,21;Stk;;;;;;;
RG20;FUNKUHRENMODUL FU 77;76,23;Stk;;;;;;;
RG21;RAUMSTATION GAMMA RS 10;226,20;Stk;;;;;;;
RG22;Beta 2B MS Set;643,00;Stk;;;;;;;
RG98;Speicherfühler für Solar-Star M1;29,74;Stk;;;;;;;
RG99;Kollektorfühler für Solar-Star M1 - M3;29,74;Stk;;;;;;;
S109;XXXFlachdachfreirahmen 2 Solar Solar EQ 60°;606,00;Stk;;;;;;;
S110;Aluwinkel 60/40/4, Länge: 6m;75,00;Stk;;;;;;;
S111;Aluwinkel 50/50/5, Länge: 6m;73,32;Stk;;;;;;;
S112;Ständer für Bitumendach Solar Star;69,68;Stk;;;;;;;
S113;Dreieckrahmen Alu für Solar Star E 45°;106,90;Stk;;Dreieck bestehend aus:1 Stk. Aufständerung1 Stk. Verbindungsprofil1 Stk. Abstützung1 Stk. Befestigungswinkel1 Stk. Befestigungswinkel 45°5 Stk. Sechskantschraube M8x30 A25 Stk. Sechskantmutter M8 A25 Stk. Scheibe M8 A25 Stk. Federring M8 A2;;;;;
S114;Dreieckrahmen Alu für Solar Star EQ 45°;84,34;Stk;;Dreieck bestehend aus:1 Stk. Aufständerung1 Stk. Verbindungsprofil1 Stk. Abstützung1 Stk. Befestigungswinkel1 Stk. Befestigungswinkel 45°5 Stk. Sechskantschraube M8x30 A25 Stk. Sechskantmutter M8 A25 Stk. Scheibe M8 A25 Stk. Federring M8 A2;;;;;
S115;Halteleiste vorne für Solar Star E;18,30;Stk;;;;;;;
S116;Halteleiste hinten für Solar Star E;18,30;Stk;;;;;;;
S117;Halteleiste seitlich für Solar Star E;25,27;Stk;;;;;;;
S118;Halteleiste Mittelleiste f. Solar Star E;23,71;Stk;;;;;;;
S119;Optische Abdeckleiste vertikal für Solar Star E;32,00;Stk;;;;;;;
S120;Solar Star E, Länge 2000mm mit Eurokonus;741,00;Stk;;Hochleistungskollektor Edelstahlhochkant, Serien-Nr.:;;;;;
S121;Solar Star E 2.0 OHNE Eurokonus (Solarpaket);705,00;Stk;;;;;;;
S130;Solar Star E mit Eurokonus;828,00;Stk;;Hochleistungskollektor Edelstahlhochkant, Absorberfläche: 2,273 m2Serien-Nr.:;;;;;
S131;Solar Star EQ mit Eurokonus;740,00;Stk;;Hochleistungskollektor Edelstahlquerkant, Absorberfläche: 1,867 m2Serien-Nr.:;;;;;
S134;Anschluss-Set universal mit Eurokonus;68,30;Stk;;;;;;;
S135;Anschluss-Set links mit Eurokonus;68,30;Stk;;bestehend aus:Eckanschluss, Fühlereckanschluss links, Endstopfen und Endkappe Eurokonus;Anschluss-Set linke Ausführung;Consisting of:Corner connection, sensor corner connection left, end plug and end cap eurocone;Connecting set left version;;
S136;Anschluss-Set rechts mit Eurokonus;68,30;Stk;;bestehend aus:Eckanschluss, Fühlereckanschluss rechts, Endstopfen und Endkappe Eurokonus;Anschluss-Set rechte Ausführung;Consisting of:Corner connection, sensor corner connection right, end plug and end cap eurocone;Connecting set right version;;
S137;Eckanschluss für Eurokonus RECHTS;25,80;Stk;;für Eurokonus rechts(zur Montage am Kollektoreintritt links unten);Eckanschluss;For eurocone right(for mounting on collector inlet bottom left);Corner connection;;
S138;Eckanschluss für Eurokonus LINKS;26,90;Stk;;für Eurokonus links(zur Montage am Kollektoreintritt rechts unten);Eckanschluss;For eurocone left(for mounting on collector inlet bottom right);Corner connection;;
S139;Fühleranschluss rechts E/EQ; Eurokonus;28,10;Stk;;für  Eurokonus;Fühlereckanschluss rechts;For eurocone;Sensor corner connection right;;
S140;Fühleranschluss links E/EQ; Eurokonus;28,10;Stk;;für Eurokonus;Fühlereckanschluss links;For eurocone;Sensor corner connection left;;
S141;Endkappe für Solar Star E u EQ Eurokonus;7,84;Stk;;für Eurokonus;Endkappe;For eurocone;End cap;;
S142;Endstopfen f. Solar Star E u EQ Eurokons;7,84;Stk;;für Eurokonus;Endstopfen;For eurocone;End plug;;
S143;Hochtemperaturdichtug f.Solar Star E/EQ;0,41;Stk;;bis 250° C;Hochtemperaturdichtung;Up to 250°C;High-temperature seal;;
S145;Grundset übereinander Indacheinblechung 2 SolarStar E;492,30;Stk;;;;;;;
S146;Erweiterungsset übereinander pro Solar Star E;187,70;Stk;;;;;;;
S147;Alu T-Profil für Solar Star E 2.0 u. 2000 / 2 Koll.;49,30;Stk;;Länge: 2.162mm;;;;;
S148;Alu T-Profil für Solar Star E 2.0 u. 2000 / 6 Koll.;142,10;Stk;;Länge: 6.486mm;;;;;
S166;Flachdachfreirahmen 1 Solar Star EQ 45° und 60° oder;236,70;Stk;;für Wandmontage 45°;;;;;
S167;Flachdachfreirahmen 2 Solar Starr EQ 45° und 60° oder;472,40;Stk;;für Wandmontage 45°;;;;;
S170;Flachdachfreirahmen 2 Solar Star E 45° und 60° oder;299,50;Stk;;für Wandmontage 45°;;;;;
S171;Flachdachfreirahmen 3 Solar Star E 45° und 60° oder;429,40;Stk;;für Wandmontage 45°;;;;;
S195;Grundset Indacheinblechung 2 SolarStar E 2000;;;;;;;;;
S196;Erweiterungsset pro Solar Star E 2000;;;;;;;;;
S197;Befestigungswinkel für Hangmontage für Solar Star;14,50;Stk;;;;;;;
S198;Bolzenanker für Beton 8x75;2,50;Stk;;;;;;;
S199;Bolzenanker für Beton 10x85;3,00;Stk;;;;;;;
S200;Edelstahlwellrohr 2 x DN16-13mm, Bund zu 10 lfm;382,00;Stk;;bereits mit Kautschuk isoliert;;;;;
S201;Verschraubungsset mit AG DN 16 für Edelstahlwellrohr;8,45;Stk;;;;;;;
S202;Edelstahlwellrohr 2 x DN20-13mm, Bund zu 15 lfm;;;;;;;;;
S203;Verschraubungsset mit AG DN 20 für Edelstahlwellrohr;;;;;;;;;
Serie1WK07;Klima Star WP Heizen und Kühlen 7 kW S1;6660,00;Stk;;Wärmepumpe in Kompaktbauweise für Sole-oder Grundwasserbetrieb.Einsatz für Heizung, Kühlung undWarmwasserbereitung.Maximale Vorlauftemperatur 57° C.Der Einsatz der Universum Systemregelunggarantiert einen außergewöhnlichwirtschaftlichen Betrieb.Formschönes, silbergraues Designder Verkleidung.Typenschild-Nr.:;;;;;
SO01;SOLAR STAR HARREITHER;965,00;Stk;;mit Alu-Rahmenprofil pulverbeschichtetFläche: 2,60 m;;;;;
SO02;Bef.Element Aufdachmont./2 Koll./Ziegel;204,60;Stk;;bei Ziegel- und SchindeldeckungKomplettes Set mit Holzstaffel,Alu-Winkel, feuerverzinktem Bügel undSchrauben;;;;;
SO03;Bef.Element Aufdachmont./3 Koll./Ziegel;290,30;Stk;;bei Ziegel- und SchindeldeckungKomplettes Set mit Holzstaffel,Alu-Winkel, feuerverzinktem Bügel undSchrauben.;;;;;
SO04;Mittelabdeckblech für Indachmontage;41,40;Stk;;;;;;;
SO10;KOLLEKTORANSCHLUSSVERSCHRAUBUNG 22x1;9,21;Stk;;;;;;;
SO11;ENDVERSCHRAUBUNG f. SOLAR STAR;17,30;Stk;;zum Abschluß der freien Kollektorenden;;;;;
SO12;Solar-Ausdehnungsgefäß 25l 8-bar;83,70;Stk;;für Solar und Sole;Ausdehnungsgefäß: 6 bar, 25 Liter;For solar and brine water;Expansion tank: 6 bar, 25 litres;;
SO13;Solar-Ausdehnungsgefäß 19 l, 6 bar,;58,80;Stk;;für Solar und Sole;Ausdehnungsgefäß: 6 bar, 19 Liter;For solar and brine water;Expansion tank: 6 bar, 19 litres;;
SO14;FRIKOSOL Wärmeträgerflüssigkeit;137,10;Stk;;Frostschutz bis -30°C, VPE: Behälter zu 25 kg hochwertige Korrosionsschutzzusätze. Fertig zur Direktbefüllung der Anlage  ACHTUNG: nicht mit Harreither Frostschutzkonzentrat mischen (WP45) !;Wärmeträgerflüssigkeit Frikosol;Anti-freeze down to -30°C, packaging units: containers with 25 kg each high-quality corrosion protection additives. Ready to be filled directly in the system. CAUTION: Do not mix with Harreither frost-protection concentrate (WP45!);Heat carrier liquid Frikosol;;
SO15;Cu-Wärmetauscher f.Solar 2.5mø;302,50;Stk;;für Solar / Systemtrennung 2,5m² geeignet für bis zu 4 Kollektoren, inkl. galvanischer Trennung;CU-Wärmetauscher Solar;for solar / system separation 2.5m²suitable for up to 4 collectors, incl. galvanic insulation;CU heat exchanger solar;;
SO16;Cu-Wärmetauscher f. Solar 4,5 mø;751,00;Stk;;für Solar / Systemtrennung 4,5m² geeignet biszu 10 Kollektoren, inkl. galvanischer Trennung;CU-Wärmetauscher Solar;for solar / system separation 4.5m²suitable for up to 10 collectors, incl. galvanic insulation;CU heat exchanger solar;;
SO17;Stutzen ohne Flansch;161,70;Stk;;ohne Abdeckplatte für zusätzliche Sondereinsätze;Stutzen;without cover plate for additional special inserts;Connection piece;;
SO18;Blinddeckel f.Flansch 245 mm Multi+Combi;64,00;Stk;;Lochkreisdurchmesser 245 mm, inkl. Dichtung;Abdeckplatte für Flansch;Bolt circle diameter 245 mm, incl. seal;Cover plate for flange;;
SO19;Flanschplatte m Bohrung 3/4 Multi/Combi;64,00;Stk;;mit Bohrungen 3/4 für WT 2,5 m², inkl. Dichtung;Abdeckplatte für Flansch;with borings 3/4 for HE 2.5 m², incl. seal;Cover plate for flange;;
SO20;Flanschplatte m. Bohrung 1 Multi/Combi;64,00;Stk;;mit Bohrungen 1 für WT 4,5 m², inkl. Dichtung;Abdeckplatte für Flansch;with borings 1 for HE 4.5 m², incl. seal;Cover plate for flange;;
SO21;DICHTUNG für FLANSCHPL. MULTI/COMBI (n);12,20;Stk;;für Abdeckplatte für Flansch;Dichtung;for cover plate for flange;Seal;;
SO22;Flanschplatte m Gewinde 6/4 Multi/Combi;813,00;Stk;;inkl. Dichtung - Sonderanfertigung -;;;;;
SO23;FLANSCHPLATTE m. BOHRUNG für MULTI 3/4 (240mm);69,78;Stk;;;;;;;
SO26;Solar-Star M2;486,10;Stk;;wie oben M1, jedoch für zwei Wärmeabnehmer. Ausführung wie Grundmodell, jedoch mit zusätzlichem Erweiterungsmodul je nach Anwendungsfall. Inklusive 3 FühlerFabrikat: HARREITHER;Solar-ModulsteuerungType: SOLAR STAR®;wie oben M1, jedoch für zwei Wärmeabnehmer. Ausführung wie Grundmodell, jedoch mit zusätzlichem Erweiterungsmodul je nach Anwendungsfall. Inklusive 3 FühlerFabrikat: HARREITHER;Solar-ModulsteuerungType: SOLAR STAR®;;
SO28;KOLLEKTORFÜHLER f. WR-23-E-S (SF 1000);24,96;Stk;;;;;;;
SO29;FLANSCHPLATTE m. BOHRUNG für MULTI 1;69,78;Stk;;(DA 240 mm);;;;;
SO30;XXXSolar Star E;796,00;Stk;;Hochleistungskollektor Edelstahlhochkant, Absorberfläche: 2,273 m2Serien-Nr.:;;;;;
SO31;XXXSolar Star EQ;712,00;Stk;;Hochleistungskollektor Edelstahlquerkant, Absorberfläche: 1,867 m2Serien-Nr.:;;;;;
SO34;Anbindeschlauchset 1000mm 3/4 ÜM;100,70;Stk;;besteht aus:1 Schlauch DN16, 1000mm, Edelstahlwellrohr,    2 x 3/4 ÜM, Kautschukisolierung 13 mm1 Schlauch DN16, 1000mm, Edelstahlwellrohr,    2 x 3/4 ÜM, Kautschukisolierung 13 mm,    mit eingezogenem Fühlerkabel (1500 mm)1 Doppelnippel 3/4;Anbindeschlauchset für Solar Star® E u;Consisting of:1 hose DN16, 1000 mm, stainless steel corrugated tube, 2 x 3/4 lock nut, rubber insulation 13 mm1 hose DN16, 1000 mm, stainless steel corrugated tube, 2 x 3/4 lock nut, rubber insulation 13 mm, with integrated sensor cable (1500 mm)1;Connecting hose set for Solar Star® E un;;
SO35;XXXAnschluss-Set links;65,70;Stk;;bestehend aus: Eckanschluss, Fühler-eckanschluss links, Endstopfen undEndkappe;;;;;
SO36;XXXAnschluss-Set rechts;65,70;Stk;;bestehend aus: Eckanschluss, Fühler-eckanschluss rechts, Endstopfen undEndkappe;;;;;
SO37;XXXEckanschluss für Solar Star E und EQ;24,80;Stk;;;;;;;
SO39;XXXFühleranschluss rechts Solar E/EQ;;;;;;;;;
so40;XXXFühleranschluss links f.Solar E/EQ;;;;;;;;;
SO41;XXXEndkappe für Solar Star E und EQ;7,54;Stk;;;;;;;
SO42;XXXEndstopfen für Solar Star E und EQ;7,54;Stk;;;;;;;
SO44;Mittelleiste GSE 2400 für Solar Star E;36,40;Stk;;;;;;;
SO45;Alu T-Profil für Solar Star E / 2 Koll.;48,30;Stk;2,00;für 2 KollektorenLänge: 2034 mmVPE: 2 Stk.;;For 2 collectorsLength: 2034 mmVPE: 2 units;;Stk;
SO46;Alu T-Profil für Solar Star E / 3 Koll.;72,80;Stk;2,00;für 3 KollektorenLänge: 3051 mmVPE: 2 Stk.;;For 3 collectorsLength: 3051 mmPacking unit: 2 pieces;;Stk;
SO47;Alu T-Profil für 2 Solar Star EQ;97,40;Stk;2,00;für 2 KollektorenLänge: 4036 mmVPE: 2 Stk.;;For 2 collectorsLength: 4036 mmPacking unit: 2 pieces;;Stk;
SO48;Alu T-Profil für Solar Star EQ;49,30;Stk;2,00;für 1 KollektorLänge: 2018 mmVPE: 2 Stk.;;For 1 collectorLength: 2018 mmPacking unit: 2 pieces;;Stk;
SO49;KV 2 zum Verbinden von Alu T-Profilen;7,28;Stk;2,00;70 mm breit, 2 Bohrungen 12,5 mm,mit Niro-Schrauben,-Muttern und-Beilagen.VPE: 1 Satz = 2 Stk.;;;;Stk;
SO50;Verbindungsleisten für Solar Star E;33,60;Stk;;Alu-Verbindungsleiste nach Zeichnung, blank Länge: 2588 mm für die schnelle Montage von Flachkollektoren Stockschraubenausführung oder Dachbügel pro Kollektor wird EINE Verbindungsleiste benötigt;für Solar Star® E;Aluminium connecting strip according to drawing, blankLength: 2588 mmFor the fast mounting of flat-plate collectorsDouble-thread screws or roof bracketFor every collector, ONE connecting strip is necessary;For Solar Star® E;;
SO51;Verbindungsleisten für Solar Star EQ;15,70;Stk;;Alu-Verbindungsleiste nach Zeichnung, blank Länge: 1163 mm für die schnelle Montage von Flachkollektoren Stockschraubenausführung oder Dachbügel pro Kollektor werden ZWEI Verbindungsleisten benötigt;für Solar Star® EQ;Aluminium connecting strip according to drawing, blankLength: 1163 mmFor a fast mounting of flat-plate collectorsDouble-thread screws or roof bracketFor every collector, TWO connecting strips are necessary;For Solar Star® EQ;;
SO53;Stockschraube SONDER mit Niro Flanschpl.;54,10;Stk;;mit Gummidichtfläche 130x130 mmfür Flachdachmontage;Stockschraube SONDER mit Niro Flanschpla;With rubber sealing surface 130x130 mmfor flat-roof mounting;Double-thread screw SONDER with rust-pro;;
SO54;Klemmschuh M35 für Systemstockschraube;4,20;Stk;;;Klemmschuh zur Befestigung von T-Profile;;Clamp-type fitting for fixing T-sections;;
SO55;System Stockschraube DA 12 aus Edelstahl;30,30;Stk;;aus Edelstahl, komplett vormontiert zur Montage des Alu-T-Profils mit oder ohne Verbindungsprofil, 350 mm, Ø 12 mm, Aluklemme, EPDM Ziegelabdichtgummi, Niro-Muttern und -Beilagen2 Stk. je Solar Star® E4 Stk. je Solar Star® EQ;System Stockschraube;Made of stainless steel, completely pre-assembled for mounting of the aluminium T-section or without connecting section, 350 mm, Ø 12 mm, aluminium clamp, EPDM brick rubber seals,Rust-proof nuts and washers2 pieces for every Solar Star ® E4 pieces f;System double-thread screw;;
SO56;Dachbügelset;36,90;Stk;;;Dachbügelset;;Roof bracket set;;
SO57;Dachbügelset mit Clipleiste;40,20;Stk;;;;;;;
SO58;Blechfalzklemme;30,30;Stk;;ALU-blank, 125 mm;;;;;
SO61;Anhebung 20° für Solar Star E;82,60;Stk;;;für Solar Star® E;;For Solar Star® E;;
SO62;Montagehilfe-Set für Anhebung 20°, E;50,50;Stk;;;für Solar Star® E;;für Solar Star® E;;
SO64;Betonbalast für Solar Star E;134,00;Stk;;Gewicht: 180 kg Abmessung: 1800 x 260 x 160 mm;Betonballast für Solar Star® E;Weight: 180 kgDimensions: 1800 x 260 x 160 mm;Concrete ballast for Solar Star® E;;
SO65;Betonbalast für Solar Star EQ;91,10;Stk;;Gewicht: 110 kg Abmessung: 1100 x 260 x 160 mm      Lieferzeit: 1 - 2 Wochen;Betonballast für Solar Star® EQ;Weight: 110 kgDimensions: 1100 x 260 x 160 mmDelivery period: 1 to 2 weeks;Concrete ballast for Solar Star® EQ;;
SO66;Flachdachfreirahmen 1 Solar Star EQ 45°;236,70;Stk;;Abmessung: 2200/200/150Gewicht: 12 kg;für 1 Solar Star® EQ 45°;Dimensions: 2200/200/150Weight: 12 kg;For 1 Solar Star® EQ 45°;;
SO67;Flachdachfreirahmen 2 Solar Star EQ 45°;472,40;Stk;;Abmessung: 4200/200/150 mmGewicht: 17 kg;für 2 Solar Star® EQ 45°;Dimensions: 4200/200/150 mmWeight: 17 kg;For 2 Solar Star® EQ 45°;;
SO68;Flachdachfreirahmen 2 Solar Star E 45°;293,50;Stk;;Abmessung: 2500/200/150Gewicht: 17 kg;für 2 Solar Star® E 45°;Dimensions: 2500/200/150Weight: 17 kg;For 2 Solar Star® E 45°;;
SO69;Flachdachfreirahmen 3 Solar Star E 45°;427,40;Stk;;Abmessung: 3200/200/150Gewicht: 22 kg;für 3 Solar Star® E 45°;Dimensions: 3200/200/150Weight: 22 kg;For 3 Solar Star® E 45°;;
SO70;Flachdachfreirahmen 2 Solar Star E 60°;337,50;Stk;;Abmessung: 2500/200/150Gewicht: 17 kg;für 2 Solar Star® E 60°;Dimensions: 2500/200/150Weight: 17 kg;For 2 Solar Star® E 60°;;
SO71;Flachdachfreirahmen 3 Solar Star E 60°;490,60;Stk;;Abmessung: 3200/200/150Gewicht: 22 kgHINWEIS:Zur Verbindung von Flachdachrahmen je 1 Satz Verbindungsset KV2 (SO49) bestellen;für 3 Solar Star® E 60°;Dimensions: 3200/200/150Weight: 22 kgNOTE:For connecting flat-roof frames, order 1 set connecting set KV2 (SO49) each;For 3 Solar Star® E 60°;;
SO72;Anhebung 20° für Solar Star EQ;43,90;Stk;;;für Solar Star® EQ;;For Solar Star® EQ;;
SO73;Montagehilfe-Set für Anhebung 20°, EQ;46,40;Stk;;;für Solar Star® EQ;;für Solar Star® EQ;;
SO75;Grundset Indacheinblechung 2 SolarStar E;559,00;Stk;;Abmessungen: 200 / 350 / 2455 mm;;;;;
SO76;Erweiterungsset pro Solar Star E;205,00;Stk;;;;;;;
SO77;Regelung SR 1 Solar Star E, EQ, H;261,40;Stk;;Der Typ SR 1 dient zur Regelung von Solaranlagen mit maximal einem Kollektorfeldund einem Speicher.Standardfunktionen SR 1:AnlagenschutzfunktionKollektorschutzfunktionHandbetriebRückkühlfunktionDrehzahlregelung;SR 1 Basic;The type SR 1 serves to control solar systems with max. one collector panel and one accumulator.Standard functions SR 1:System protective functionCollector protective functionManual operationRecooling functionSpeed control;SR 1 Basic;;
SO78;Regelung SR 2 Solar Star E, EQ, H;391,00;Stk;;Der Typ SR 2 kann einen Kollektorfeld mit einem Speicher, einen Kollektor mit zwei Speicher oder zwei Kollektorfelder mit einem Speicher regeln.Standardfunktionen SR 2 :AnlagenschutzfunktionKollektorschutzfunktionHandbetriebRückkühlfunktionD;SR 2 Vision;The type SR 2 can be used to control one collector panel with one accumulator, one collector with two accumulators or two collector panels with one accumulator.Standard functions of SR 2 :System protective functionCollector protective functionManu;SR 2 Vision;;
SO79;Überspannschutzdose für Solar Regelung;29,10;Stk;;;Überspannschutzdose;;Overvoltage protective device;;
SO80;Solar Star H;624,00;Stk;;Rahmen: HolzGlas: 3,2 mm Solarglas, transparent    91% solarer TransmissionsgradKollektorrückwand: HolzAbsorber: Tinox-Blech, ultraschallverschweisstIsolierung: 40 mm MineralwolleAbdichtung: EPDM Profilgummi, UV-beständigWärmeträgerflüssigke;Solar Star® H;Frame: timberGlass: 3.2 mm solar glass, transparent91% solar transmission rateRear of collector: timberAbsorber: Tinox sheet metal, ultrasound weldedInsulation: 40 mm mineral woolSealing: EPDM rubber section, UV-resistantHeat carrier liquid:;Solar Star® H;;
SO81;Eindeckrahmen Ziegel für 2 Solar Star H;628,00;Stk;;für 2 Kollektoren1 Grundset besteht aus:2 x Seitenabschlussprofile, 1 x Abdeckprofil,2 x Alukeile (Dreieck), 1 x Fühlerrohrverlängerung;Eindeckrahmen Grundset, 4 m², Ziegel;for 2 collectors1 basic set consists of:2 x side end profiles, 1 x profile cover,2 x aluminium wedges (triangle), 1 x sensor pipe extension;Mounting frame basic set, 4 m², brick;;
SO82;Eindeckrahmen Eternit für 2 Solar Star H;554,00;Stk;;für 2 Kollektoren1 Grundset besteht aus:2 x Seitenabschlussprofile, 1 x Abdeckschiene,2 x Alukeile (Dreieck), 1 x Fühlerrohrverlängerung;Eindeckrahmen Grundset, 4 m², Eternit;for 2 collectors1 basic set consists of:2 x side end profiles, 1 x cover strip,2 x aluminium wedges (triangle), 1 x sensor tube extension;Mounting frame basic set, 4 m², eternit;;
SO84;Eindeckrahmen Grundset Eternit;376,00;Stk;;für 2 Kollektoren;Eindeckrahmen Grundset übereinander, 4 m;für 2 Kollektoren;Eindeckrahmen Grundset übereinander, 4 m;;
SO85;Eindeckrahmen Erweiterungsset, Ziegel;215,30;Stk;;für 1 Kollektor1 Erweiterungsset besteht aus:1 x Abdeckschiene, 2 x Alukeile (Dreieck);Eindeckrahmen Erweiterungsset,nebenein;for 1 collector1 extension set consists of:1 x cover strip, 2 x aluminium wedges (triangle);Installation frame extension set, next t;;
SO86;Eindeckrahmen Erweiterungsset, Eternit;215,30;Stk;;für 1 Kollektor1 Erweiterungsset besteht aus:1 x Abdeckschiene, 2 x Alukeile (Dreieck);Eindeckrahmen Erweiterungsset,nebenein;for 1 collector1 extension set consists of:1 x cover strip, 2 x aluminium wedges (triangle);Mounting frame extension set, next to ea;;
SO87;Eindeckrahmen Grundset,Solar Star H;244,10;Stk;;für 1 Kollektor1 Erweiterungs od Grundset besteht aus:2 x Seitenabschlussprofil, 1 x Abdeckschiene, 2 x Alukeile (Trapez);Eindeckrahmen Erweiterungs od. Grundset;for 1 collector1 extension or basic set consists of:2 x side end profiles, 1 x cover strip, 2 x aluminium wedges (trapezoid);Mounting frame extension or basic set, a;;
SO88;Eindeckrahmen Erweiterungsset Solar H;96,40;Stk;;1 Kollektor1  Erweiterungsset besteht aus:1 x Abdeckschiene, 2 x Alukeile (Trapez);Eindeckrahmen Erweiterungsset,neben/üb;1 collector1 extension set consists of:1 x cover strip, 2 x aluminium wedges (trapezoid);Mounting frame extension set, next to ea;;
SO89;Seitenabschlussprofil Alu Solar StarH;34,70;Stk;;wird auch benötigt, wenn die Einfassung von einem Spengler gemacht wird.;Seitenabschlussprofil für Solar Star® H;Is also necessary when the frame is made by a panel beater.;Side end profile for Solar Star ® H;;
SO90;Abdeckschiene für Solar Star H;24,60;Stk;;;Abdeckschiene für Solar Star® H;;Cover strip for Solar Star ® H;;
SO91;Holzunterlagskeil 980 für Solar Star H;11,20;Stk;;200 x 100 x 980 mm (Dreieck);Holzunterlagskeil;200 x 100 x 980 mm (triangle);Timber wedge;;
SO92;Holzunterlagskeil 800 für Solar Star H;11,20;Stk;;200 x 100 x 800 mm (Trapez);Holzunterlagskeil übereinander;200 x 100 x 800 mm (trapezoid);Timber wedge, above each other;;
SO93;Fühlerrohrverlängerung für Solar Star;5,61;Stk;;;Fühlerrohrverlängerung;;Sensor pipe extension;;
SO95;CU-Rohr Verbinder für Solar Star H;7,84;Stk;;;Kupferkollektorverbinder;;Copper collector connector;;
SO96;Anschlussset m. Lötende Kupfer f.Solar H;25,80;Stk;;;Lötanschluss;;Soldering terminal;;
SO98;SR Kollektorfühler PT 1000 Silikon;26,90;Stk;;;SR Kollektorfühler PT 1000 Silikon;;SR collector sensor PT 1000 silicone;;
SO99;SR Speicherfühler PT 1000 PVC;24,60;Stk;;;SR Speicherfühler PT1000 PVC;;SR accumulator sensor PT1000 PVC;;
SOE94;XXXVerz. Halteleiste Mittelleiste für Solar Star E;22,30;Stk;;;;;;;
SOE95;XXXVerz. Halteleiste seitlich für Solar Star E;23,80;Stk;;;;;;;
SOE96;XXXVerz. Halteleiste hinten für Solar Star E;17,30;Stk;;;;;;;
SOE97;XXXVerz. Halteleiste vorne für Solar Star E;17,30;Stk;;;;;;;
SOE99;SPEICHERFÜHLER f. MÜLLER-SOLARSTEUERUNG;56,26;Stk;;;;;;;
SP04;Harreither Solar Paket 4m²;;;;bestehend aus:2 Stück Solar Star P (inkl. Anschlusszubehör)1 Stück Solar Speicher 300linkl. Befestigungsset Aufdach (inkl. T-Profile und Stockschrauben komplett)inkl. Solarpumpengruppeinkl. Solar Ausdehnungsgefäß 12linkl. Solarregelung Pico Infoinkl. Temperaturfühler und Überspannungsschutzdoseinkl. 5 kg Frostschutz inkl. Edelstahlwellrohr-Verbindungssett;;;;;
SP06;Harreither Solar Paket 6m²;;;;bestehend aus:3 Stück Solar Star P (inkl. Anschlusszubehör)1 Stück Solar Speicher 300linkl. Befestigungsset Aufdach (inkl. T-Profile und Stockschrauben komplett)inkl. Solarpumpengruppeinkl. Solar Ausdehnungsgefäß 25linkl. Solarregelung Pico Infoinkl. Temperaturfühler und Überspannungsschutzdoseinkl. 5 kg Frostschutz inkl. Edelstahlwellrohr-Verbindungssett;;;;;
SP08;Harreither Solar Paket 8m²;;;;bestehend aus:4 Stück Solar Star P (inkl. Anschlusszubehör)1 Stück Solar Speicher 400linkl. Befestigungsset Aufdach (inkl. T-Profile und Stockschrauben komplett)inkl. Solarpumpengruppeinkl. Solar Ausdehnungsgefäß 25linkl. Solarregelung SRIinkl. Temperaturfühler und Überspannungsschutzdoseinkl. 10 kg Frostschutz inkl. Edelstahlwellrohr-Verbindungssett;;;;;
SP10;Harreither Solar Paket 10m²;;;;bestehend aus:5 Stück Solar Star P (inkl. Anschlusszubehör)1 Stück Solar Speicher 500linkl. Befestigungsset Aufdach (inkl. T-Profile und Stockschrauben komplett)inkl. Solarpumpengruppeinkl. Solar Ausdehnungsgefäß 40linkl. Solarregelung SRIinkl. Temperaturfühler und Überspannungsschutzdoseinkl. 10 kg Frostschutz inkl. Edelstahlwellrohr-Verbindungssett;;;;;
SP30;Harreither Solar-Heizungs-Paket 16m² (S+P);;;;bestehend aus:8 Stück Solar Star P (inkl. Anschlusszubehör)1 Stück Solar Speicher 500l1 Stück Puffer Speicher 1000linkl. Befestigungsset Aufdach (inkl. T-Profile und Stockschrauben komplett)inkl. Solarpumpengruppeinkl. Solar Ausdehnungsgefäß 80linkl. Solarregelung SR2inkl. Temperaturfühler und Überspannungsschutzdoseinkl. 15 kg Frostschutz inkl. Edelstahlwellrohr-Verbindungssett;;;;;
SP35;Harreither Solar-Heizungs-Paket 16m² (KSE);;;;bestehend aus:8 Stück Solar Star P (inkl. Anschlusszubehör)1 Stück Kombispeicher KSE emailliert 1050l (850/200)inkl. Befestigungsset Aufdach (inkl. T-Profile und Stockschrauben komplett)inkl. Solarpumpengruppeinkl. Solar Ausdehnungsgefäß 80linkl. Solarregelung SR2inkl. Temperaturfühler und Überspannungsschutzdoseinkl. 15 kg Frostschutz inkl. Edelstahlwellrohr-Verbindungssett;;;;;
SP40;Harreither Solar-Heizungs-Paket 16m² (KSW);;;;bestehend aus:8 Stück Solar Star P (inkl. Anschlusszubehör)1 Stück Kombispeicher KSW Edelstahlwellrohr 1050linkl. Befestigungsset Aufdach (inkl. T-Profile und Stockschrauben komplett)inkl. Solarpumpengruppeinkl. Solar Ausdehnungsgefäß 80linkl. Solarregelung SR2inkl. Temperaturfühler und Überspannungsschutzdoseinkl. 15 kg Frostschutz inkl. Edelstahlwellrohr-Verbindungssett;;;;;
SP90;Harreither Solarspeicher 300l;1170,00;Stk;;inkl. Isolierung;;;;;
SP91;Harreither Solarspeicher 500l;;;;inkl. Isolierung;;;;;
ST2VK650;VERKLEIDUNG MULTI 650(o.Schaltpult,o.Ab);884,00;Stk;;ohne Schaltpult undohne Abdeckung Schaltpult;;;;;
ST2VK657;VERKLEIDUNG COMBI HY 650;347,40;Stk;;;;;;;
ST2VK658;XXXVERKLEIDUNG Multi 650 HMS (o.Schaltp;o.Ab);0,00;;;ohne Schaltpult undohne Abdeckung Schaltpult;;;;;
ST2VK900;VERKLEIDUNG MULTI 1000 (o.Schaltp;o.Abde);;;;ohne Schaltpult undohne Abdeckung Schaltpult;;;;;
ST2VK901;VERKLEIDUNG COMBI HY 1000;380,70;Stk;;;;;;;
ST2VK908;XXXVERKLEIDUNG MULTI 1000 HMS (o.Schaltp;o.A);;;;ohne Schaltpult undohne Abdeckung Schaltpult;;;;;
ST2WD600;WÄRMEDÄMMUNG MULTI STAR Ö-HY 650;301,10;Stk;;;;;;;
ST2WD605;WÄRMEDÄMMUNG COMBI STAR Ö-HY 650 (Combi);311,50;Stk;;;;;;;
ST2WD900;WÄRMEDÄMMUNG MULTI STAR Ö-HY 1000;375,10;Stk;;;;;;;
ST2WD905;WÄRMEDÄMMUNG COMBI STAR Ö-HY 1000;393,00;Stk;;;;;;;
TH01;THERMOVAL-Verteileranschlußbogen 50 cm,;4,16;Stk;;Type E;;;;;
TH02;THERMOVAL-Verteileranschlußbogen, 100 cm;4,84;Stk;;Typ E;;;;;
TH03;THERMOVAL-Anschlußmuffe rund/oval, 21 mm;2,52;Stk;;;;;;;
TH04;THERMOVAL-Oval-Winkel V, Typ E;4,37;Stk;;;;;;;
TH05;THERMOVAL-Schweißnippel, Type E;2,43;Stk;;;;;;;
TH06;THERMOVAL-Winkel, rund/oval;2,63;Stk;;;;;;;
TH07;THERMOVAL-Mörtelbettkomponente ZE 20;0,00;Stk;;(Kanister zu 14 kg);;;;;
TH09;THERMOVAL-ABSTANDHALTER TAO 10 cm;1,51;Stk;;;;;;;
TH10;THERMOVAL Abstandhalter 13 cm;1,51;Stk;;;;;;;
TH11;THERMOVAL-LASTVERTEILFUSS für TAO;0,00;Stk;;;;;;;
TH12;THERMOVAL-ABSTANDHALTER TAU;0,00;Stk;;;;;;;
TUE001;GLÜHSTAB TURBO 25, Länge: 215mm;49,00;Stk;;;;;;;
TUE002;VERSCHLEIZSTEINE TURBO 25 (Paar);165,00;Stk;;;;;;;
TUE011;GLÜHSTAB TURBO 32;53,14;Stk;;;;;;;
TUE012;VERSCHLEIZSTEINE TURBO 32 (Paar);195,60;Stk;;;;;;;
TUE05;GLÜHSTAB TURBO 25 u. 35/II, Länge: 152mm;22,36;Stk;;;;;;;
TUE14;BRENNSCHALE für TURBO H 32;575,00;Stk;;;;;;;
TUE35;Düsenstein ST 25/II Oberteil hinten;64,58;Stk;;;;;;;
TUE36;Düsenstein ST 25/II Oberteil vorne;90,38;Stk;;;;;;;
TUE39;FEUERBETONSTEIN TURBO 25/II (HINTEN);0,00;Stk;;hintere Hälfte, inkl. Dichtschnur;;;;;
TUE40;Brennschale ST 25/II;416,50;Stk;;;;;;;
TUE41;KEGELGRIFF M 10 SCHWARZ TURBO 25u.35/II;6,77;Stk;;;;;;;
TUE42;Düsenstein ST 25/II Unterteil vorne;161,50;Stk;;;;;;;
TUE43;Türschließer TURBO 25u.35/II;35,46;Stk;;;;;;;
TUE44;Dichtschnur für Reinigungstüre oben Turbo 25/II;16,30;Stk;;Länge: 1,01 lfmStärke: 15x15mm;;;;;
TUE45;Dichtschnur für Fülltüre Turbo 25/II;91,70;Stk;;Länge: 1,31 lfmStärke: 15x15mm;;;;;
TUE46;Dichtschnur für Reinigungstüre unten Turbo 25/II;68,80;Stk;;Länge: 0,76 lfmStärke: 15x20mm;;;;;
TUE47;Dichtschnur für Aschentüre Turbo 25/II;116,90;Stk;;Länge: 1,29 lfmStärke: 15x20mm;;;;;
TUE55;Düsenstein ST 35 Oberteil hinten;0,00;Stk;;;;;;;
TUE56;Düsenstein ST 35 Oberteil vorne;0,00;Stk;;;;;;;
TUE57;Düsenstein ST 35 Unterteil hinten;175,30;Stk;;;;;;;
TUE58;Dichtschnur für Reinigungstüre oben Turbo 35;21,54;Stk;;15x15mm, Länge 1,22 lfm;;;;;
TUE59;Dichtschnur für Fülltüre Turbo 35;99,81;Stk;;15x15mm, Länge 1,51 lfm;;;;;
TUE60;Dichtschnur für Reinigungstüre unten Turbo 35;85,61;Stk;;15x20mm, Länge 0,96 lfm;;;;;
TUE61;Dichtschnur für Aschentüre Turbo 35;135,00;Stk;;15x20mm, Länge 1,49 lfm;;;;;
TUE70;FEUERBETONSTEIN TURBO 40 vorne;258,40;Stk;;;;;;;
TUE71;FEUERBETONSTEIN TURBO 40 komplett mit Verschleißeinsatz,;1075,00;Stk;;Glühstab und Dichtschnur;;;;;
TUE99;BRENNKAMMEREINSATZ 27 kW;445,70;Stk;;DA 215 - 405lg;;;;;
UF01;Universum Raumcontroller FUNK;156,10;Stk;;Der Raumcontroller erfasst die Temperatur. Sollwertänderung durch Stellrad. Werkseitig in Basiseinstellung (Thermostatbetrieb): 21°C, Einsatzbereich: +5 bis 40°C, Abmessung: 26x75x75mm, Versorgung: 3V (2xAAA - Lebensdauer ca. 5-7 Jahre), Reichweite: ~2-;Raumcontroller;The room controller measures the temperature.Changing of set values by means of control wheel.Factory basic setting (thermostat operation): 21°C,Range of application: +5 to 40°C, dimension:26 x 75 x 75 mm, power supply: 3V (2 x AAA - operating lif;room controller;;
UF02;Universum Funk Gateway;430,80;Stk;;Das Gateway ermöglicht die Integration der Funkkomponenten in das Universum Hausmanagementsystem (max. 5 Stück möglich). Abmessung: 70x86x58mm, Spannungsversorgung: über Busleitung, Reichweite: ~2-3 Mauern oder ~30 m im Gebäude, Einsatzbereich: +5 bis 40°;Gateway;The gateway enables the integration of the radio components in the Universum® Home Management system (max. 5 pieces possible).Dimensions: 70 x 86 x 58 mm, voltage supply:via bus line, range of transmission: ~2-3 walls or ~30 m inside a building, range;Gateway;;
UF03;Universum Taster 1-fach Funk;77,00;Stk;;Der Taster 1-fach sendet bei Betätigung. Abmessung: 60x71x9 mm (inkl. Montageplatte) Einsatzbereich: +5 bis +45°C, Reichweite: ~2-3 Mauern oder ~30 m im Gebäude, Schutzart: IP20, Spannungsversorgung: 3V (Lebensdauer 10Jahre), Lieferung erfolgt mit Tastwip;Taster 1-fach;The 1-way push button transmits when actuated. Dimensions: 60 x 71 x 9 mm (incl. mounting plate)Range of application: +5 to +45°C, range of transmission: ~2-3 walls or ~30 m inside the building, type of protection: IP20, voltage supply: 3V (service life;Push button, 1-way;;
UF04;Rahmen und Wippe (reinweiß) Taster 1fach;3,99;Stk;;;Rahmen und Wippe (reinweiß);;Frame and rocker switch (pure white;;
UF05;Universum Taster 2-fach Funk;81,40;Stk;;Der Taster 2-fach sendet bei Betätigung. Abmessung: 60x71x9 mm (inkl. Montageplatte) Einsatzbereich: +5 bis +45°C, Reichweite: ~2-3 Mauern oder ~30 m im Gebäude, Schutzart: IP20, Spannungsversorgung: 3V (Lebensdauer 10Jahre), Lieferung erfolgt mit 2fach-T;Taster 2-fach;The 2-way push button transmits when activated. Dimensions: 60 x 71 x 9 mm (incl. mounting plate)Range of application: +5 to +45°C, range of transmission: ~2-3 walls or ~30 m inside a building, type of protection: IP20, voltage supply: 3V (useful life 1;Push button 2-way;;
UF06;Rahmen und Wippe (reinweiß) Taster 2fach;4,99;Stk;;;Rahmen und Wippe (reinweiß);;Frame and rocker switch (pure white);;
UF07;Universum Handsender;156,10;Stk;;12 Kanal - Fernbedienung sendet bei Betätigung an die Aktoren des Systems.Abmessung: 30x60x120mm, Einsatzbereich: +5 bis +45°C, Reichweite: ~2-3 Mauern oder ~30 m im Gebäude, Schutzart: IP20, Spannungsversorgung: 3V(2xAAA - 3-5 Jahre Lebensdauer).;Handsender;When activated, the 12-channel remote control transmits to the actuators of the system.Dimensions: 30 x 60 x 120 mm, range of application: +5 to +45°C, range of transmission: ~2-3 walls or ~30 m inside a building, type of protection: IP20, voltage suppl;Manual transmitter;;
UF08;Universum RS-232 Schnittstelle;401,40;Stk;;Die RS 232 wird zur Detaileinstellung der Funkkomponenten im Betriebsmodus COMFORT benötigt. Abmessung: 120x60x30mm, Einsatzbereich: +5 bis +40°C, Reichweite: ~2-3 Mauern oder ~30 m im Gebäude, Schutzart: IP20, Spannungsversorgung: Akkupack, aufladbar übe;RS-232 Schnittstelle;The RS 232 is necessary for the detailed setting of the radio components in the operating mode COMFORT. Dimensions: 120 x 60 x 30 mm, range of application: +5 to +40°C, range of transmission: ~2-3 walls or ~30 m inside a building, type of protection: IP20;RS-232 interface;;
UF09;Universum Schaltaktor Funk, 8A/230VAC;83,60;Stk;;Empfängt und schaltet beliebige elektrische Geräte (z.B. Licht, Pumpen usw.)Abmessung: 26x49,5x45,5mm, Versorgung: 230V AC, 50Hz, Anschlüsse: 1,5mm², Schutzart: IP 20, Last: 230VAC - 8A ohmsche Last, Reichweite: ~2-3 Mauern oder ~30 m im Gebäude, Vorsic;Schaltaktor;Receives and switches all electrical appliances (such as lights, pumps, etc.)Dimensions: 26 x 49.5 x 45.5 mm, voltage supply: 230V AC, 50 Hz, connections: 1.5 mm², protection type: IP 20, load: 230 VAC - 8A ohmic load, range: ~2-3 walls or ~30 m in buil;Switching actuator;;
UF10;Universum Jalousienaktor Funk, 6A/230V;99,20;Stk;;Empfängt und steuert Rollladen und Jalousieantriebe mit 230V Antrieben und integrierten Endlagenschalter. Abmessung: 26x49,5x45,5mm, Versorgung: 230V AC, 50Hz, Anschlüsse 1,5mm², Schutzart: IP 20, Last: 230VAC - 6A ohmsche Last, Reichweite: ~2-3 Mauern od;Jalousieaktor;Receives and switches shutters and blinds with 230V drives and integrated limit switch. Dimensions: 26 x 49.5 x 45.5 mm, voltage supply: 230V AC, 50 Hz, connections 1.5 mm², protection type: IP 20, load: 230 VAC - 6A ohmic load, range: ~2-3 walls or ~30 m;Blinds actuator;;
UF11;Universum Dimmaktor, 250VA/230VAC;128,20;Stk;;Empfängt und schaltet/dimmt beliebige elektrische Glühlampen und elektronische NV-Halogentrafos. Abmessung: 26x49,5x45,5mm, Versorgung: 230V AC, 50Hz, Anschlüsse: 1,5mm², Schutzart: IP 20, Last: 230VAC - 250W, Phasenabschnittsteuerung, Reichweite: ~2-3 Ma;Dimmaktor;Receives and switches/dims any electric light bulbs and electronic NV halogen transformers.Dimensions: 26 x 49.5 x 45.5 mm, power supply: 230V AC, 50 Hz, connections: 1.5 mm², type of protection: IP 20, load: 230 VAC - 250W, reverse phase control, range o;Dimming actuator;;
UF12;Universum Binäreingang Funk 230V;117,10;Stk;;Der Binäreingang sendet Eingangssignale von z.B. Fensterkontakten oder von anderen Signalkontakten an die Elektroinstallation. Abmessung: 26x49,5x45,5mm, Versorgung: 230V AC, 50Hz, Anschlüsse 1,5mm², Schutzart: IP 20, Last: max 250Veff - bis 195Veff EIN,;Binäreingang 230V;The binary input transmits input signals from e.g. window contacts or other signal contacts to the electrical installation. Dimensions: 26 x 49.5 x 45.5 mm,power supply: 230V AC, 50 Hz, connections 1.5 mm²,type of protection: IP 20, load: max. 250 Vef;Binary input 230V;;
UF13;Universum Binäreingang potentialfrei;133,80;Stk;;Sendet potentialfreie Eingangssignale von z.B. Fensterkontakten oder von anderen Signalkontakten an die Elektroinstallation. Abmessung: 18,5x52x46mm, Versorgung: 3 V (Lebensdauer 5-7 Jahre),Schutzart: IP 20, Reichweite: ~2-3 Mauern oder ~30 m im Gebäude,;Binäreingang potentialfrei;Transmits potential-free input signals from, e.g. window contacts or other signal contacts to the electrical installation. Dimensions: 18.5 x 52 x 46 mm, power supply: 3 V (useful life 5-7 years), type of protection: IP20, range of transmission: ~2-3 wall;Binary input potential-free;;
UF14;Universum Temperatureingang;117,10;Stk;;Erfasst Temperatursignale. Messbereich: -50 bis +180°C. Abmessung: 18,5x52x46mm, Versorgung: 3 V (Lebensdauer 5-7 Jahre), Schutzart: IP20, Reichweite: ~2-3 Mauern oder ~30 m im Gebäude, Anschlüsse: 4polige Klemmleiste, Eingangsspannung: 2xPT100, Einsatzbe;Temperatureingang;Receives temperature signals. range of measurement:-50 to +180°C. Dimensions: 18.5 x 52 x 46 mm, voltage supply: 3 V (useful life 5-7 years), type of protection: IP20, range of transmission: ~2-3 walls or ~30 m inside a building, connections: 4-pin term;Temperature input;;
UF15;Universum Temperatursensor;50,20;Stk;;Temperatursensor PT1000 passend zu  Temperatureingang (UF14);Temperatursensor;Temperature sensor PT1000 suitable for temperature input (UF14);Temperature sensor;;
UF16;Universum Raumcontroller FUNK HMS;156,10;Stk;;Werkseitig für die Integration in das Universum HMS voreingestellt;Raumcontroller Funk;Pre-set in the factory for the integration in Universum® HMS;Room controller, radio;;
UN02;XXXBedienzentrale inkl.Folientastatur;1569,00;Stk;;ausgestattet mit Netz,Datenleitungs-anschluß und serieller SchnittstelleSerien-Nr.:;;;;;
UN03;Verbindungskabel (3m);26,10;Stk;;;;;;;
UN04;Universum-Modem ohne Verb. Kabel;207,80;Stk;;ohne Verbindungskabel zur Universum® Zur Absetzung einer Störmeldung bzw. zur Betriebsartenumschaltung über TelefonVoraussetzung: analoge Nebenstelle oder analoger Telefonanschluss;Universum® Modem;Without connecting cable to Universum®For transmitting fault message and/or for changing the operating mode by telephonePrerequisite: analogue extension or analogue telephone connection;Universum® modem;;
UN05;Universum-Regler 02;489,80;Stk;;8 Eingänge, 7 Relaisausgänge 230 V AC/3A für Pumpen, Stellantriebe und dgl., 3 potenzialfreie Relaisausgänge für Brenneransteuerung und dgl. CAN busfähig;Regler 02;8 inputs, 7 relay outputs 230 V AC/3A for pumps, actuators and the like, 3 potential-free relay outputs for burner control and the like, CAN bus compatible;Regulator 02;;
UN07;Verbindungskabel 5m;29,80;Stk;;;;;;;
UN09;Verbindungskabel 15m;51,40;Stk;;;;;;;
UN10;Nullmodemkabel;26,10;Stk;;;;;;;
UN11;CAN-Repeater;227,60;Stk;;zum Aufbau von Bus-Subnetzen, Sicherheit durch galvanische Trennung von Hauptnetz und Subnetz, Anwendung z.B. im Wohnungsbau zur Unterscheidung und Trennung von verschiedenen Wohneinheiten;UNIVERSUM® CAN-Repeater;for establishing bus sub-nets, safety achieved through galvanic isolation of main net und sub-net, application e.g. in housing construction, for differentiating and separating different living units;UNIVERSUM® CAN repeater;;
UN12;Busleitung 4-ploig per lfm (VPE 100 lfm);1,59;Lfm;;Blanke, feindrähtige Kupferleiter, Aderisolation aus PVC, Adern färbig und in Lagen verseilt, 1 Lage Kunststofffolie, Abschirmung aus verzinntem Kupfergeflecht, Aussenmantel PVCAderzahl: 4 x 0,34 mm²VPE: 100 lfm;Busleitung;Bare, finely stranded copper wires, wire insulation made of PVC, wires coloured and stranded in layers, 1 layer plastic foil, screening made of tin-plated copper mesh, outer covering PVCNumber of wires: 4 x 0.34 mm²PU: 100 linear metres;Bus line;;
UN13;Bustester;47,30;Stk;;zum Prüfen von Busnetzen, Feststellung von Verdrahtungsfehlern und ordnungsgemäßer Kommunikation;Bustester;For testing bus nets, determination of wiring errors and correct communication;Bus tester;;
UN14;Musterkoffer für Vorführung Universum;1199,00;Stk;;als optimale Unterstützung bei Kundenberatungen, ohne Universumkomponenten, fertig verdrahtet;Musterkoffer für Vorführungen;Ideal support for customer consultations, without Universum components, completely wired;Sample case for presentations;;
UN15;Unterputzdose Bedienz. m.Zwischenfrontpl;36,70;Stk;;;;;;;
UN17;Aufputzgehäuse (Kunststoff) für Regler;68,90;Stk;;Feuchtraum-Gehäuse, Schutzart IP 55, 240 x 190 x 110 mm, bestückt mit Kabeleinführungen, als Schutzgehäuse für einen Regler;Aufputzgehäuse Regler;Small switch cabinet, prefabricated, w x h x d 540 x 600 x 200 mm, cut-out in the door of the switch cabinet for the control centres, a top hat rail for snapping-on two controllers and intermediate components, 26 x PG 11 and 18 x PG 9 screwed in flange pl;Surface-mounted casing for UNIVERSUM® co;;
UN18;Aufputzgehäuse Bedienzentrale f 2 Regler;543,00;Stk;;Kleinschaltschrank vorgefertigt BxHxT 540 x 600 x 200 mm, Ausschnitt an der Schaltschranktür für die Bedienzentrale, eine Hutschiene zum Aufschnappen von zwei Reglern und von Zwischenkomponenten, 26 x PG 11 und 18 x PG 9 in Flanschplatte eingeschraubt, mi;Aufputzgehäuse für UNIVERSUM® Bedienzent;Small switch cabinet, prefabricated, w x h x d 540 x 600 x 200 mm, cut-out in the door of the switch cabinet for the control centres, a top hat rail for snapping-on two controllers and intermediate components, 26 x PG 11 and 18 x PG 9 screwed in flange plate, with mounted cable ducts, without wiring ,without control centre/controller;Surface-mounted casing for UNIVERSUM® co;;
UN19;Blinddeckel für Aufputzgehäuse Universum;22,40;Stk;;graviert mit Logo Universum® bei Einsatz des Aufputzgehäuses ohne Bedienzentrale;Blinddeckel für Aufputzgehäuse;For the input of up to 4 PT 100 resistance elements, includes the areas in which the multi-purpose sensors cannot be used on account of the operating range, CAN bus compatible.Accessory equipment: switch-mode power supply 24 VDC (US34), CAN repeater (UN;Analogue input module Mini (PT 100);;
UN20;Analog Eingangsmodul mini (PT 1000);305,70;Stk;;zum Einlesen von bis zu 4 PT 1000 Widerstandselementen, umfasst die Bereiche, in denen die Universalfühler aufgrund des Arbeitsbereiches keine Anwendung finden können, CAN busfähig.Zubehör: Schaltnetzteil 24 VDC (US34),  CAN Repeater (UN11)ACHTUNG! Li;Analog Eingangsmodul Mini (PT 1000);For measuring up to 4 voltage signals and/or current signals, versatile, e.g. for recording measured values of filling level probes, air quality sensors, moisture sensors, radiation sensors, wind speed sensor, etc. CAN bus compatible.Accessory equipme;Analogue input module Mini;;
UN21;Analog Eingangsmodul mini;305,70;Stk;;zur Messung von bis zu 4 Spannungs- und/oder Stromsignalen, vielseitig einsetzbar, z.B. zur Messwerterfassung von Füllstandsonden, Luftqualitätsfühler, Feuchtefühler, Strahlungssensoren, Windgeschwindigkeitsfühler, etc. CAN busfähig.Zubehör: Schaltnetzt;Analog Eingangsmodul Mini;For the output of 4 voltage signals (0-10V)Versatile, e.g. controlling of continuous mixing valve actuators, ventilator actuators, CAN bus compatible.Accessory equipment: switch-mode power supply 24 VDC (US34), CAN repeater (UN11), ATTENTION! Delive;Analogue output module Mini;;
UN22;Analog Ausgangsmodul mini;305,70;Stk;;zur Ausgabe von 4 Spannungssignalen (0-10V) vielseitig einsetzbar, z.B. Ansteuerung von stetigen Mischventilantrieben, Luftklappenantrieben, CAN busfähig.Zubehör: Schaltnetzteil 24 VDC (US34), CAN Repeater (UN11) , ACHTUNG! Lieferung erfolgt ohne Zusatz;Analog Ausgangsmodul Mini;Valve actuator for controlling air valvesPower supply 24 V AC/DC, continuous control,torque 18 Nm, running time 150 sOperating range DC 2..... 10 VControl voltage and setting feedback, suitable for air valves up to max. 3.6 m², torque 18 Nm;Valve actuator (analogue);;
UN23;UNIVERSUM - Klappenantrieb (analog);276,10;Stk;;Klappenantrieb zur Betätigung von Luftklappen Versorgung 24 V AC/DC, Ansteuerung stetig,Drehmoment 18 Nm, Laufzeit 150 sArbeitsbereich DC 2..... 10 VSteuerungsspannung u. Stellungsrückmeldung, für Luftklappen bis max 3,6 m² geeignet,Drehmoment 18 ;Klappenantrieb (analog);Valve actuator for actuating air valvesPower supply 230 V AC, control open-closed or 3-point, direction of rotation reversible, integrated rotational angle limiter, suitable for air valves up to max. 3.6 m².Torque 18 Nm;Valve actuator (230 V);;
UN24;UNIVERSUM-Klappantrieb SM230;185,80;Stk;;Klappenantrieb zur Betätigung von LuftklappenVersorgung 230 V AC,Ansteuerung Auf-Zu oder 3-Punkt, Drehrichtung umkehrbar, integrierte Drehwinkelbegrenzung, für Luftklappen bis maximal 3,6 m² geeignet. Drehmoment 18 Nm;Klappenantrieb (230 V);Operating via PC, locally or via remote communication by means of a modem;UNIVERSUM® application software;;
UN27;Überspannungsschutz für CAN-Busleitung;22,36;Stk;;;;;;;
UN28;Universum-Regler Serie 1;544,00;Stk;;zur Beschaltung mit Fühlern oderpotentialfreien Eingangssignalenund RelaisausgängenSerien-Nr. @@@@@@;;;;;
UN29;SCHALTSCHRANK f. UNIVERSUM;0,00;Stk;;;;;;;
UN30;Universum-Endkundensoftware;236,00;Stk;;zur Bedienung über PC, vorort oder mittels Fernkommunikation über Modem;UNIVERSUM® Anwendersoftware;Operating via PC, locally or via remote communication by means of a modem, with archiving function;UNIVERSUM® application software with arc;;
UN31;Universum-Endkundensoftware Archivfunkt.;517,00;Stk;;zur Bedienung über PC, vor Ort oder mittels Fernkommunikation über Modem, mit Archivfunktion;UNIVERSUM® Anwendersoftware mit Archivfu;Operating via PC,locally or via remote communication by means of a modem, with archiving funktion;UNIVERSUM® application software with arc;;
UN32;Universum-OPC-Treiber u Server;701,00;Stk;;;;;;;
UN40;Universum LAN Modem Industry, 10/100BT, 24V;;;;;;;;;
UN41;Com-Server Standart Industry, 10BT, 5V;572,00;Stk;;;;;;;
UN42;GSM Modem inkl. Zubehör;582,00;Stk;;zum Fernschalten und Fernwarten über GSM Netzinkl. Netzgerät, 5m Antennenkabel und Antennegetestet mit A1 Matic (ohne SIM Karte);UNIVERSUM®-GSM Modem;For remote switching and remote maintenance via GSM networkincl. power supply unit, 5 m antenna cable and antennatested with A1 Matic (no SIM card);UNIVERSUM ® GSM Modem;;
UN43;GSM Schaltmodem SONDER;582,00;Stk;;;;;;;
UN44;UNIVERSUM Busabschluß (Jumper);0,28;Stk;;Verpackungseinheit 10 Stück;;;;;
UN45;Gerätesicherung bis Vers.2.0,Seri.<3.650;0,54;Stk;;für Bedienzentrale und ReglerVerpackungseinheit 5 Stück;;;;;
UN46;Aufputzgehäuse Bedienzentrale f 1 Regler;368,80;Stk;;;;;;;
UN48;Adapterplatte für Universum-Bedienzentrale V 5.0;13,40;Stk;;;;;;;
UN49;Universum-Zentraleinheit V 5.0;1813,00;Stk;;Maße: 187*96*28mm (B/H/T)Einsatzbereich: +5 bis +40°C, mit grafikfähigem 3,2 TFT Display und selbsterklärender Bedienführung durch die einzelnen Menüpunkte über Drehgeber und 4 Funktionstasten, Montage auf Unterputzdose, Spannnungsversorgung über Busleit;UNIVERSUM®Zentraleinheit V5.0;Dimensions: 187*96*28 mm (w/h/d)Area of application: +5 to +40°C, with graphic 3.2 TFT display und intuitive user guidance based on individual menu items via rotary encoder and 4 function keys, mounted on concealed socket, voltage supply with bus line,;UNIVERSUM® central unit V5.0;;
UN50;Universum-Bedienzentrale V 5.0;1559,00;Stk;;Bedienzentrale;;Control centre;;;
UN51;Universum-Raumcontroller für BZ V5.0;125,70;Stk;;Elektronischer Raumtemperaturregler in einemformschönen, flachen Design mit Sollwertsteller(+/-3°C), Enstellung für Frostschutz- bzw.Partyfunktion, Einsatzbereich: +5° bis +40°C;UNIVERSUM®-Raumcontroller V5.0 Temperat;Electronic room temperature controller with an attractive flat design, with set value regulator (+/- 3°C), setting for anti-freeze or party function, area of application from +5 °C to +40 °C;UNIVERSUM® room controller V5.0 Tempera;;
UN52;Universum-Raumcontroller-FEUCHTE BZ V5.0;283,20;Stk;;RC Temperatur und Feuchte, mit zusätzlichen Feuchtefühler für Raumfeuchtemessung Einsatzbereich : 10% bis 90% rF;UNIVERSUM®-Raumcontroller V5.0 Temperatu;RC temperature and humidity, with additional humidity sensor for room humidity measurement, area of application: 10 to 90% RF;UNIVERSUM® room controller V5.0 Temperat;;
UN53;Blinddeckel für Raumcontroller V5.0;3,07;Stk;;Blindeckel für Universum ® Raumcontroller V5.0Ohne Stellrad;;Blind cover for UNIVERSUM® room controller V5.0Without hand wheel;;;
UN54;Deckel mit Bereichseingrenzung f.RC V5.0;3,07;Stk;;Blindeckel für Universum ® Raumcontroller V5.0Deckel mit Bereichseingrenzung (keine Endlagen);;Blind cover for UNIVERSUM® room controller V5.0Cover with range limitation (no end positions);;;
UN55;Universum-Raumcontroller Display V5.0;457,60;Stk;;Elektronischer Raumtemperaturregler mit erweiterter Funktion Für Fernbedienung und -AnzeigeBedienung über 4 Funktionstasten, mehrzeilige hintergrundbeleuchtete Displayanzeige;UNIVERSUM®-Raumcontroller V5.0 mit Displ;Electronic room temperature controller with extended function for remote operation and remote display, operation via 4 function keys, indication by means of a backlit multi-line display;UNIVERSUM® room controller with display;;
UN58;Verbindungskabel 3m für BZ V5.0;27,20;Stk;;Verbindungskabel Länge 3m, RJ12 Stecker beidseitig;;Connecting cable length 3 m, RJ12 plug both sides;;;
UN59;Verbindungskabel 6m für BZ V5.0;31,00;Stk;;Länge 6m, RJ12 Stecker beidseitig;;Length 6m, RJ12 plugs both sides;;;
UN60;Verbindungskabel 10m für BZ V5.0;43,40;Stk;;Länge 10m, RJ12 Stecker beidseitig;;Length 10m, RJ12 plugs both sides;;;
UN61;USB Kabel für Bedienzentrale V 5.0;27,20;Stk;;zur Programmierung vor OrtUSB auf USBmini 1,5m;Universum®-USB Kabel;for on-site programmingUSB on mini-USB1.5m;Universum® USB cable;;
UN62;Steckernetzgerät 12 VDC für BZ V5.0;62,00;Stk;;zur unabhängigen Spannungsversorgung für Servicezwecke230V /12 VDC - 10 Watt;UNIVERSUM®-Steckernetzgerät 12 VDC;For independent voltage supply for servicing230V /12 VDC - 10 watts;UNIVERSUM ® plug-in power supply unit 12;;
UN63;Netzgerät 24 VDC für BZ V5.0;172,80;Stk;;;;;;;
UN64;Universum RS232 Modem-Adapter RJ-System;18,70;Stk;;Stecker zum Verbinden von Endgeräten mit serieller Schnittstelle (Modem, LAN-Modem, etc.);UNIVERSUM®-RS232 Modem Adapter RJ-System;Connector for connecting up terminal devices with serial interface (modem, LAN modem, etc.);UNIVERSUM ®-RS232 Modem Adapter RJ syste;;
UN65;Universum RS232 PC-Adapter RJ System;18,70;Stk;;Buchse ausgekreuzt, zum direkten Verbindenmit dem PC;UNIVERSUM®-RS232 PC Adapter RJ-System;Cross-over connector, for direct connecting-up to the PC;UNIVERSUM ®-RS232 PC Adapter RJ system;;
UN66;Blindabdeckung für Bedienzentrale V 5.0;23,30;Stk;;;Blindabdeckung für Bedienzentrale V5.0;;Blind cover for control centre V5.0;;
UN80;Universum-Light-Zentraleinheit V 5.0;1293,00;Stk;;maximal 2 Universum®-Regler möglich;UNIVERSUM®Zentraleinheit V5.0 LIGHT;Max. 2 Universum® controllers possible;UNIVERSUM® central unit V5.0 LIGHT;;
UN81;Universum Light Bedienzentrale V 5.0;1039,00;Stk;;Bedienzentrale V5.0 Ausführung LIGHTmaximal 2 Universum®- Regler möglich;;Control centre V5.0 LIGHTMax. 2 Universum® controllers possible;;;
UN85;Umrüstsatz BZ4 auf BZ5;1039,00;Stk;;Serien-Nr.:;;;;;
UN90;Aufpreis auf Universum Vollversion;520,00;Stk;;Update Bedientrale V5.0 Light auf Vollversion;;Update of the Contol centre light to full version;;;
UN99;Mischventil 1/2Kvs 2,5;104,40;Stk;;;;;;;
US01;UNIVERSUM-Außentemperaturfühler;55,40;Stk;;Witterungsfestes PVC-Gehäuse,Abmessungen: 75 x 55 x 30 mm,Temperaturermittlung durch Halbleiterfühlerelement, für Aufputzmontage,Temperatureinsatzbereich: -50 bis +100 °CKabeleinführung durch Würgenippel;Aussentemperaturfühler;Weather-resistant PVC casing,Dimensions: 75 x 55 x 30 mm,Temperature measured by means of a semi-conductor sensing element, for surface mounting,Operating temperature range: -50 to +100 °CCable passage through self-sealing grommet;Outside temperature sensor;;
US02;UNIVERSUM-Anlegetemperaturfühler;43,50;Stk;;zur Messung von Temperaturen an Rohren,Gehäuse: Polyamid, weißSchutzart IP 54, Halbleiterfühlerelement mit gefederter Auflage,Temperatureinsatzberech: -35 bis +120 °CKlemmanschluss, inkl. Wärmeleitpaste und Spannband bis Rohrdimension 2;Anlegefühler;for measuring temperatures on pipes,Casing: polyamide, whiteProtective system IP 54, semiconductor sensor element with spring-loaded support,Operating temperature range: -35 to +120°CClamp connector, incl. heat conducting paste and tension band up;Contact sensor;;
US03;UNIVERSUM-Raumfühler Aufputz;49,20;Stk;;zur Ermittlung der Raumtemperatur Halbleiterfühlerelement, Klemmanschluss,Temperaturbereich: -50 bis +70 °C,für die Aufputzmontage;Raumfühler Aufputz;For measuring the room temperatureSemi-conductor sensor element, clamp connector,Temperature range: -50 to +70 °C,for surface mounting;Room sensor, surface-mounted;;
US04;UNIVERSUM-Raumfühler (Unterputz);78,10;Stk;;zur Ermittlung der RaumtemperaturHalbleiterfühlerelement, Klemmanschluss,Temperaturbereich: -50 bis +70 °C,für die Unterputzmontage in Wohnräumen und Werkshallen;Raumfühler Unterputz;For measuring the room temperatureSemi-conductor sensor element, clamp connector, Temperature range: -50 to +70 °C, for concealed mounting in living-rooms and workshops;Room sensor, concealed;;
US05;UNIVERSUM-Universalfühler m. Metallhülse;29,00;Stk;;Halbleiterfühlerelement als TauchfühlerAusführung Standard: ø 6 x 50 mmTemperaturbereich -50 bis +125 °C,für die Messung von Temperaturen in Tauchhülsen oder in einem Metallrohr;Universalfühler;Semiconductor sensor element used as an immersion sensor. Standard configuration: ø 6 x 50 mmTemperature range -50 to +125 °C,for measuring temperatures in sensor pockets or in a metal pipe;Multi-purpose sensor;;
US05ALT;UNIVERSUM-Universalfühler m. Metallhülse;;;;Produktion-Nummer:;;;;;
US06;UNIVERSUM-Luftkanalfühler Länge 135mm;98,20;Stk;;;Luftkanalfühler Länge 150 mm;;Ventilation duct sensor length  150 mm;;
US07;UNIVERSUM-Luftkanalfühler Länge 240mm;102,00;Stk;;zur Messung von Temperaturen in Lüftungskanälen oder in Verbindung mit einer Tauchhülse auch in flüssigen Medien, Halbleiterfühlerelement, Anschlusskopf Polyamid, Farbe weiß, Schutzart IP54;Luftkanalfühler Länge 200 mm;For measuring temperatures in ventilation ducts or in combination with a sensor pocket in liquid media as well, semiconductor sensor element, connector head polyamide, colour white, protection type IP 54;Ventilation duct sensor length 200 mm;;
US08;Tauchhülse 1/2 f.Universalfühler 55 mm;24,60;Stk;;;Tauchhülse 55 mm;;Sensor pocket  55 mm;;
US09;Tauchhülse 1/2 f.Universalfühler 200 mm;32,30;Stk;;;Tauchhülse 190 mm;;Sensor pocket  190 mm;;
US10;Tauchhülse 1/2 f.Universalfühler 290 mm;39,20;Stk;;;Tauchhülse 290 mm;;Sensor pocket  290 mm;;
US11;Magnetkontakt;10,20;Stk;;Reedsensor mit Schließer, Kabellänge 50 cm komplett mit Gegenmagnet, für die Signalisierung z.B. eines offenen Festers,max. Schaltleistung: 5W,max. Schaltspannung: 90V DC,max. Schaltstrom: 0,5 A;Magnet-Reed-Kontakt;Reed sensor with closing contact, cable length 50 cm, complete with counter magnet, for reporting e.g. an open window,Max. switching power: 5 W,Max. switching voltage: 90V DC,Max. switching current: 0.5 A;Magnet reed contact;;
US12;Bewegungsmelder inkl. Leistungsteil;371,20;Stk;;zur Erfassung von Bewegungen, halbkreisförmiges Erfassungsfeld (16 x 32 m) mit Aufsteckblende zur Eingrenzung des Erfassungsfeldes.Temperaturbereich: -25° C bis 55° C, Schutzart IP 55, inkl. System-Leistungsteil, welches die Aufschaltung auf Universum (;BewegungsmelderSensor und Leistungstei;For detecting movements, semi-circular detection field (16 x 32 m) with clip-on shield for limiting the detection field.Temperature range: -25° C to 55° C, protection type IP 55, incl. system power section enabling the integration on Universum (potentia;Motion detectorSensor and power sectio;;
US13;Bewegungsmelder ohne Leistungsteil;174,80;Stk;;als Erweiterung zum Bewegungsmelder mit Leistungsteil für zusätzliche Bewegungserfassungen.;Bewegungsmelder Sensor;In addition to the motion detector with power section for a further detecting of motions.;Motion detector sensor;;
US14;UNIVERSUM-Eismelder-Set;909,00;Stk;;zur Detektion von Eis und Schnee auf Freiflächen, inkl. Feuchte- und Temperaturfühler , Schaltgerät ;Eismeldeset;For detecting ice and snow on open surfaces, incl. humidity sensor and temperature sensor, switching device;Ice detecting set;;
US15;UNIVERSUM Brandmelder (Batteriebetrieb);145,50;Stk;;batteriebetriebener optischer Rauchmelder für Selbstauslösung eines Alarms oder zum Anschluss an einen externen AlarmgeberBetriebsspannung: 12VUmgebungstemperatur: 5 bis 45°CAlarm Ausgangskontakt: potenzialfreier Schließer, Abmessungen: 80 x 80 mm;Rauchmelder;battery-operated optical smoke sensor for the independent generation of an alarm or for connection to an external alarm deviceOperating voltage: 12 VAmbient temperature: 5 to 45°CAlarm output contact: potential-free closing contact,Dimensions: 80 ;Smoke sensor;;
US16;UNIVERSUM-Druckschalter;176,00;Stk;;zur Überwachung von Drücken in flüssigen Medien, Schutzart IP 65,Versorgungsspannung: 240 V AC oder DC,max. Betriebsdruck: 24 bar,Schaltdifferenz: 0,7 bar,Arbeitstemperatur: max 120° CSchaltdruck einstellbar von 1 bis 16 bar für die Überwachung ;Druckschalter;For monitoring pressure values of liquid media,protection type IP 65,Supply voltage: 240 V AC or DC,Max. operating pressure: 24 bar,Switching difference: 0.7 bar,Operating temperature: max. 120° CSwitching pressure adjustable from 1 to 16 bar ;Pressure switch;;
US17;UNIVERSUM Regensensor;559,00;Stk;;zur Erkennung von Regen oder Schnee, kapazitive Vergleichsmessung, eine Verschmutzung kann das Messergebnis nur geringfügig beeinflussen, Ansprechempfindlichkeit einstellbar, Lieferung erfolgt samt Netzteil für die Spannungsversorgung des Sensors;Regensensor;For detecting rain or snow, capacitive comparison measurement, contamination has only a minor influence on the measured results, response adjustable, scope of delivery includes a power pack for power supply for the sensor;Rain sensor;;
US18;UNIVERSUM Strömungswächter 3/4;132,30;Stk;;;3/4 ;;3/4 ;;
US19;UNIVERSUM Strömungswächter 1/2;132,30;Stk;;;1/2 ;;1/2 ;;
US20;Strömungswächter für Kleinstmengen 3/4;118,10;Stk;;(weniger als 4 Liter pro Minute);für Kleinstmengen, Anschluss 3/4 ;(less than 4 litres per minute);for minimum quantities, connection 3/4;;
US21;UNIVERSUM Windsensor;496,10;Stk;;zur Umsetzung von Windgeschwindigkeiten in elektrische Signale, zum Schutz und zur Steuerung von Jalousien und Anschluss an ein WarngerätUmgebungstemperatur: -25° bis +60° CWindwarnbereich: 3,5 bis 24 m/sBelastbarkeit: 2 ASpannungsversorgung: 230 ;Windsensor;For converting wind speeds in electric signals, for protecting and controlling blinds und for connecting to a warning deviceAmbient temperature: -25° to +60° CWind warning range: 3.5 to 24 m/sRating: 2 AVoltage supply: 230 VSwitching contact: Re;Wind sensor;;
US22;Kapillar-Frostschutzthermostat;152,40;Stk;;zur Sicherung von Warmwasser-Heizregistern und Wärmetauschern gegen Einfrieren Schaltvermögen: 15 (8) A, 250 V ACSchutzart: IP40Regelbereich: -10 ..... +12° Cmax. Umgebungstemperatur des Fühlers: 200° C, Lieferung mit Montageklemmen;Kapillar-Frostschutzthermostat;To protect hot water heating registers and heat exchangers against freezingSwitching capacity: 15 (8) A, 250 V ACProtection type: IP40Control range: -10 ..... +12° CMax. ambient temperature of the sensor: 200° C,Delivery with mounting clamp;Capillary frost protection thermostat;;
US23;Dämmerungsschalter;147,00;Stk;;Gehäuse mit integrierter Schaltzustandsanzeige, einstellbarer Helligkeitsbereich von 5 - 1000 LuxAusgang potenzialfreier Wechsler;Dämmerungsschalter;Casing with integrated switching state display, adjustable brightness range from 5 - 1000 LuxOutput potential-free change-over contact;Daylight control switch;;
US24;UNIVERSUM-Luftqualitätsfühler RLQ 0-20mA;455,10;Stk;;SnO2-Mischgassensor zur Erfassung der Luftqualität, im Aufputzgehäuse, weiß (RAL 9010), Messbereich 0-2000 ppm, 0-10V, 4-20mA, 0-20mAZubehör: Analog-Eingangsmodul (UN21), Netzteil 24 VDC (US34) ;Luftqualitätsfühler;Air quality sensorSnO2 mixed gas sensor for measuring the air quality, in surface-mounted casing, white (RAL 9010), measuring range 0-2000 ppm, 0-10V, 4-20 mA, 0-20 mAAccessory equipment: analogue input module (UN21), power pack 24 VDC (US34);Air quality sensor;;
US25;Differenzdruckdose(wächter)m.Anschlußset;72,90;Stk;;zur Drucküberwachung in gasförmigen Medien, einsetzbar z.B. für Keilriemen- oder Filterüberwachung in Lüftungsanlagen, IP 20,Schaltvermögen: 5 (0,5) A, 250 V ACTemperaturbereich -15 ....+80° CEinstellungen veränderbar von 50 - 500 Pa,Werkseinstell;Differenzdruckdose;For monitoring the pressure in gaseous media,can be used, e.g. for monitoring V-belts or filters in ventilating systems, IP 20,Switching capacity: 5 (0.5) A, 250 V ACTemperature range -15 ....+80° CSettings adjustable from 50 ... 500 Pa,factory ;Differential pressure capsule;;
US26;Feuchtefühler-Komplettset;328,20;Stk;;Speziell entwickelt für GartenbewässerungenGehäuse aus hellgrauem Kunststoff, Montagesockel für Wand- oder Bodenmontage, Empfindlichkeitseinstellungen durch Verstellen der Abtrocknungszeit Lieferung komplett mit Trafo 24 V AC und Relais jedoch ohne Ka;Feuchtefühler-Komplettset für Gartenbewä;Specifically developed for watering gardensCasing made of light-grey plastic material, mounting base for mounting on a wall or on the floor,response settings by adjusting the drying-off timeDelivery complete with transformer 24 V AC and relay, but n;Humidity sensor complete set for waterin;;
US27;Füllstandsüberwachung;279,20;Stk;;für Füllstandsüberwachung in BehälternGehäuse: Polyamid 12, mit einem kapazitiven Sensor und einer Auswerteeinheit, kapazitives Messprinzip, geeignet für Wasser, Öl, Diesel, Benzin und SchmierstoffeLieferumfang: 1 Sensor;Füllstandsüberwachung;For monitoring the filling level in containersCasing: polyamide 12, with a capacitive sensor and an evaluation unit, capacitive measuring principle, suitable for water, oil, diesel, petrol and lubricantsScope of delivery: 1 sensor;Filing level monitoring unit;;
US28;2. Niveausonde für Füllstandsüberwachung;90,00;Stk;;für Min/Max-Überwachung;2. Sensor;for min/max monitoring;2. Sensor;;
US29;Schwingstab zur Füllstandsüberwachung;950,00;Stk;;Anschluss G 1 1/2235 mm Sonderlänge;Schwingstab zur Füllstandsüberwachung fü;Connection G 1 1/2235 mm special length;Vibrating rod for monitoring the filling;;
US30;Füllstandsüberwachung Ultraschall;939,00;Stk;;Ultraschallmessung mit digitaler Anzeige für FlüssigkeitenVersorgung: 24 VDC, analoger Ausgang 4 - 20 mA, Anschluss: G 1 1/2Zubehör: Analog Eingangsmodul (UN21), Netzteil 24 VDC (US34) ;Füllstandsüberwachung Ultraschall für Fl;Ultrasound measuring with digital display for liquidsSupply: 24 VDC, analogue output 4 - 20 mA,Connection: G 1 1/2Accessory equipment: analogue input module (UN21), power pack 24 VDC (US34);Filling level monitoring unit ultrasound;;
US31;Universum-Taupunktwächter TW-U 80-100%;237,60;Stk;;;Taupunktwächter - U stetiges Signal 0-10;;Dew point monitor - U continuous signal;;
US32;Universum-Taupunktwächter TW-S 80-100%;237,60;Stk;;zur Erfassung der Feuchte z.B. bei Kühldecken, Relaisausgang oder 0 - 10 V, Auslösung bei Überschreitung der max. Feuchte, Rohrmontage, Spannungsversorgung 24 V AC/DC;Taupunktwächter - S Relaisausgang;For measuring humidity, e.g. for cooling ceilings, relay output or 0 - 10 V, releases when max. humidity is exceeded, pipe assembly,voltage supply 24 V AC/DC;Dew point monitor - S relay output;;
US33;UNIVERSUM - Trafo 24 V AC;60,60;Stk;;Transformator 230 V AC/24 V AC in Kunststoffgehäuse zur DIN-Schienenmontage, zur Spannungsversorgung von Zubehörteilen, Leistung: 12 VA;Trafo 24 V AC;Transformer 230 V AC/24 V AC in plastic casing for DIN rail mounting, for supplying accessory equipment with voltage, Power: 12 VA;Transformer 24 V AC;;
US34;UNIVERSUM - Netzgerät 24 V f.Analogmodul;225,10;Stk;;Schaltnetzteil für Spannungsversorgung von ZubehörartikelnEingangsspannung: 230 V ACAusgangsspannung 24 V DC / 15 Watt;Netzgerät 24 V DC;Switch-mode power supply for supplying accessory equipment with voltageInput voltage: 230 V ACOutput voltage 24 V DC / 15 Watt;Power pack 24 V DC;;
US35;Impulswasserzähler 1/2;185,10;Stk;;geeignet bis 90°C;Impulswasserzähler 1/2;Suitable for up to 90°C;Pulse water meter 1/2;;
US36;Impulswasserzähler 3/4;190,60;Stk;;Wasserzähler mit Impulsausgang Impulsfolge 1 Imp/10l, geeignet zum Einbau in waagrechte und senkrechte Rohrleitungen, maximaler Betriebsdruck 16 bar, Gewindeanschluss inklusive Anschlussverschraubungen, Einbaulänge 130 mm, Ausführungen in 1/2 oder 3/;Impulswasserzähler 3/4;Water meter with pulse outputPulse sequence 1 p/10l, suitable for installation in horizontal and vertical pipes, maximum operating pressure 16 bar, threaded connection including screw connections, installation length 130 mm, versions 1/2 or 3/4,in c;Pulse water meter 3/4;;
US37;CAN/M 3 M-Bus Schnittstelle bis 3 Zähler;1252,00;Stk;;;CAN/M 3 für 3 M-Bus Zähler;;CAN/M 3 for 3 M-bus meter;;
US38;CAN/M20 für 20 M-Bus Zähler;1533,00;Stk;;;CAN/M 20 für 20 M-Bus Zähler;;CAN/M 20 for 20 M-bus meter;;
US39;CAN/M60 für 60 M-Bus Zähler;1801,00;Stk;;;CAN/M 60 für 60 M-Bus Zähler;;CAN/M 60 for 60 M-bus meter;;
US40;CAN/M120 für 120 M-Bus Zähler;3243,00;Stk;;;CAN/M 120 für 120 M-Bus Zähler;;CAN/M 120 for 120 M-bus meter;;
US41;Universum-Universalfühler(Var. SOLAR);29,00;Stk;;Halbleiterfühlerelement als TauchfühlerAusführung Standard: ø 6 x 40 mmtemperaturbeständige KunststoffhülseTemperaturbereich -50 bis +125 °C,für die Messung von Temperaturen in Tauchhülsen oder in einem Metallrohr;Universalfühler Solar;Semiconductor sensor element used as an immersion sensorStandard configuration: ø 6 x 40 mmTemperature-resistant plastic sleeveTemperature range -50 to +125 °C,for measuring temperatures in sensor pockets or in a metal pipe;Multi-purpose sensor solar;;
US42;UNIVERSUM-Kabeltemparaturfühler Typ TF25;45,86;Stk;;;;;;;
US43;Luftkanalfühler Temperatur/Feuchte analo;578,00;Stk;;;;;;;
US44;Überspannungsschutz für U-Solar Fühler;0,01;Stk;;;;;;;
US45;Kupplerrelais 24V AC;0,00;Stk;;;;;;;
US46;UNIVERSUM Brandmelder (Netzbetrieb 230V);0,00;Stk;;;;;;;
US47;Montageflansch für Luftkanalfühler;11,10;Stk;;;;;;;
US48;UNIVERSUM-Luftkanalfühler FK130 0-10V;580,00;Stk;;Länge 135 mm;;;;;
US49;Füllstandgrenzschalter Minimelder – R;234,60;Stk;;mit Relais, zur Überwachung von minimalen Füllständen in Wasser und Ölen;;;;;
UT01;Universum-Raumcontroller UP-Temperatur;125,70;Stk;;Elektronischer Raumtemperaturregler im formschönen Schalterprogramm Gira Standard 55 mit Sollwertsteller (+/-3 °C), Endstellungen für Absenk - und Partyfunktion.Einsatzbereich von +5 °C bis +40 °C,CAN busfähig, Farbe reinweiß;UNIVERSUM® Raumcontroller Unterputz;Electronic air temperature controller in beautifully designed switch program Gira Standard 55 with set value adjuster (+/-3 °C), limit settings for lowering and party functions.Area of application from +5 °C to +40 °C,CAN bus compatible, colour pure w;UNIVERSUM® air controller, concealed;;
UT02;Universum-Raumcontroller UP-Feuchte;283,20;Stk;;Elektronischer Raumtemperaturregler im formschönen Schalterprogramm Gira Standard 55 mit Sollwertsteller (+/-3 °C), Endstellungen für Absenk - und Partyfunktion.Einsatzbereich von +5 °C bis +40 °C, bzw. 10% bis 90% rel. Feuchte ohne Temperaturwechsel,;UNIVERSUM® Raumcontroller Feuchte Unterp;Electronic room temperature controller in beautifully designed switch program Gira Standard 55 with set value adjuster (+/-3 °C), limit settings for lowering and party functions.Area of application from +5 °C to +40 °C, and/or 10% to 90% relative humidi;UNIVERSUM® air controller humidity, conc;;
UT03;Universum-Raumcontroller;125,70;Stk;;elektronischer RaumtemperaturreglerEndstellungen für Frostschutz-bzw.Partyfunktion;;;;;
UT04;Universum-Raumcontroller-FEUCHTE;283,20;Stk;;mit zusätzlichem Feuchtefühler;;;;;
UT05;Blinddeckel f.Type A u.Raumcontroller;3,07;Stk;;Oberteil ohne Stellrad;Blinddeckel für UNIVERSUM® Raumcontrolle;Top part without regulator;Blind cover for UNIVERSUM® room controll;;
UT06;XXXUniversum Raumcontroller mit Display;;;;Serien-Nr.: @@@@@@@@@;;;;;
UT07;Adapterrahmen f. Typ A u. Raumcontroller;4,53;Stk;;für Raumcontroller und Raumtemperaturregler Type AAbdeckplatte für UP-Dosen bis 70 mm;Adapterrahmen;for room controller and room temperature controller type ACover for UP sockets up to 70 mm;Adapter frame;;
UT08;Potenzialtrenner 24VAC/DC PT-C12;137,50;Stk;;;;;;;
UT15;UNIVERSUM-Kanalhygrostat;249,70;Stk;;;;;;;
UTE01;U-Raumcontroller UP-Temperatur(< 65.000);125,80;Stk;;(Serien Nr.: kleiner als 65.000)Serien-Nr.: aaa;;;;;
UTE02;U-Raumcontroller UP-Feuchte ( < 65.000 );283,20;Stk;;(Serien Nr.: kleiner als 65.000)Serien-Nr.: aaa;;;;;
UTE03;Universum-Raumcontroller ( < 65.000 );125,80;Stk;;elektronischer RaumtemperaturreglerEndstellungen für Frostschutz-bzw.Partyfunktion(Serien Nr.: kleiner als 65.000)Serien-Nr.: @@@@@@@;;;;;
UTE04;U-Raumcontroller-FEUCHTE ( < 65.000 );283,20;Stk;;mit zusätzlichem Feuchtefühler(Serien Nr.: kleiner als 65.000)Serien-Nr.: @@@@@@@;;;;;
VO02;HA-OVALVERTEILER 2 Gruppen;170,20;Stk;1,00;;HA - Ovalverteiler 2 Gruppen;;oval manifold  2 groups;Stk;
VO03;HA-OVALVERTEILER 3 Gruppen;201,10;Stk;1,00;;HA - Ovalverteiler 3 Gruppen;;oval  manifold  3 groups;Stk;
VO04;HA-OVALVERTEILER 4 Gruppen;239,70;Stk;1,00;;HA - Ovalverteiler 4 Gruppen;;oval  manifold 4 groups;Stk;
VO05;HA-OVALVERTEILER 5 Gruppen;270,80;Stk;1,00;;HA - Ovalverteiler 5 Gruppen;;oval  manifold  5 groups;Stk;
VO06;HA-OVALVERTEILER 6 Gruppen;302,00;Stk;1,00;;HA - Ovalverteiler 6 Gruppen;;oval  manifold  6 groups;Stk;
VO07;HA-OVALVERTEILER 7 Gruppen;340,30;Stk;1,00;;HA - Ovalverteiler 7 Gruppen;;oval  manifold  7 groups;Stk;
VO08;HA-OVALVERTEILER 8 Gruppen;371,40;Stk;1,00;;HA - Ovalverteiler 8 Gruppen;;oval  manifold 8 groups;Stk;
VO09;HA-OVALVERTEILER 9 Gruppen;402,50;Stk;1,00;;HA - Ovalverteiler 9 Gruppen;;oval  manifold  9 groups;Stk;
VO10;HA-OVALVERTEILER 10 Gruppen;441,10;Stk;1,00;;HA - Ovalverteiler 10 Gruppen;;oval  manifold  10 groups;Stk;
VO11;HA-OVALVERTEILER 11 Gruppen;472,10;Stk;1,00;;HA - Ovalverteiler 11 Gruppen;;oval  manifold  11 groups;Stk;
VO12;HA-OVALVERTEILER 12 Gruppen;503,00;Stk;1,00;;HA - Ovalverteiler 12 Gruppen;;oval  manifold  12 groups;Stk;
VO13;HA-OVALVERTEILER 13 Gruppen;540,80;Stk;;;;;;;
VO14;HA-OVALVERTEILER 14 Gruppen;554,00;Stk;;;;;;;
VO15;HA-OVALVERTEILER 15 Gruppen;580,00;Stk;;;;;;;
VO41;ADAPTER für Kunststoffrohr 21 x 2,4;2,41;Stk;1,00;;ø 21 x 2,4 mm;;ø 21 x 2,4 mm;Stk;
VO42;ADAPTER für Kunststoffrohr 17 x 2;2,41;Stk;1,00;für Kunststoffrohr:Überwurfmutter, Schneidring und Schlauchtülle,VPE:10 Stk;Ecotherm ® -Adapter 17x2 mm;for plastic pipe:Coupling nut, cutting and hose clamp,PU: 10 pieces;Ecotherm® adapter 17x2 mm;Stk;
VO43;RAUMBEZEICHNUNGSSCHILDER;3,92;Stk;;;;;;;
VO44;STELLANTRIEB 230 V.stromlos geschlossen;34,20;Stk;1,00;stromlos geschlossen, mit integriertem Varistor als Überspannungsschutz;Stellantrieb 230 V/ 50 Hz;De-energised closed, with integrated varistor serving as over-voltage protection;Actuator 230 V/ 50 Hz;Stk;
VO45;THERMOMETER 0-60° d 63 mm f. Ovalvert.;7,06;Stk;;Schaftlänge 50 mm;Thermometer ø 63 mm;Shaft length 50 mm;Thermometer ø 63 mm;;
VO46;FÜLL- u. ENTLEERUNGSHAHN lang;6,80;Stk;1,00;selbstdichtendVPE: 20 Stk.;Füll- und Entleerungshahn 1/2'';Self-sealingPU: 20 pieces;Filling and emptying tap 1/2'';Stk;
VO47;ENTLÜFTUNGSVENTIL;1,93;Stk;1,00;selbstdichtendVPE: 20 Stk.;Entlüftungsventil 1/2'';self-sealingPU: 20 pieces;Vent valve 1/2'';Stk;
VO48;HANDRAD für Harreither Ovalverteiler;4,39;Stk;;Zum Absperren einzelner Heizkreise;Handrad für Ovalverteiler;For shutting off individual heating circuits;Hand wheel for oval manifold;;
VO49;STELLANTRIEB 24 Volt (weiß);47,01;Stk;;;;;;;
VO51;Vorlaufmodul 2 Gr.;25,00;Stk;;Vorlaufmodul 2 Gruppen;;Feed module 2 groups;;;
VO52;Vorlaufmodul 3 Gr.;34,80;Stk;;Vorlaufmodul 3 Gruppen;;Feed module 3 groups;;;
VO53;Rücklaufmodul 2 Gr.;40,00;Stk;;Rücklaufmodul 2 Gruppen;;Return module 2 groups;;;
VO54;Rücklaufmodul 3 Gr.;57,20;Stk;;Rücklaufmodul 3 Gruppen;;Return module 3 groups;;;
VO55;Anschlussmodul 6/4AG 1IG;18,60;Stk;;für Vor- und Rücklauf, mit Aufnahmen für Entlüftungsventil, Füll- und Entleerungshahn und Thermometer;Anschlussmodul 6/4'' AG 1 IG;for feed line and return line, integration of vent valve, filling and discharge cock and thermometer;Connecting module 6/4'' MT 1'' FT;;
VO56;Endmodul;5,56;Stk;;für Vor- und Rücklauf ;Endmodul;for feed line or return line;Terminal module;;
VO57;Wandhalter für Ovalverteiler;6,50;Stk;1,00;VPE: 40 Stk.;Wandhalter für Ovalverteiler;PU: 40 units;Wall bracket for oval manifold;Stk;
VO60;EINBAUSCHRANK 2-4 Gruppen Typ 1 - weiß;177,00;Stk;1,00;;für max. 4 Heizkreise b=545 mm;;For max. 4 heating circuits w=545 mm;Stk;
VO61;EINBAUSCHRANK 5-9 Gruppen Typ 2 - weiß;197,00;Stk;1,00;;für max. 9 Heizkreise b=845 mm;;For max. 9 heating circuits w=845 mm;Stk;
VO62;EINBAUSCHRANK 10-12 Gruppen Typ 3 - weiß;225,00;Stk;1,00;;für max. 12 Heizkreise b=1145 mm;;For max. 12 heating circuits w=1145 mm;Stk;
VO63;EINBAUSCHRANK Typ 750 - weiß lackiert;188,10;Stk;;;;;;;
VO69;STELLANTRIEB 230 V.stromlos geöffnet;34,22;Stk;;;;;;;
VOE01;Einbautüre Gr. 1 weiß (ST);36,82;Stk;;;;;;;
VOE02;Einbautüre Gr. 2 weiß (ST);50,13;Stk;;;;;;;
VOE03;Einbautüre Gr. 3 weiß (ST);55,95;Stk;;;;;;;
VOE05;Rahmen zu Einbauschrank Gr. 1 weiß (ST);38,06;Stk;;;;;;;
VOE06;Rahmen zu Einbauschrank Gr. 2 weiß (ST);50,13;Stk;;;;;;;
VOE07;Rahmen zu Einbauschrank Gr. 3 weiß (ST);55,95;Stk;;;;;;;
VOE08;Umlenkblech - weiß zu Einbauschrank Gr.1;14,30;Stk;;;;;;;
VOE09;Umlenkblech - weiß zu Einbauschrank Gr.2;16,64;Stk;;;;;;;
VOE10;Schraubenpäckchen für Einbauschränke ST;1,42;Stk;;;;;;;
VOE11;Haltelaschen-Rahmen f. Einbauschrank;0,00;Pkg;;Pakung zu 4 Stück;;;;;
VOE12;C-Schiene für Einbauschrank (ST);8,40;Gar;;;;;;;
VOE13;Feder für Verschluß Einbauschrank;0,00;Stk;;;;;;;
VOE14;VERSCHLUSS für EINBAUSCHRANK;13,10;Stk;;;;;;;
VOE15;Zylinderschloss für EINBAUSCHRANK;;;;;;;;;
VOH02;HA-OVALVERTEILER 2 Gruppen 2 - 8 l/min;170,20;Stk;;;;;;;
VOH03;HA-OVALVERTEILER 3 Gruppen 2 - 8 l/min;201,10;Stk;;;;;;;
VOL02;HA-OVALVERTEILER 2 Gruppen 0,6 - 2,4 l/min;170,20;Stk;;;;;;;
VOL03;HA-OVALVERTEILER 3 Gruppen 0,6 - 2,4 l/min;201,10;Stk;;;;;;;
VOL04;HA-OVALVERTEILER 4 Gruppen 0,6 - 2,4 l/min;239,70;Stk;;;;;;;
VOL05;HA-OVALVERTEILER 5 Gruppen 0,6 - 2,4 l/min;270,80;Stk;;;;;;;
VOL06;HA-OVALVERTEILER 6 Gruppen 0,6 - 2,4 l/min;302,00;Stk;;;;;;;
VOL07;HA-OVALVERTEILER 7 Gruppen 0,6 - 2,4 l/min;340,30;Stk;;;;;;;
VOL08;HA-OVALVERTEILER 8 Gruppen 0,6 - 2,4 l/min;371,40;Stk;;;;;;;
VOL09;HA-OVALVERTEILER 9 Gruppen 0,6 - 2,4 l/min;402,50;Stk;;;;;;;
VOL10;HA-OVALVERTEILER 10 Gruppen 0,6 - 2,4 l/min;441,10;Stk;;;;;;;
VOL11;HA-OVALVERTEILER 11 Gruppen 0,6 - 2,4 l/min;472,10;Stk;;;;;;;
VOL12;HA-OVALVERTEILER 12 Gruppen 0,6 - 2,4 l/min;503,00;Stk;;;;;;;
VOL13;HA-OVALVERTEILER 13 Gruppen 0,6 - 2,4 l/min;520,00;Stk;;;;;;;
VOL14;HA-OVALVERTEILER 14 Gruppen 0,6 - 2,4 l/min;554,00;Stk;;;;;;;
VOL15;HA-OVALVERTEILER 15 Gruppen 0,6 - 2,4 l/min;580,00;Stk;;;;;;;
VT02;HA-MODULVERTEILER 2 Gruppen;127,70;Stk;;;;;;;
VT08;HA-MODULVERTEILER 8 Gruppen;300,50;Stk;;;;;;;
VT09;HA-MODULVERTEILER 9 Gruppen;330,60;Stk;;;;;;;
VT11;HA-MODULVERTEILER 11 Gruppen;400,70;Stk;;;;;;;
VT12;HA-MODULVERTEILER 12 Gruppen;431,60;Stk;;;;;;;
VT20;HOLLÄNDER mit MESSINGVERSCHRAUBUNG IG;11,80;Stk;1,00;Dimension: 6/4 auf 1 IG mit Dichtung;Holländer mit Messingverschraubung IG;Dimension: 6/4 on 1 FT with seal;Holländer fitting with brass screws FT;Stk;
VT21;ANSCHLUSSHOLLÄNDER Kunststoff d 32 mm;11,20;Stk;1,00;bestehend aus:Holländerteil Kunststoff da 32 mmHolländerverschraubung kurz 6/4 IGDichtung für Holländer 32 x 6/4;Anschlussholländer;with connecting piece, plastic material, da 32 mm;Holländer connecting fitting;Stk;
VT25;VORLAUFMODUL;11,20;Stk;;;;;;;
VT26;RÜCKLAUFMODUL;11,20;Stk;;;;;;;
VT27;ANSCHLUSSMODUL 6/4;5,25;Stk;;;;;;;
VT28;ENDMODUL;9,73;Stk;;;;;;;
VT29;VERDREHSICHERUNG blau;0,10;Stk;;;;;;;
VT30;VERDREHSICHERUNG rot;0,10;Stk;;;;;;;
VT35;FLANSCHKUGELHAHN;17,20;Stk;1,00;aus Maessing mit Flügelgriff, vollem Durchgang und verlängerter Überwurfmutter Dimension 6/4 auf 1IG VPE:40STK;Flanschkugelhahn;made of brass with butterfly handle, full passage and extended union nutDimension 6/4 on 1 FTPU: 40 pieces;Flanged ball valve;Stk;
VT40;BLINDKAPPE;3,26;Stk;;für nicht benötigte Adapteranschlüsse aus Messing inkl. Dichtung;Blindkappe;For unused adapter connections, made of brass incl. seal;Blind cap;;
VT45;WANDHALTER inkl. 4 Stk. Schrauben 3,5x16;6,00;Stk;;;;;;;
VT80;Durchflussmengenmesser f. Modulverteiler;9,94;Stk;;;;;;;
VT90;Überwurfmutter 6/4 f. Modulverteiler;0,00;Stk;;;;;;;
VT91;Innenreduzierung 6/4-1 IG  therm. behandelt;0,00;Stk;;;;;;;
VT98;Drehgriff zur Rücklaufventileinstellung;0,61;Stk;;;;;;;
VTE50;Durchflussmengenm.Systemv. 1-3,5 ltr/min;20,28;Stk;;;;;;;
VTE51;VORLAUFVENTIL m.Thermostatventileinsatz;13,62;Stk;;;;;;;
VTE52;RÜCKLAUFVENTIL m. Reguliereinrichtung;8,65;Stk;;;;;;;
WA09;Klima Star Air Typ 09;0,00;Stk;;Luft/Wasser-Wärmepumpe als außen auf-stellbare Kompaktlösung, Heizleistung6,2 kW bei L2/W35, höchste Energieef-fizienz d. optimierte Leistungszahlen,Betriebsart Heizen und Kühlen, Einsatz-bereich bis -10°C Außentemperatur, inkl.Wärmepumpenregelung mit bedarfsgeführterAbtauautomatik.inkl. 4 Stück Vibrationsdämpfer;;;;;
WA12;XXXX Klima Star Air Typ 12;10017,00;Stk;;Luft/Wasser-Wärmepumpe als außen auf-stellbare Kompaktlösung, Heizleistung12,8 kW bei L2/W35, höchste Energieef-fizienz d. optimierte Leistungszahlen,Betriebsart Heizen und Kühlen, Einsatz-bereich bis -10°C Außentemperatur, inkl.Wärmepumpenregelung mit bedarfsgeführterAbtauautomatik.inkl. 4 Stück Vibrationsdämpfer;;;;;
WA12N;Klima Star Air Typ 12;10418,00;Stk;;Luft/Wasser-Wärmepumpe als außen auf-stellbare Kompaktlösung, Heizleistung12,8 kW bei L2/W35, höchste Energieef-fizienz d. optimierte Leistungszahlen,Betriebsart Heizen und Kühlen, Einsatz-bereich bis -10°C Außentemperatur, inkl.Wärmepumpenregelung mit bedarfsgeführterAbtauautomatik.inkl. 4 Stück Vibrationsdämpfer;;;;;
WA20N;Klima Star Air Typ 20 (KD);0,01;Stk;;Luft/Wasser-Wärmepumpe als außen auf-stellbare Kompaktlösung, Heizleistung19,6 kW bei L2/W35, höchste Energieef-fizienz d. optimierte Leistungszahlen,Betriebsart Heizen und Kühlen, Einsatz-bereich bis -10°C Außentemperatur, inkl.Wärmepumpenregelung mit bedarfsgeführterAbtauautomatik.inkl. 4 Stück Vibrationsdämfer;;;;;
WA30;Wärmetauscher Systemtrennung WA06;564,00;Stk;;inkl. Isolierung;;;;;
WA31;Wärmetauscher Systemtrennung WA12;917,00;Stk;;inkl. Isolierung;;;;;
WA32;Wärmetauscher Systemtrennung WA20;1170,00;Stk;;inkl. Isolierung;;;;;
WA33;Verschraubung 1 f. Wärmetauscher;8,72;Stk;;inkl. Dichtung;;;;;
WA34;Verschraubung 5/4 f. Wärmetauscher;14,50;Stk;;inkl. Dichtung;;;;;
WA35;Sanftanlasser für Klima Star Air Typ 06;406,00;Stk;;;;;;;
WA36;Sanftanlasser für Klima Star Air Typ 12;282,00;Stk;;;;;;;
WA43;Strömungswächter 3/4 f. KSA 06 u. 12;106,10;Stk;;;;;;;
WA44;Strömungswächter 1 f. KSA 20;125,60;Stk;;;;;;;
WA45;Klima Star Air Bivalenzelektronik;473,60;Stk;;Regelungselektronik für alternativen undparallelen Bivalentbetrieb mittels KlimaStar Air und Zusatzheizung, Einbindungeiner witterungsgeführten Regelung,Regelung der Warmwasserbereitung, inkl.Außen- Kessel- und Speicherfühler.;;;;;
WA48;Klima Star Air Regelpressostat Set;97,24;Stk;;;;;;;
WA50;Klima Star Kaltwassersatz Typ 09;4544,00;Stk;;;;;;;
WA52;Klima Star Kaltwassersatz Typ 05;4046,00;Stk;;;;;;;
WA58;Sicherheitsgruppe 1;44,82;Stk;;mit Isolierung, 1 Manometer,Schnellentlüfter u. Sicherheitsventil;;;;;
WA59;Kompressor - Heizband f. KSA 06 u. KSA12;28,91;Stk;;;;;;;
WA60;Kompressor - Heizband f. KSA 20;57,30;Stk;;;;;;;
WA80;Flexibler Anschlussschlauch 3/4 Air06;10,50;Stk;;Länge: 700 mm;;;;;
WA81;Flexibler Anschlussschlauch 1 Air12;18,90;Stk;;Länge: 700 mm;;;;;
WA82;Flexibler Anschlussschlauch 5/4 Air21;41,50;Stk;;Länge: 700 mm;;;;;
WA84;Drehzahlregler KSA 12u.20 XV10PK-50000;79,18;Stk;;Länge: 700 mm;;;;;
WA85;Regler KSA 06 IC111C-10401 MICR.0501;340,10;Stk;;;;;;;
WA86;Regler KSA 12u.20 IC121C-10001 MICR.0506;340,10;Stk;;;;;;;
WA88;HD Pressostat KSA Ty.P100CP-106CO28 CI23;36,09;Stk;;Länge: 700 mm;;;;;
WA89;ND Pressostat KSA Ty.P100AP 67 CO10 CI32;36,09;Stk;;Länge: 700 mm;;;;;
WA91;Regler KSA 06 IC111C-10401;340,10;Stk;;;;;;;
WA92;Regler KSA 12 u. 20 IC121C-10001;321,40;Stk;;;;;;;
WA93;Drucktransmitter KSA PA21SC/30/80440.33;144,20;Stk;;Länge: 700 mm;;;;;
WA94;Ventilator KSA 06 A6E450-AQ02-05;442,00;Stk;;;;;;;
WA95;Kompressorisolierung für KSA 06;73,22;Stk;;;;;;;
WA96;Kompressorisolierung für KSA 12;80,81;Stk;;;;;;;
WA97;Kompressorisolierung für KSA 20;89,54;Stk;;;;;;;
WA98;Ventilator KSA12 Rosenberg;;;;Länge: 700 mm;;;;;
WAE100;Temperaturfühler KSA Luftaustr. 3m Kab.;16,64;Stk;;Länge: 700 mm;;;;;
WAE101;Temperaturfühler KSA VL o. RL 1,5m Kab.;14,25;Stk;;Länge: 700 mm;;;;;
WAE105;Filtertrockner f. KSA06 Type SCA084MM;26,42;Stk;;;;;;;
WAE106;Filtertrockner f. KSA12 Type SC164MM;33,28;Stk;;;;;;;
WAE107;Filtertrockner f. KSA20 Type SC325MM;63,75;Stk;;;;;;;
WAE110;Expansionsventil KSA06 ZHID0163;96,72;Stk;;;;;;;
WAE111;Expansionsventil KSA12 ZHID0168;96,72;Stk;;;;;;;
WAE112;Expansionsventil KSA20 ZHID0169;96,72;Stk;;;;;;;
WAE114;Kondensator KSA06 Ducati 50 müF;56,47;Stk;;;;;;;
WAE115;Kondensator KSA12 4 müF;;;;;;;;;
WAE117;Magnetspule i.Kabel f. 4-Wegev. KSA06;32,24;Stk;;;;;;;
WAE118;Magnetspule i.Kabel f. 4-Wegev. KSA12/20;32,24;Stk;;;;;;;
WAE119;Magnetspule f. Druckausgleich KSA06;19,45;Stk;;;;;;;
WAE122;Transformator P.M.A. f. KSA06/12/20;16,22;Stk;;;;;;;
WAE125;Kabelsatz Dixel Regler für KSA06;53,87;Stk;;;;;;;
WAE126;Kabelsatz Dixel Regler für KSA12/20;53,87;Stk;;;;;;;
WAE130;Schmelzsicherung 2 A f. KSA;1,89;Stk;;;;;;;
WAE131;Schmelzsicherung 4 A f. KSA;1,89;Stk;;;;;;;
WAE132;Schmelzsicherung 6 A f. KSA;1,89;Stk;;;;;;;
WAE133;Schmelzsicherung 10 A f. KSA;1,89;Stk;;;;;;;
WAE134;Schmelzsicherung 16 A f. KSA;1,89;Stk;;;;;;;
WAE135;Schmelzsicherung 20 A f. KSA;1,89;Stk;;;;;;;
WAE136;Schmelzsicherung 25 A f. KSA;1,89;Stk;;;;;;;
WAE137;Schmelzsicherung 32 A f. KSA;1,89;Stk;;;;;;;
WAE140;Kompressor Schütz für KSA06 LS17.10E;55,43;Stk;;;;;;;
WAE141;Kompressor Schütz für KSA12 LS7K.10;55,43;Stk;;;;;;;
WAE142;Kompressor Schütz für KSA20 LS5K.10;38,90;Stk;;;;;;;
WAE145;Phasenüberwachung f. KSA12/20;80,39;Stk;;;;;;;
WAE146;Relais Pumpenfreigabe 230V/50H f. KSA;22,15;Stk;;;;;;;
WAE147;Alarmrelais DC 12V f. KSA;30,58;Stk;;;;;;;
WAE150;Ventilatorhalterung f. KSA06;1,36;Stk;;;;;;;
WAE151;Ventilatorhalterung f. KSA12/20;1,36;Stk;;;;;;;
WAE155;Heißgasthermostat 120° KSA;29,12;Stk;;;;;;;
WAE160;Kompressor ZH21K4E-PFJ-524 für KSA 06;942,00;Stk;;;;;;;
WAE170;Schauglas  SGN 16s 16 mm Löt für KSA 20 (WA20) Version 1;;;;;;;;;
WH16;Klima Star WP Heizen 16 kW Sole VERSION 2;;;;Wärmepumpe in Kompaktbauweise für Sole-betrieb.Einsatz für Heizung und Warmwasser-bereitung, max. Vorlauftemperatur 63° C.Der Einsatz der Universum Systemregelunggarantiert einen außergewöhnlichwirtschaftlichen Betrieb.Formschönes, silbergraues Designder Verkleidung.Typenschild-Nr.:;;;;;
WHG05;Klima Star WP Heizen 5 kW Grundwasser;5976,00;Stk;;Serien-Nr.:;;;;;
WHG07;Klima Star WP Heizen 7 kW Grundwasser;6281,00;Stk;;mit Edelstahlwärmetauscher ohne CU-Lot;;with stainless steel heat exchanger without CU lot;;;
WHG09;Klima Star WP Heizen 9 kW Grundwasser;6829,00;Stk;;mit Edelstahlwärmetauscher ohne CU-Lot;;with stainless steel heat exchanger without CU lot;;;
WHG12;Klima Star WP Heizen 12 kW Grundwasser;7054,00;Stk;;mit Edelstahlwärmetauscher ohne CU-Lot;;with stainless steel heat exchanger without CU lot;;;
WHG14;Klima Star WP Heizen 14 kW Grundwasser;7673,00;Stk;;mit Edelstahlwärmetauscher ohne CU-Lot;;with stainless steel heat exchanger without CU lot;;;
WHG16;Klima Star WP Heizen 16 kW Grundwasser;7872,00;Stk;;mit Edelstahlwärmetauscher ohne CU-Lot;;with stainless steel heat exchanger without CU lot;;;
WHG21;Klima Star WP Heizen 21 kW Grundwasser;9183,00;Stk;;mit Edelstahlwärmetauscher ohne CU-Lot;;with stainless steel heat exchanger without CU lot;;;
WHS05;Klima Star WP Heizen 5 kW Sole;5285,00;Stk;;Wärmepumpe in Kompaktbauweise für Sole-betrieb.Einsatz für Heizung und Warmwasser-bereitung, max. Vorlauftemperatur 63° C.Der Einsatz der Universum Systemregelunggarantiert einen außergewöhnlichwirtschaftlichen Betrieb.Formschönes, silbergraues Designder Verkleidung.Typenschild-Nr.:;;;;;
WHS07;Klima Star WP Heizen 7 kW Sole;5562,00;Stk;;Wärmepumpe Leistung 7,5 kW;Klima Star® WP Heizen 7 Sole;Heat pump power 7.5 kW;Klima Star® WP heating 7 brine water;;
WHS09;Klima Star WP Heizen 9 kW Sole;5936,00;Stk;;Wärmepumpe Leistung 9,1 kW;Klima Star® WP Heizen 9 Sole;Heat pump power 9.1 kW;Klima Star® WP heating 9 brine water;;
WHS12;Klima Star WP Heizen 12 kW Sole;6162,00;Stk;;Wärmepumpe Leistung 10,8 kW;Klima Star® WP Heizen 12 Sole;Heat pump power 10.8 kW;Klima Star® WP heating 12 brine water;;
WHS14;Klima Star WP Heizen 14 kW Sole;6781,00;Stk;;Wärmepumpe Leistung 13,2 kW;Klima Star® WP Heizen 14 Sole;Heat pump power 13.2 kW;Klima Star WP heating 14 brine water;;
WHS16;Klima Star WP Heizen 16 kW Sole;6979,00;Stk;;Wärmepumpe Leistung 14,9 kW;Klima Star® WP Heizen 16 Sole;Heat pump power 14.9 kW;Klima Star® WP heating 16 brine water;;
WHS21;Klima Star WP Heizen 21 kW Sole;7955,00;Stk;;Wärmepumpe Leistung 20,1 kW;Klima Star® WP Heizen 21 Sole;Heat pump power 20.1 kW;Klima Star® WP heating 21 brine water;;
WHW05;Klima Star WP Heizen 5 kW Wasserparam.;5285,00;Stk;;Wärmepumpe in Kompaktbauweise für Sole-betrieb.Einsatz für Heizung und Warmwasser-bereitung, max. Vorlauftemperatur 63° C.Der Einsatz der Universum Systemregelunggarantiert einen außergewöhnlichwirtschaftlichen Betrieb.Formschönes, silbergraues Designder Verkleidung.Typenschild-Nr.:;;;;;
WHW07;Klima Star WP Heizen 7 kW Wasserparam.;5562,00;Stk;;;Klima Star® WP Heizen 7;;Klima Star® WP heating 7;;
WHW09;Klima Star WP Heizen 9 kW Wasserparam.;5936,00;Stk;;;Klima Star® WP Heizen 9;;Klima Star® WP heating 9;;
WHW12;Klima Star WP Heizen 12 kW Wasserparam.;6162,00;Stk;;;Klima Star® WP Heizen 12;;Klima Star® WP heating 12;;
WHW14;Klima Star WP Heizen 14 kW Wasserparam.;6781,00;Stk;;;Klima Star® WP Heizen 14;;Klima Star WP heating 14;;
WHW16;Klima Star WP Heizen 16 kW Wasserparam.;6979,00;Stk;;;Klima Star® WP Heizen 16;;Klima Star® WP heating 16;;
WHW21;Klima Star WP Heizen 21 kW Wasserparam.;7955,00;Stk;;;Klima Star® WP Heizen 21;;Klima Star® WP heating 21;;
WK07;Klima Star WP Heizen und Kühlen 7 kW;6217,00;Stk;;Wärmepumpe in Kompaktbauweise für Sole-betrieb.Einsatz für Heizung, Kühlung undWarmwasserbereitung.Maximale Vorlauftemperatur 63° C.Der Einsatz der Universum Systemregelunggarantiert einen außergewöhnlichwirtschaftlichen Betrieb.Formschönes, silbergraues Designder Verkleidung.Typenschild-Nr.:;;;;;
WKG07;Klima Star WP Heizen und Kühlen 7 kW GW;7183,00;Stk;;mit Edelstahlwärmetauscher ohne CU-Lot;;with stainless steel heat exchanger without CU lot;;;
WKG21;Klima Star WP Heizen und Kühlen 21 kW GW;10821,00;Stk;;mit Edelstahlwärmetauscher ohne CU-Lot;;with stainless steel heat exchanger without CU lot;;;
WKS05;Klima Star WP Heizen und Kühlen 5 kW;6153,00;Stk;;Wärmepumpe in Kompaktbauweise für Sole-oder Grundwasserbetrieb.Einsatz für Heizung, Kühlung undWarmwasserbereitung.Maximale Vorlauftemperatur 63° C.Der Einsatz der Universum Systemregelunggarantiert einen außergewöhnlichwirtschaftlichen Betrieb.Formschönes, silbergraues Designder Verkleidung.Typenschild-Nr.:;;;;;
WKS07;Klima Star WP Heizen und Kühlen 7 kW;6466,00;Stk;;Wärmepumpe Leistung 7,5 kW;Klima Star® WP Heizen und Kühlen 7 Sole;Heat pump power  7,5 kW;Klima Star® WP heating and cooling 7 bri;;
WKS09;Klima Star WP Heizen und Kühlen 9 kW;6887,00;Stk;;Wärmepumpe Leistung 9,1 kW;Klima Star® WP Heizen und Kühlen 9 Sole;Heat pump power  9,1 kW;Klima Star® WP heating and cooling 9 bri;;
WKS12;Klima Star WP Heizen und Kühlen 12 kW;7153,00;Stk;;Wärmepumpe Leistung 10,8 kW;Klima Star® WP Heizen und Kühlen 12 Sole;Heat pump power 10,8 kW;Klima Star® WP heating and cooling 12 br;;
WKS14;Klima Star WP Heizen und Kühlen 14 kW;7794,00;Stk;;Wärmepumpe Leistung 13,2 kW;Klima Star® WP Heizen und Kühlen 14 Sole;Heat pump power  13,2 kW;Klima Star® WP heating and cooling 14 br;;
WKS16;Klima Star WP Heizen und Kühlen 16 kW;8102,00;Stk;;Wärmepumpe Leistung 14,9 kW;Klima Star® WP Heizen und Kühlen 16 Sole;Heat pump power  14,9 kW;Klima Star® WP heating and cooling 16 br;;
WKS21;Klima Star WP Heizen und Kühlen 21 kW;9594,00;Stk;;Wärmepumpe Leistung 20,1 kW;Klima Star® WP Heizen und Kühlen 21 Sole;Heat pump power 20,1 kW;Klima Star® WP heating and cooling 21 br;;
WKW07;Klima Star WP Heizen u. Kühlen 7 kW WP;6466,00;Stk;;Wärmepume Leistung 9,9 kW;Klima Star® WP Heizen und Kühlen 7;Wärmepume Leistung 9,9 kW;Klima Star® WP Heizen und Kühlen 7;;
WL00;Grundpaket im Wandgehäuse ohne BZ ohne AF;718,00;Stk;;Im Gehäuse vorverdrahtet,bestehend aus:1 Stk. Reglereinheit;;;;;
WL01;Grundpaket light im Wandgehäuse f. KSA;1757,00;Stk;;Universum - Grundpaket mit Bedienzentrale V5.0 Light, eingebaut im Wandgehäuse, inkl. 1 Regler, 1 Außenfühler, 1 Universalfühler (Rücklauf Wärmepumpe), Hauptschalter und Reihenklemmen fertig verdrahtet zum Verbinden mit der Klimastar®Air;Grundpaket Light im Wandgehäuse KSA;Universum basic package with control centre V5.0 Light, installed in wall housing, incl. 1 controller, 1 outside sensor, 1 multi-purpose sensor (return flow heat pump), main switch and terminal blocks completely wired for connecting up to the Klimastar® A;Basic package Light in wall housing KSA;;
WL02;Grundpaket im Wandgehäuse f. KSA;2277,00;Stk;;Universum - Grundpaket mit Bedienzentrale V5.0, eingebaut im Wandgehäuse, inkl. 1 Regler, 1 Außenfühler, 1 Universalfühler (Rücklauf Wärmepumpe), Hauptschalter und Reihenklemmen fertig verdrahtet zum Verbinden mit der Klimastar®Air;Grundpaket im Wandgehäuse KSA;Universum basic package with control centre V5.0, installed in wall housing, incl. 1 controller, 1 outside sensor, 1 multi-purpose sensor (return flow heat pump), main switch and terminal blocks completely wired for connecting up to the Klimastar® Air;Basic package in wall housing KSA;;
WL07;Klima Star Air Typ 07 Harreither;7467,00;Stk;;;Klima Star® Air Typ  07;;Klima Star® Air Type  07;;
WL07I;Klima Star Air Typ 07 Innena. Harreither;7363,00;Stk;;;Klima Star® Air Typ  07;;Klima Star® Air Type  07;;
WL10;Klima Star Air Typ 10 Harreither;8881,00;Stk;;;Klima Star® Air Typ 10;;Klima Star® Air Type 10;;
WL10I;Klima Star Air Typ 10 Innena. Harreither;8777,00;Stk;;;Klima Star® Air Typ 10;;Klima Star® Air Type 10;;
WL15;Klima Star Air Typ 15 Harreither;10771,00;Stk;;;Klima Star® Air Typ 15;;Klima Star® Air Type 15;;
WL15I;Klima Star Air Typ 15 Innena. Harreither;10667,00;Stk;;;Klima Star® Air Typ  15;;Klima Star® Air Type  15;;
WL21;Klima Star Air Typ 21 Harreither;13212,00;Stk;;;Klima Star® Air Typ 21;;Klima Star® Air Type 21;;
WL21I;Klima Star Air Typ 21 Innena. Harreither;13108,00;Stk;;;Klima Star® Air Typ 21;;Klima Star® Air Type 21;;
WL30;Luftkanal 600 mm;0,00;Stk;;;;;;;
WL31;Luftkanal 750 mm;0,00;Stk;;;;;;;
WL35;Tropftassenheizung - Klima Star Air;;;;;;;;;
WL36;xxxxxx Tropftassenheizung - Klima Star Air;;;;;;;;;
WP01;Universum WP Grundpaket;2170,00;Stk;;Auf Konsole vorverdrahtet,bestehend aus:1 Stk. Bedienzentrale1 Stk. Reglereinheit2 Stk. Universalfühler1 Stk. Außenfühler;;;;;
WP02;Universum WP Erweiterungspaket 1;1003,00;Stk;;unterstützt Hydraulikschemen 1,2,3,4,5,6,7)2 Mischeransteuerungen, Warmwasserbereitung und Lastausgleich über Combi Star, Solarsteuerung(1 weiterer Regler, 2 Raumcontroller, 6 Universalfühler, 2 Anlegefühler)oben angeführtes Universum Material;Universum WP Erweiterungspaket 1;For hydraulic systems 1, 2, 3, 4, 5, 6, 7)2 mixer controls,water heating and load compensation via Combi Star, Solar control (1 additional controller, 2 room controllers,6 multi-purpose sensors, 2 contact sensors)Universum material stated included;Universum WP extension package 1;;
WP03;Universum WP Erweiterungspaket 2;2497,00;Stk;;unterstützt Hydraulikschemen 1,2,3,4,5,6,7)2 Mischeransteuerungen, Warmwasserbereitung und Lastausgleich über Combi Star, SolarsteuerungEinzelraumregelung für 10 Zonen möglich(2 weitere Regler, 10 Raumcontroller, 6 Universalfühler, 2 Anlegefüh;Universum WP Erweiterungspaket 2;For hydraulic systems 1, 2, 3, 4, 5, 6, 7)2 mixer controls, water heating and load compensation via Combi Star, Solar controlSingle-room control for 10 zones possible (2 additional controllers, 10 room controllers, 6 multi-purpose sensors, 2 contact s;Universum WP extension package 2;;
WP05;Hydraulik Gruppe Sole 5-7 kW;874,00;Stk;;bestehend aus:Pumpenkonsole, Solepumpe, HeizungspumpeFlexverbindungen, Holländerver-schraubungen, Füll- u. Entleerungs-ventile, etc.;;;;;
WP06;Hydraulik Gruppe Sole 9-14 kW;948,00;Stk;;bestehend aus:Pumpenkonsole, Solepumpe, HeizungspumpeFlexverbindungen, Holländerver-schraubungen, Füll- u. Entleerungs-ventile, etc.;;;;;
WP07;Hydraulik Gruppe Sole 16-21 kW;1369,00;Stk;;bestehend aus:Pumpenkonsole, externe Solepumpemit Flansche, Heizungspumpe,Flexverbindungen, Holländerver-schraubungen, Füll- u. Entleerungs-ventile, etc.;;;;;
WP10;Kompressor Schalldämm-Matte WXX 12 bis WXX 16;286,00;Stk;;;;;;;
WP11;Kompressor Schalldämm-Matte WXX 21;;;;;;;;;
WP12;Hydraulik Gruppe Grundwasser 16-21 kW;814,00;Stk;;bestehend aus:Pumpenkonsole, Heizungspumpe,Flexverbindungen, Holländerver-schraubungen, Füll- u. Entleerungs-ventile, etc.;;;;;
WP18A;Warmwasserspeicher 300;;;;300 l Bruttoinhaltsvolumen3,5 m2 WT-HeizflächeSerien Nr.: xxxxx;;;;;
WP19;Stellfüße für Warmwasserspeicher;5,10;Stk;;;;;;;
WP20;Warmwasserspeicher 400;1647,00;Stk;;400 l Bruttoinhaltsvolumen,Heizfläche der WT 5,0 m²,für Wärmepumpen bis 20 kW.;Warmwasserspeicher 400;400 l gross volume, heating surface of HE 5.0 m², for heat pumps up to 20 kW.;Hot-water tank  400;;
WP20A;Warmwasserspeicher 400;1647,00;Stk;;400 l Bruttoinhaltsvolumen5,0 m2 WT-HeizflächeSerien Nr.: xxxxx;;;;;
WP21;Warmwasserspeicher 500;1940,00;Stk;;500 l Bruttoinhaltsvolumen,Heizfläche der WT 6,5 m²,für Wärmepumpen bis 30 kW.;Warmwasserspeicher 500;500 l gross volume, heating surface of HE 6.5 m², for heat pumps up to 30 kW.;Hot-water tank 500;;
WP21A;Warmwasserspeicher 500;1940,00;Stk;;500 l Bruttoinhaltsvolumen6,0 m2 WT-HeizflächeSerien Nr.: xxxxx;;;;;
WP22;Wärmetauscher außen verzinnt (WRW 21);351,20;Stk;;für beide Speichergrößen,außen verzinnt, Fläche 2,3 m²,inkl. Isolier-Set für galvanischeTrennung;CU-Solarwärmetauscher;for both reservoir sizes, outside tin-plated, surface 2.3 m², incl. insulating kit for galvanic isolation;CU solar heat exchanger;;
WP23;Flanschplatte 3/4 f. Warmwasserspeicher;62,10;Stk;;mit Bohrungen 3/4 für WT 2,5 m², inkl. Dichtung, innen emailliert;Abdeckplatte für Flansch;with borings 3/4 for HE 2.5 m², incl. seal, inside enamelled;Cover plate for flange;;
WP24;Dichtung für Flanschplatte Warmwassersp.;11,90;Stk;;für Abdeckplatte für Flansch;Dichtung;for cover plate for flange;Seal;;
WP25;Kollektorrohr d 32 x 2 mm;1,77;Lfm;;(VPE Rolle zu 200 lfm);;;;;
WP26;Wärmetauscher außen verzinnt (WRW 18);0,00;Stk;;;;;;;
WP27;Blindplatte für Warmwasserspeicher;62,09;Stk;;inkl. Dichtung;;;;;
WP28;Flanschabdeckungen schwarz für;22,36;Stk;;Warmwasserspeicher 400l und 500l;;;;;
WP29;Wärmetauscher 1,4 m², inkl. Flanschplatte DA 180;;;;außen verzinnt, inkl. Dichtung und Tauchhülse;;;;;
WP32;Sole-Verteilerset für 2 Kreise;431,90;Stk;;;Verteilerset 2 Kreise;;Distribution kit 2 circuits;;
WP33;Sole-Verteilerset für 3 Kreise;610,00;Stk;;;Verteilerset 3 Kreise;;Distribution kit 3 circuits;;
WP34;Sole-Verteilerset für 4 Kreise;789,00;Stk;;;Verteilerset 4 Kreise;;Distribution kit 4 circuits;;
WP35;Sole-Verteilerset für 5 Kreise;968,00;Stk;;;Verteilerset 5 Kreise;;Distribution kit 5 circuits;;
WP36;Sole-Verteilerset für 6 Kreise;1146,00;Stk;;;Verteilerset 6 Kreise;;Distribution kit 6 circuits;;
WP37;Sole-Verteilerset für 7 Kreise;1325,00;Stk;;;Verteilerset 7 Kreise;;Distribution kit 7 circuits;;
WP38;Sole-Verteilerset für 8 Kreise;1503,00;Stk;;;Verteilerset 8 Kreise;;Distribution kit 8 circuits;;
WP40;Soleausdehnungsgefäß 12 l;56,50;Stk;;für Solar und Sole;Ausdehnungsgefäß: 6 bar, 12 Liter;For solar and brine water;Expansion tank: 6 bar, 12 litres;;
WP41;Soleausdehnungsgefäß 60 l;118,00;Stk;;für Solar und Sole;Ausdehnungsgefäß: 6 bar, 60 Liter;For solar and brine water;Expansion tank: 6 bar, 60 litres;;
WP45;Frostschutz Harreither;5,87;Kg;25,00;Propylenglykol, VPE: Kanister zu 25 kgMischungsverhältnis 1:2 für Frostsicherheit bis -15° C25 l ergibt 75 l Sole bei WärmepumpenanlagenSole immer gut durchgemischt einfüllen!Mischungsverhältnis: 1:1,25 Frostsicherheit -25°C25 l ergibt 56 l Fr;Harreither Frostschutzkonzentrat;Propylene glycol,PU: cans with 25 kg eachMixing ratio 1:2 for frost resistance down to -15° C25 l result in 75 l brine water for heat pump systemsAlways mix saline water well before filling it in!Mixing ratio 1:1.25 for frost resistance down to ;Harreither antifreeze concentrate;kg;
WP50;Strömungswächter Type 1,5;168,90;Stk;;;;;;;
WP51;Strömungswächter Type 2,0;168,90;Stk;;;;;;;
WP52;Strömungswächter Type 4,0;168,90;Stk;;;;;;;
WP53;Strömungswächter für WP (JSF-1 RE);231,60;Stk;;;;;;;
WP60;Geoval Verlängerungssonde;141,40;Stk;;inkl. pro Stück:8 Stk. FRK-Blindnieten Al/St 4 x 20;;;;;
WP61;Geoval Einzelsonde;148,20;Stk;;;;;;;
WP62;Geoval Endsonde;148,20;Stk;;;;;;;
WP63;Verlängerungssatz Geoval für Loch 20 m;0,00;Stk;;bestehend aus:1 Stk. Rohr d 125 mm Länge ca. 200 mm8 Stk. FRK-Blindnieten Al/St 4 x 20;;;;;
WP65;Ovalrohrsonde Länge 10 m Abschluss;;;;;;;;;
WP70;Geoval Rohrklemme;4,68;Stk;;;Geoval Rohrklemme;;Geoval Pipe Clamp;;
WP71;Geoval Verteiler Eintritt oben;49,71;Stk;;;Geoval Verteiler Eintritt oben;;Geoval manifold Admission above;;
WP72;Geoval Sammler Austritt unten;49,71;Stk;;;Geoval Sammler Austritt unten;;Geoval Collectors bottom outlet;;
WPB00;Universum V5.0 WP Grundpaket ohne BZ ohne AF;634,30;Stk;;bestehend aus:1 Stk. Reglereinheitinkl. Blindabdeckung für BZ;;;;;
WPB01;Universum V5.0 WP Grundpaket;2170,00;Stk;;Auf Konsole vorverdrahtet,Regelung Klima Star WP, Heizung Direktbetrieb undWarmwasserbereitung über Umschaltventil möglich(Bedienzentrale V5.0, 1 Regler, 2 Universalfühler für Prozessablauf, 1 Außenfühler)oben angeführtes Universum Material im Pak;Universum WP Grundpaket;APre-wired on bracket, control Klima Star WP, heating direct mode and water heating possible via a switching valve (control centre V5.0, 1 controller, 2 multi-purpose sensors for process, 1 outside sensor)Universum material stated above included in the ;Universum WP basic package;;
WPB04;Universum light WP Grundpaket;1650,00;Stk;;Auf Konsole vorverdrahtet,Regelung Klima Star WP, Heizung Direktbetrieb undWarmwasserbereitung über Umschaltventil möglich(Bedienzentrale V5.0 Light, 1 Regler, 2 Universalfühler für Prozessablauf, 1 Außenfühler)oben angeführtes Universum Material ;Universum light WP Grundpaket;Pre-wired on bracket, control Klima Star WP, heating direct mode and water heating possible via a switching valve (control centre V5.0 Light, 1 controller, 2 multi-purpose sensors for process, 1 outside sensor)Universum material stated above included in;Universum light WP basic package;;
WPB05;XXX Hydraulik Gruppe Sole 5-7 kW;909,00;Stk;;bestehend aus:Pumpenkonsole, Solepumpe, HeizungspumpeFlexverbindungen, Holländerver-schraubungen, Füll- u. Entleerungs-ventile, etc.;;;;;
WPB06;XXX Hydraulik Gruppe Sole 9-14 kW;986,00;Stk;;bestehend aus:Pumpenkonsole, Solepumpe, HeizungspumpeFlexverbindungen, Holländerver-schraubungen, Füll- u. Entleerungs-ventile, etc.;;;;;
WPB07;Hydraulik Gruppe Sole 16-21 kW;1369,00;Stk;;bestehend aus:Pumpenkonsole, Solepumpe (extern), Heizungspumpe,Flexverbindungen, Holländerverschraubungen,Füllventil, etc.;Hydraulik Gruppe Sole 16 - 21 kW;consisting of:Pump bracket, saline water pump (external), heating pump, flex fittings, Holländer fittings, filling valve etc.;Hydraulic unit brine water  16 - 21 kW;;
WPB10;XXX Hydraulik Gruppe Grundwasser 5-7 kW;776,00;Stk;;bestehend aus:Pumpenkonsole, Heizungspumpe,Flexverbindungen, Holländerver-schraubungen, Füll- u. Entleerungs-ventile, etc.Strömungswächter bereits eingebaut.;;;;;
WPB11;XXX Hydraulik Gruppe Grundwasser 9-14 kW;844,00;Stk;;bestehend aus:Pumpenkonsole, Heizungspumpe,Flexverbindungen, Holländerver-schraubungen, Füll- u. Entleerungs-ventile, etc.Strömungswächter bereits eingebaut.;;;;;
WPB12;Hydraulik Gruppe Grundwasser 16-21 kW;1022,00;Stk;;bestehend aus:Pumpenkonsole, Heizungspumpe,Flexverbindungen, Holländerverschraubungen,Füllventil, etc.inkl. Strömungswächter;Hydraulik Gruppe Grundwasser 16 - 21 kW;consisting of:Pump bracket, heating pump,flex fittings, Holländer screw fittings, filling valve etc.,incl. flow monitor;Hydraulic unit ground water 16 - 21 kW;;
WPC05;Hydraulik Gruppe Sole 7 kW Energiesparversion;998,00;Stk;;bestehend aus:Pumpenkonsole, Solepumpe, Heizungspumpe Energieeffizienzklasse A,Flexverbindungen, Holländerverschraubungen,Füllventil, etc.;Hydraulik Gruppe Sole 7 kW;consisting of:Pump bracket, saline water pump, heating pump energy efficiency class A, flex fittings, Holländer screw fittings, filling valve etc.;Hydraulic unit brine water  7 kW;;
WPC06;Hydraulik Gruppe Sole 9-14 kW Energiesparversion;1111,00;Stk;;bestehend aus:Pumpenkonsole, Solepumpe, Heizungspumpe Energieeffizienzklasse A,Flexverbindungen, Holländerverschraubungen,Füllventil, etc.;Hydraulik Gruppe Sole 9 - 14 kW;consisting of:Pump bracket, saline water pump, heating pump energy efficiency class A, flex fittings, Holländer screw fittings, filling valve etc.;Hydraulic unit brine water  9 - 14 kW;;
WPC10;Hydraulik Gruppe Grundwasser 7 kW Energiesparversion;865,00;Stk;;bestehend aus:Pumpenkonsole, Heizungspumpe Energieeffizienzklasse A,Flexverbindungen, Holländerverschraubungen,Füllventil, etc.inkl. Strömungswächter;Hydraulik Gruppe Grundwasser 7 kW;consisting of:Pump bracket, heating pump energy efficiency class A,flex fittings, Holländer screw fittings, filling valve etc.,incl. flow monitor;Hydraulic unit ground water  7 kW;;
WPC11;Hydraulik Gruppe Grundwasser 09-14 kW Energiesparversion;969,00;Stk;;bestehend aus:Pumpenkonsole, Heizungspumpe Energieeffizienzklasse A,Flexverbindungen, Holländerverschraubungen,Füllventil, etc.inkl. Strömungswächter;Hydraulik Gruppe Grundwasser 9 - 14 kW;consisting of:Pump bracket, heating pump energy efficiency class A,flex fittings, Holländer screw fittings, filling valve etc.,incl. flow monitor;Hydraulic unit ground water 9 - 14 kW;;
WZ01;HARREITHER-Schweißgerät mit Koffer;355,10;Stk;;mit 2 Aufnahmebohrungen, ohne Schweißgarnitur, im Stahlkoffer, Anschluss 230 V/50 Hz, 600W;Polyfusionsschweißgerät bis ø 40 mm;with 2 location holes, without welding set, in steel case, connection 230 V/50 Hz, 600 W;Polyfusion welding equipment up to ø 40;;
WZ02;HARREITHER-Schweißgerät m. Koffer(Modul);498,20;Stk;;für Polyfusionsschweißung, ohne Schweißgarnitur;MODUL - Schweißgerät;For polyfusion welding, without welding set;MODUL welding equipment;;
WZ08;Tackermaschine;235,30;Stk;;;;;;;
WZ09;Schweißgarnitur Ovalverteiler;86,48;Stk;;;;;;;
WZ10;HITHERM-Schweißgarnitur oval 24x17 mm;45,20;Stk;;;oval 24x17 mm;;oval 24x17 mm;;
WZ11;Schweißgarnitur 21 mm;44,70;Stk;;PTFE (Teflon) beschichtet;MODUL - Schweißgarnitur, ø 21 mm;PTFE (teflon) coated;MODUL welding set, ø 21 mm;;
WZ12;Reparatur-Schweißgarnitur 10 mm;32,60;Stk;;;rund ø 10 mm;;Round ø 10 mm;;
WZ13;HITHERM-Reparaturschw.garnitur f.Sammler;47,00;Stk;;für Ovalsammler und Ovalrohr;Hitherm® Oberflächengarnitur;for oval manifold and oval pipe;Hitherm® surface set;;
WZ14;ECOTHERM-Rep.Schweißgarnitur f.Sammler;55,50;Stk;;für ø 21 mm Anbindeleitung;Hitherm® Oberflächengarnitur;for ø 21 mm connecting line;Hitherm® surface set;;
WZ15;EUROVAL-Schweißgarnitur;44,20;Stk;;24/17x3/2, teflonbeschichtet für Innenschweißung;Hitherm®Plus (und Euroval®) Oval-Schweiß;24/17x3/2, teflon-coated for internal welding;Hitherm® Plus (and Euroval® ) oval weldi;;
WZ16;Schweißgarnitur DA 21 Innenschweißung;30,40;Stk;;ø 21 mm, teflonbeschichtet für Innenschweißung;Hitherm®Plus (und Euroval®) Rund-Schweiß;ø 21 mm, teflon-coated for internal welding;Hitherm® Plus (and Euroval® )round wel;;
WZ20;HISAN-Schweißgarnitur Ý 16 mm;31,00;Stk;1,00;da 16;;da 16;;Stk;
WZ21;HISAN-Schweißgarnitur Ý 20 mm;34,30;Stk;1,00;da 20;;da 20;;Stk;
WZ22;HISAN-Schweißgarnitur Ý 25 mm;37,80;Stk;1,00;da 25;;da 25;;Stk;
WZ23;HISAN-Schweißgarnitur Ý 32 mm;43,00;Stk;1,00;da 32;;da 32;;Stk;
WZ24;HISAN-Schweißgarnitur Ý 40 mm;54,10;Stk;1,00;da 40;;da 40;;Stk;
WZ25;HISAN-Schweißgarnitur Ý 50 mm;60,10;Stk;1,00;da 50;;da 50;;Stk;
WZ26;HISAN-Schweißgarnitur Ý 63 mm;81,70;Stk;1,00;da 63;;da 63;;Stk;
WZ27;HISAN-Schweißgarnitur Ý 75 mm;79,20;Stk;1,00;da 75;;da 75;;Stk;
WZ28;HISAN-Schweißgarnitur Ý 90 mm;0,00;Stk;;;;;;;
WZ30;Rohrschneidezange bis 42 mm;42,70;Stk;1,00;;Rohrschneidezange bis ø 42 mm;;Pipe cutter up to ø 42 mm;Stk;
WZ35;Rohrschneider bis 63 mm;90,90;Stk;1,00;;;;;Stk;
WZ36;Rohrabschneider 90-120 mm;0,01;Stk;;;;;;;
WZ37;Ersatzrädchen für Rohrabschneider;0,00;Stk;;;;;;;
WZ41;Schälgerät HISAN-Rohr Ý 32 mm;64,20;Stk;;;;;;;
WZ42;Schälgerät HISAN-Rohr Ý 25 mm;0,01;Stk;;;;;;;
WZ43;Schälwerkzeug für SAP-Rohr 16-20 mm;0,01;Stk;;;;;;;
WZ46;Schälwerkzeug für SAP-Rohr 40-50 mm;0,01;Stk;;;;;;;
WZ47;Schälwerkzeug für SAP-Rohr 63-75mm;0,01;Stk;;;;;;;
WZ48;Schälwerkzeug für SAP-Rohr 90-110 mm;0,01;Stk;;;;;;;
WZ50;THERMO-FOLIE im Koffer;566,00;Stk;;;Thermofolie im Koffer;;Thermal foil in case;;
WZ51;THERMOVISIONSFOLIE 27,5 x 17,5 cm;82,10;Stk;;ca. 27,5 x 17,5 cm;Thermovisionsfolie;approx. 275 x 175 mm;Thermovision foil;;
WZ60;HARREITHER-Verlegehaspel;331,20;Stk;;;Harreither-Verlegehaspel;;Harreither laying reel;;
WZ61;Harreither-Schnellaufheizgerät;1568,00;Stk;;in Alu-Ausführung mit Pumpe und E-Patrone mit elektrischer Beschaltung;Harreither-Schnellaufheizgerät;Aluminium version with pump and E-cartridge with electric wiring;Harreither fast heating device;;
WZ62;ALU-KÖRPER für HA-Schnellaufheizgerät;812,00;Stk;;für Harreither-Schnellaufheizgerät ohne Pumpe, ohne E-Patrone, ohne elektrische Beschaltung;Alu-Körper;for Harreither fast heating device without pump, without E-cartridge, without electric wiring;Aluminium body;;
WZ88;HARREITHER-Schweißgerät mit Koffer (ACHTUNG: 110V);;;;für Polyfusionsschweißungmit seitlichem HandgriffSerien-Nr.@@@@@@@;;;;;
WZ89;HARREITHER-Schweißgerät m. Koffer(Modul) (ACHTUNG: 110V);;;;;;;;;
WZ90;E-Muffen-Schweißgerät MUF 10 E;1250,00;Stk;;;;;;;
WZ91;Wärmetauscher-Reinigungsgerät;614,00;Stk;;;;;;;
WZ92;HISAN-Schweißgarnitur 110 mm;372,60;Stk;;;;;;;
WZ94;SCHWEIßGARNITUR FÜR HA-VERTEILER da 40;41,50;Stk;;;;;;;
WZ95;Schweißgarnitur 17mm;55,22;Stk;;;;;;;
WZ96;THERMOVAL-Schweißgarnitur oval, Typ E;48,78;Stk;;;;;;;
WZ97;Harreither-Schnellaufheizgerät 240 V / 400V;0,01;Stk;;in Alu-Ausführung mit Pumpeund E-Patrone;;;;;
WZ98;Überwurfmaulschlüssel 30x27mm;0,01;Stk;;;;;;;
YS02;HA-Systemverteiler 2 Gruppen;163,70;Stk;;samt Halterungen;;;;;
YS03;HA-Systemverteiler 3 Gruppen;207,60;Stk;;samt Halterungen;;;;;
YS04;HA-Systemverteiler 4 Gruppen;251,50;Stk;;samt Halterungen;;;;;
YT07;HA-Systemverteiler 7 Gruppen;439,00;Stk;;ausgestattet mit Durchflußmengen-anzeiger 1-4 l pro Minute,samt Halterungen;;;;;
YT09;HA-Systemverteiler 9 Gruppen;543,00;Stk;;ausgestattet mit Durchflußmengen-anzeiger 1-4 l pro Minute,samt Halterungen;;;;;
YT10;HA-Systemverteiler 10 Gruppen;595,00;Stk;;ausgestattet mit Durchflußmengen-anzeiger 1-4 l pro Minute,samt Halterungen;;;;;
YT11;END-u.FUNKTIONSMODUL;7,20;Stk;;;;;;;
YT12;GRUPPENMODUL mit aufgebördelter Mutter;8,65;Stk;;;;;;;
YT13;THERMOMETERMODUL;8,79;Stk;;;;;;;
YT14;Bördelmutter f. Gruppenmodule;0,00;Stk;;;;;;;
YT15;Adapterring für Herz-Ventil;4,64;Stk;;;;;;;
YT18;WANDHALTER f. HA-Systemverteiler;6,52;Stk;;;;;;;
YX03;HITHERM-Übergangsmuffe 17mm FBH rot o/r;1,14;Stk;;;;;;;
YY02;Harreither Bausatz Nr: 2;347,70;Stk;;konzentrisch DN 125/80 innen fürAußenwand mit waagrechten Auswurf,inkl. Mauerdurchführung und Abschluss.;;;;;
YY03;Harreither Bausatz Nr: 3;434,70;Stk;;konzentrisch DN125/80 innen für Außen-wandkamin, inkl. Mauerdurchführung,Außenwandkonsole und Mündungsabschluss.;;;;;
YY04;Harreither Bausatz Nr: 5;191,40;Stk;;Bausatz Dachheizzentrale konzentrischDN125/80;;;;;
YY05;Harreither Bausatz Nr: 7;429,70;Stk;;Bausatz Flex-Rohr DN 83 12,5m,für Schachteinbau;;;;;
YY06;Harreither Bausatz Nr: 8;860,00;Stk;;Bausatz Flex-Rohr DN83 25 m,für Schachteinbau;;;;;
YY10;PP-Rohr DN 80x250;8,94;Stk;;;;;;;
YY11;PP-Rohr DN 80x1000;16,12;Stk;;;;;;;
YY12;PP-Rohr DN 80x2000;22,46;Stk;;;;;;;
YY20;Konzentrisches Rohr RAL 9016, 250mm;34,63;Stk;;DN 125/80;;;;;
YY21;Konzentrisches Rohr RAL 9016, 500mm;35,46;Stk;;DN 125/80;;;;;
YY22;Konzentrisches Rohr RAL 9016, 1000mm;63,34;Stk;;DN 125/80;;;;;
YY23;Konzentrisches Rohr RAL 9016, 2000mm;131,70;Stk;;DN 125/80;;;;;
YY24;Konzentrisches Rohr, Edelstahl, 500 mm;40,14;Stk;;DN 125/80;;;;;
YY25;Konzentrisches Rohr, Edelstahl, 1000 mm;69,78;Stk;;DN 125/80;;;;;
YY26;Konzentrisches Rohr, Edelstahl, 2000 mm;142,50;Stk;;DN 125/80;;;;;
YY30;PP-Bogen DN 80 x 15°;8,20;Stk;;;;;;;
YY31;PP-Bogen DN 80 x 30°;8,94;Stk;;;;;;;
YY32;PP-Bogen DN 80 x 45°;8,94;Stk;;;;;;;
YY33;PP-Bogen DN 80 x 90°;9,93;Stk;;;;;;;
YY40;Konzentrischer Bogen RAL9016, 15°;43,78;Stk;;DN 125/80;;;;;
YY41;Konzentrischer Bogen RAL9016, 30°;43,78;Stk;;DN 125/80;;;;;
YY42;Konzentrischer Bogen RAL9016, 45°;43,78;Stk;;DN 125/80;;;;;
YY43;Konzentrischer Bogen RAL9016, 90°;60,63;Stk;;DN 125/80;;;;;
YY44;Konzentrischer Bogen, Edelstahl, 15°;58,86;Stk;;DN 125/80;;;;;
YY45;Konzentrischer Bogen, Edelstahl, 30°;58,86;Stk;;DN 125/80;;;;;
YY46;Konzentrischer Bogen, Edelstahl, 45°;59,59;Stk;;DN 125/80;;;;;
YY47;Konzentrischer Bogen, Edelstahl, 90°;72,80;Stk;;DN 125/80;;;;;
YY50;Konzentr.Revisions-T-Stk.,Durchgangsform;83,82;Stk;;RAL 9016,DN 125/80;;;;;
YY51;Konzentr.Revisions-Bogen weiß;83,82;Stk;;;;;;;
YY52;Wandfutter DN 125/80, PE weiß;8,08;Stk;;;;;;;
YY53;Konz.Mauerdurchführung DN125/80, 300 mm;23,82;Stk;;einwandig im Schacht;;;;;
YY54;Abstandhalter f.PP-Rohr DN80 (6 Stück);28,60;Stk;;Kunststoff, VPE: 6 Stück;;;;;
YY60;Schachtabdeckung DN 80, PE schwarz;71,97;Stk;;mit UV-stabilisiertem Mündungsrohr;;;;;
YY61;Schachtabdeckung DN 80, PE terrakotta;71,97;Stk;;mit UV-stabilisiertem Mündungsrohr;;;;;
YY62;Schachtabdeckung DN 80, Edelstahl;161,60;Stk;;mit UV-stabilisiertem Mündungsrohr;;;;;
YY63;Schachtabdeckung DN 80, Edelstahlendrohr;193,50;Stk;;mit Edelstahl-Mündungsrohr;;;;;
YY64;Mündungsrohr DN 80, PP-UV, 500 mm;10,44;Stk;;;;;;;
YY65;konz. Wanddurchführung DN 125/80, PE/PP;53,25;Stk;;mit Doppelmuffe, Außenwand;;;;;
YY66;Dachdurchführung DN 125/80, Edelstahl;157,70;Stk;;;;;;;
YY67;Mündungsabschluss ohne Zuluft DN125/80;81,33;Stk;;Edelstahl, inkl.Mündungsrohrund Klemmband;;;;;
YY68;Klemmband DN125, Edelstahl;30,37;Stk;;;;;;;
YY69;Dachdurchführung DN125/80,PE terrak. 0,4;139,40;Stk;;0,4 m über Dach, inkl.Sparrenschelle;;;;;
YY70;Sparrenschelle DN125, verzinkt;11,34;Stk;;;;;;;
YY72;Universal-Dachpfanne 5-25°, schwarz;101,40;Stk;;;;;;;
YY73;Universal-Dachpfanne 25-45°, schwarz;61,67;Stk;;;;;;;
YY74;Universal-Dachpfanne 25-45°, rot;61,67;Stk;;;;;;;
YY75;Abdeckblende DN125, RAL 9016;20,49;Stk;;;;;;;
YY76;Abströmdüse PPS DN 80 ink. Schalldämpfer;165,20;Stk;;;;;;;
YY77;Edelstahl - Dachdurchführung für AH60 DN160/110;;;;Länge 1m über Dach, Gesamtlänge: 1,76minkl. Sparrenschelle;;;;;
Z0000590;KARTON 230x150x120;0,00;Stk;;;;;;;
Z0000592;Euroval-Clipsch. Karton neu 1060x355x190;0,00;Stk;;;;;;;
Z0000594;Verteiler-Karton 600x200x150;0,00;Stk;;;;;;;
Z0000595;Verteiler-Karton 900x200x150;0,00;Stk;;;;;;;
Z0000596;HITHERM COMPACT PALETTEN VERPACKUNG;0,00;Stk;;;;;;;
Z0000597;HARREITHER EINWEGVERPACKUNG Multi/Combi;0,00;Stk;;2080x1000x680;;;;;
Z0000598;Euroval 8-Eck Karton (2 teilig);0,00;Stk;;Innenmaße: 1110x1110x100 mm1130x1130x180 mm;;;;;
Z0000599;Euroval-Clipschienen Karton 860x355x190;0,00;Stk;;;;;;;
Z0000600;HARREITHER Kartons 400x300x200;0,00;Stk;;;;;;;
Z0000602;HARREITHER-Karton 600x400x200;0,00;Stk;;;;;;;
Z0000603;Euroval-Verteileran.Karton 550x140x140mm;0,00;Stk;;;;;;;
Z0000604;Euroval-Verteilera.Karton1050x140x140mm;0,00;Stk;;;;;;;
Z0000605;HITHERM Kartons 500 mm (Hitherm grau);0,00;Stk;;;;;;;
Z0000607;HITHERM DD Kartons 600 mm (rot);0,00;Stk;;665x155x810mm, einfärbig;;;;;
Z0000610;HITHERM Kartons 1000 mm (Hitherm grau);0,00;Stk;;;;;;;
Z0000612;HITHERM DD Kartons 1000 mm (rot);0,00;Stk;;1065x155x810mm, einfärbig;;;;;
Z0000615;HITHERM Kartons 1500 mm (Hitherm grau);0,00;Stk;;;;;;;
Z0000617;HITHERM DD Kartons 1500 mm (rot);0,00;Stk;;1565x155x810mm, einfärbig;;;;;
Z0000620;HITHERM Kartons 2000 mm (Hitherm grau);0,00;Stk;;;;;;;
Z0000622;HITHERM DD Kartons 2000 mm (rot);0,00;Stk;;2065x155x810mm, einfärbig;;;;;
Z0000625;HITHERM Kartons 2500 mm (Hitherm grau);0,00;Stk;;;;;;;
Z0000627;HITHERM DD Kartons 2500 mm (rot);0,00;Stk;;2565x155x810mm, einfärbig;;;;;
Z0000630;HITHERM Kartons 3000 mm (Hitherm grau);0,00;Stk;;;;;;;
Z0000632;HITHERM DD Kartons 3000 mm (rot);0,00;Stk;;3065x155x810mm, einfärbig;;;;;
Z0000635;ECOTHERM Kartons 500 mm;0,00;Stk;;;;;;;
Z0000640;ECOTHERM Kartons 1000 mm;0,00;Stk;;;;;;;
Z0000657;Kantenschutz f. Solar 1900x60x60x3mm;0,00;Lfm;;;;;;;
Z0000658;Kantenschutz f.Compact L=2000mm, 50x50x3;0,00;Lfm;;;;;;;
Z0000660;Kleberollen Harreither;1,92;Stk;;;;;;;
Z0000661;Kleberollen transparent;0,00;Stk;;;;;;;
Z0000662;Kleberollen Euroval;0,00;rol;;;;;;;
Z0000663;Seitenfaltensack 1300x950x1850x0,025 Ver;0,00;Stk;;;;;;;
Z0000664;Luftpolsterfolie 2-lagig 150 lfm/Rolle;0,00;Stk;;;;;;;
Z0000665;Dehnfolie 500mm, 550 lfm/Rolle;0,00;Stk;;;;;;;
Z0000666;Wellpappe für Compact-Verpackung;0,00;rol;;;;;;;
Z0000667;Schlauchfolie (Verpalin) 240 mm breit;0,00;Stk;;Verpalen-Schlauch 80my240 mm breit - Rolle zu 1000 lfm;;;;;
Z0000670;Flachbeutel gebl. 300x500;0,00;Stk;;;;;;;
Z0000672;Flachbeutel gebl. 200x300 mm;0,00;Stk;;;;;;;
Z0000673;Druckverschlussbeutel 10x15cm f.Verteile;0,00;Stk;;;;;;;
Z0000674;Druckverschlussbeutel 4x6cm f. RC UP;0,00;Stk;;;;;;;
Z0000675;Umreifungsband 406/150 in Rollen;0,00;Stk;;;;;;;
Z0000676;Schlauchfolie PE weiss deckend,2-färbig;0,00;Lfm;;Breite:25cm, Stärke:200my,(92kg/1000 lfm);;;;;
Z0000680;Plastikschnallen;0,00;Stk;;;;;;;
Z0000690;Einwegpalette 80x120 cm;0,00;Stk;;;;;;;
Z0000691;Einwegpalette 110x110 cm;0,00;Stk;;;;;;;
Z0000700;Stellfüße für Compact-Karton 660x88x110;0,00;Stk;;;;;;;
Z0000705;Hitherm-Compact-Karton 1085x650x230;0,00;Stk;;;;;;;
Z0000706;Hitherm-Compact-Karton 1585x650x230;0,00;Stk;;;;;;;
Z0000707;Hitherm-Compact-Karton 2135x650x230;0,00;Stk;;;;;;;
Z101;Hemd kurzarm H-Logo blau 39/40, m;27,04;Stk;;;;;;;
Z102;Hemd kurzarm H-Logo blau, 41/42, m;27,04;Stk;;;;;;;
Z103;Hemd kurzarm H-Logo blau, 43/44, m;27,04;Stk;;;;;;;
Z104;Hemd kurzarm H-Logo blau, 45/46, m;27,04;Stk;;;;;;;
Z105;Hemd kurzarm H-Logo weiß, 39/40, m;27,04;Stk;;;;;;;
Z106;Hemd kurzarm H-Logo weiß, 41/42, m;27,04;Stk;;;;;;;
Z107;Hemd kurzarm H-Logo weiß, 43/44, m;0,00;Stk;;;;;;;
Z108;Hemd kurzarm H-Logo weiß, 45/46, m;0,00;Stk;;;;;;;
Z109;Hemd langarm H-Logo weiß, 39/40, m;0,00;Stk;;;;;;;
Z110;Hemd langarm H-Logo weiß, 41/42, m;0,00;Stk;;;;;;;
Z111;Hemd langarm H-Logo weiß, 43/44, m;0,00;Stk;;;;;;;
Z112;Hemd langarm H-Logo weiß, 45/46, m;0,00;Stk;;;;;;;
Z113;Hemd kurzarm H-Logo blau,small,f;0,00;Stk;;;;;;;
Z114;Hemd kurzarm H-Logo blau,medium,f;0,00;Stk;;;;;;;
Z115;Hemd kurzarm H-Logo blau,large,f;0,00;Stk;;;;;;;
Z116;Hemd kurzarm H-Logo blau,x-large,f;0,00;Stk;;;;;;;
Z117;Hemd kurzarm H-Logo weiß,small,f;0,00;Stk;;;;;;;
Z118;Hemd kurzarm H-Logo weiß,medium,f;0,00;Stk;;;;;;;
Z119;Hemd kurzarm H-Logo weiß,large,f;0,00;Stk;;;;;;;
Z120;Hemd kurzarm H-Logo weiß,x-large,f;0,00;Stk;;;;;;;
Z126;Polo Mammut H-Logo rot, small, f;0,00;Stk;;;;;;;
Z127;Polo Mammut H-Logo rot, medium, f;40,46;Stk;;;;;;;
Z128;Polo Mammut H-Logo rot, large, f;40,46;Stk;;;;;;;
Z129;Polo Mammut H-Logo rot, x-large, f;40,46;Stk;;;;;;;
Z130;Polo Mammut H-Logo rot, xx-large, f;40,46;Stk;;;;;;;
Z132;Polo Mammut H-Logo blau,small, m;40,46;Stk;;;;;;;
Z133;Polo Mammut H-Logo blau,medium, m;40,46;Stk;;;;;;;
Z134;Polo Mammut H-Logo blau,x-large, m;40,46;Stk;;;;;;;
Z135;Polo Mammut H-Logo blau,xx-large, m;40,46;Stk;;;;;;;
Z139;Polo Mammut H-Logo blau, xx-large, f;40,46;Stk;;;;;;;
Z141;Polo FOTL H-Logo, weiß, small, m;9,96;Stk;;;;;;;
Z142;Polo FOTL H-Logo weiß, medium, m;9,96;Stk;;;;;;;
Z143;Polo FOTL H-Logo weiß, large, m;9,96;Stk;;;;;;;
Z144;Polo FOTL H-Logo weiß, x-large, m;9,96;Stk;;;;;;;
Z145;Polo FOTL H-Logo weiß,xx-large, m;9,96;Stk;;;;;;;
Z146;Polo FOTL H-Logo weiß, small, f;11,96;Stk;;;;;;;
Z147;Polo FOTL H-Logo, weiß, medium, f;11,96;Stk;;;;;;;
Z148;Polo FOTL H-Logo weiß, large, f;11,96;Stk;;;;;;;
Z149;Polo FOTL H-Logo weiß, x-large, f;11,96;Stk;;;;;;;
Z150;Polo FOTL H-Logo weiß, xx-large, f;10,00;Stk;;;;;;;
Z151;Polo FOTL H-Logo blau, small, m;11,02;Stk;;;;;;;
Z152;Polo FOTL H-Logo blau, medium, m;11,02;Stk;;;;;;;
Z153;Polo FOTL H-Logo blau, large, m;11,02;Stk;;;;;;;
Z154;Polo FOTL H-Logo blau, x-large, m;11,02;Stk;;;;;;;
Z155;Polo FOTL H-Logo blau, xx-large, m;11,02;Stk;;;;;;;
Z161;T-Shirt Mammut H-Logo beige, small;34,74;Stk;;;;;;;
Z162;T-Shirt Mammut H-Logo beige, medium;34,74;Stk;;;;;;;
Z163;T-Shirt Mammut H-Logo beige, large;34,74;Stk;;;;;;;
Z164;T-Shirt Mammut H-Logo beige, x-large;34,74;Stk;;;;;;;
Z165;T-Shirt Mammut H-Logo beige, xx-large;34,74;Stk;;;;;;;
Z166;T-Shirt B&C H-Logo weiß, small;3,86;Stk;;;;;;;
Z167;T-Shirt B&C H-Logo weiß, medium;3,86;Stk;;;;;;;
Z168;T-Shirt B&C H-Logo weiß, large;3,86;Stk;;;;;;;
Z169;T-Shirt B&C H-Logo weiß, x-large;3,86;Stk;;;;;;;
Z170;T-Shirt B&C H-Logo weiß, xx-large;3,86;Stk;;;;;;;
Z171;T-Shirt B&C H-Logo weiß, xxx-large;3,86;Stk;;;;;;;
Z172;Jacke Nike H-Logo dunkelblau, small;57,82;Stk;;;;;;;
Z173;Jacke Nike H-Logo dunkelblau, medium;57,82;Stk;;;;;;;
Z174;Jacke Nike H-Logo dunkelblau, large;57,82;Stk;;;;;;;
Z175;Jacke Nike H-Logo dunkelblau, x-large;57,82;Stk;;;;;;;
Z176;Jacke Nike H-Logo dunkelblau, xx-large;57,82;Stk;;;;;;;
Z177;Jacke Lafuma H-Logo schwarz, small;178,70;Stk;;;;;;;
Z178;Jacke Lafuma H-Logo schwarz, medium;178,70;Stk;;;;;;;
Z179;Jacke Lafuma H-Logo schwarz, large;178,70;Stk;;;;;;;
Z180;Jacke Lafuma H-Logo schwarz, x-large;178,70;Stk;;;;;;;
Z181;Jacke Lafuma H-Logo schwarz, xx-large;178,70;Stk;;;;;;;
Z182;Jacke Mammut Soft Shell, schwarz, small;114,40;Stk;;;;;;;
Z183;Jacke Mammut Soft Shell, schwarz, medium;114,40;Stk;;;;;;;
Z184;Jacke Mammut Soft Shell, schwarz, large;114,40;Stk;;;;;;;
Z185;Jacke Mammut Soft Shell, schwarz,x-large;114,40;Stk;;;;;;;
Z186;Jacke Mammut Soft Shell,schwarz,xx-large;114,40;Stk;;;;;;;
Z187;Polo Juwel weiß, small;9,96;Stk;;;;;;;
Z188;Polo Juwel weiß, medium;9,96;Stk;;;;;;;
Z189;Polo Juwel weiß, large;9,96;Stk;;;;;;;
Z190;Polo Juwel weiß, x-large;9,96;Stk;;;;;;;
Z191;Hemd kurzarm Juwel weiß, 39/40, m;0,00;Stk;;;;;;;
Z192;Hemd kurzarm Juwel weiß, 41/42, m;0,00;Stk;;;;;;;
Z193;Hemd kurzarm Juwel weiß, 43/44, m;0,00;Stk;;;;;;;
Z194;Hemd kurzarm Juwel weiß, 45/46, m;0,00;Stk;;;;;;;
Z195;Jacke Mammut Navrik dunkelblau, small;125,00;Stk;;;;;;;
Z196;Jacke Mammut Navrik dunkelblau, medium;125,00;Stk;;;;;;;
Z197;Jacke Mammut Navrik dunkelblau, large;125,00;Stk;;;;;;;
Z198;Jacke Mammut Navrik dunkelblau, x-large;125,00;Stk;;;;;;;
Z199;Jacke Mammut Navrik dunkelblau, xx-large;125,00;Stk;;;;;;;
Z200;Jacke Mammut Navrik dunkelblau,xxx-large;125,00;Stk;;;;;;;
Z201;Jacke Mammut Daunen H schwarz, small;0,00;Stk;;;;;;;
Z202;Jacke Mammut Daunen H schwarz, medium;0,00;Stk;;;;;;;
Z203;Jacke Mammut Daunen H schwarz, large;0,00;Stk;;;;;;;
Z204;Jacke Mammut Daunen H schwarz, x-large;0,00;Stk;;;;;;;
Z205;Jacke Mammut Daunen H schwarz,xx-large;0,00;Stk;;;;;;;
Z301;AB Fristads Jacke blau/rot, small;42,85;Stk;;;;;;;
Z302;AB Fristads Jacke blau/rot, medium;42,85;Stk;;;;;;;
Z303;AB Fristads Jacke blau/rot, large;42,85;Stk;;;;;;;
Z304;AB Fristads Jacke blau/rot, x-large;42,85;Stk;;;;;;;
Z305;AB Fristads Jacke blau/rot, xx-large;42,85;Stk;;;;;;;
Z306;AB Fristads Hose blau/rot, Gr. 50;47,53;Stk;;;;;;;
Z307;AB Fristads Hose blau/rot, Gr. 52;47,53;Stk;;;;;;;
Z308;AB Fristads Hose blau/rot, Gr. 54;47,53;Stk;;;;;;;
Z309;AB Fristads Hose blau/rot, Gr. 56;47,53;Stk;;;;;;;
Z310;AB Fristads Hose blau/rot, Gr. 58;47,53;Stk;;;;;;;
Z311;AB Fristads Hose blau/rot, Gr. 60;47,53;Stk;;;;;;;
Z312;AB Kemper Jacke blau/rot, Gr. 54;42,85;Stk;;;;;;;
Z313;AB Kemper Jacke blau/rot, Gr. 56;42,85;Stk;;;;;;;
Z314;AB Kemper Jacke blau/rot, Gr. 58;42,85;Stk;;;;;;;
Z315;AB Kemper Jacke blau/rot, Gr. 60;42,85;Stk;;;;;;;
Z316;AB Kemper Hose blau/rot, Gr. 52;47,53;Stk;;;;;;;
Z317;AB Kemper Hose blau/rot, Gr. 54;47,53;Stk;;;;;;;
Z318;AB Kemper Hose blau/rot, Gr. 56;47,53;Stk;;;;;;;
Z319;AB Kemper Hose blau/rot, Gr. 58;47,53;Stk;;;;;;;
Z320;AB Kemper Hose blau/rot, Gr. 60;47,53;Stk;;;;;;;
Z321;AB Long Shirt dunkelblau, medium;16,12;Stk;;;;;;;
Z330;Polo Shirt Harreither, rot, Herren XL;35,00;Stk;;;;;;;
Z331;Polo Shirt Harreither, grau, Herren XL;35,00;Stk;;;;;;;
Z366;Gittex Transparent SLOWENISCH. (Frau);0,00;Stk;;;;;;;
Z367;Gittex Transparent SLOWENISCH. (Haus);0,00;Stk;;;;;;;
Z401;Kappen Harreither;3,86;Stk;;;;;;;
Z402;Badetuch Harreither, weiss;27,25;Stk;;;;;;;
Z403;Sporttasche mit Logo;29,74;Stk;;;;;;;
Z404;Regenschirm Harreither blau/rot;5,36;Stk;;;;;;;
Z405;Kugelschreiber Harreither;0,47;Stk;;;;;;;
Z406;Feuerzeug Harreither/Hitherm;1,29;Stk;;;;;;;
Z407;Feuerzeug FC Harreither;1,29;Stk;;;;;;;
Z408;Zündhölzer Harreither/Juwel;0,11;Stk;;;;;;;
Z410;Uhr Harreither blau/rot;14,04;Stk;;;;;;;
Z411;Luftballon H-Logo;0,12;Stk;;;;;;;
Z412;Tragetaschen H-Logo;0,51;Stk;;;;;;;
Z413;Heftklammern Harreither;0,00;Stk;;;;;;;
Z414;Schreibtischunterlage Harreither;6,86;Stk;;;;;;;
Z415;Block Harreither, A4;2,18;Stk;;;;;;;
Z416;Block Harreither, A5;2,96;Stk;;;;;;;
Z417;Schlüsselbänder rot Harreither;1,80;Stk;;;;;;;
Z418;Schlüsselbänder blau FC-H;1,80;Stk;;;;;;;
Z419;Kugelschreiber Harreither-Slowenien;0,70;Stk;;;;;;;
Z420;Gästehandtuch Harreither;2,68;Stk;;;;;;;
Z421;Kappen Harreither grau;;;;;;;;;
Z450;CD 35 Jahre Casanovas;4,50;Stk;;;;;;;
Z451;CD-Ständer aus Karton;0,00;Stk;;;;;;;
Z490;Kugelschreiber Juwel grün;0,44;Stk;;;;;;;
Z491;Feuerzeug Juwel;1,18;Stk;;;;;;;
Z501;Fahnen Harreither weiß, 400x10;28,91;Stk;;;;;;;
Z502;Transparent Heizen/Kühlen hellblau;28,91;Stk;;;;;;;
Z503;Tischfahnen Harreither;5,92;Stk;;;;;;;
Z504;Tischfahnenständer (silber);4,50;Stk;;;;;;;
Z505;Aufkleber Wir sind... weiß,200x12;22,67;Stk;;;;;;;
Z506;Aufkleber Wir sind... weiß,150x12;0,00;Stk;;;;;;;
Z507;Aufkleber Wir sind... weiß,100x10;0,00;Stk;;;;;;;
Z508;Aufkleber Euroval weiß, 100x50;26,21;Stk;;;;;;;
Z509;Aufkleber Euroval weiß, 70x30;17,78;Stk;;;;;;;
Z510;Aufkleber Euroval weiß, 50x20;13,00;Stk;;;;;;;
Z511;Aufkleber Spitze in... weiß, 150x6;33,38;Stk;;;;;;;
Z512;Aufkleber H-intelligente... weiß,100x17;8,35;Stk;;;;;;;
Z513;Aufkleber Klima Star weiß, 30x5cm;0,43;Stk;;;;;;;
Z514;Kesselaufkleber H-intelligente... 33x24;3,75;Stk;;;;;;;
Z515;Kesselaufkleber H-intelligente... 20x22;0,00;Stk;;;;;;;
Z516;Pylonenplakat-Behaglichkeitsstudie;0,00;Stk;;;;;;;
Z517;Aufkleber I love my job, klein, 200x43;0,71;Stk;;;;;;;
Z518;Aufkleber I love my job, groß, 250x45;1,08;Stk;;;;;;;
Z519;Transparent Technik zum Wohlfühlen 4x1;128,60;Stk;;;;;;;
Z520;Transparent Flächenheizung+Kühlung 4x1;128,60;Stk;;;;;;;
Z601;Schnapskarton mit 3 Flaschen;0,00;Stk;;;;;;;
Z602;Schnapsbuch mit 8 Flaschen;0,00;Stk;;;;;;;
Z603;Holzkisten Weihnachten Harreither;4,19;Stk;;;;;;;
Z604;Pokal H-Logo Kupfer klein, braun;0,00;Stk;;;;;;;
Z605;Pokal FC Harreither bronze, groß;69,68;Stk;;;;;;;
Z606;Pokal Firma Harreither bronze, groß;69,68;Stk;;;;;;;
Z607;Pokal Firma Harreither bronze, mittel;69,68;Stk;;;;;;;
Z608;Pokal Glas 25 Jahre Anerkennung;103,40;Stk;;;;;;;
Z609;Buch Lassen Geld ist eine Vision;21,42;Stk;;;;;;;
Z610;Buch Lassen Heute ist mein bester Tag;21,42;Stk;;;;;;;
Z611;Thermoskannen Harreither;8,67;Stk;;;;;;;
Z612;Holzkisten Harreither;5,03;Stk;;;;;;;
Z613;Weihnachtspaket 08 Essig/Öl;11,65;Stk;;;;;;;
Z650;Buch Fischer Finanzierungsberatung;0,00;Stk;;;;;;;
Z690;Bilderrahmen (Glas) 70x100;0,00;Stk;;;;;;;
Z691;Namensschilder (klarsicht);0,00;Stk;;;;;;;
Z692;Servietten Harreither;0,04;Stk;;;;;;;
Z693;Gläser Harreither;0,90;Stk;;;;;;;
Z694;Kaffeeschale mit Untertasse Harreither;9,00;Stk;;;;;;;
Z701;Imagebroschüre Harreither deutsch;0,78;Stk;;;;;;;
Z702;Imagebroschüre Harreither englisch;0,78;Stk;;;;;;;
Z703;Produktbroschüre Harreither deutsch;0,92;Stk;;;;;;;
Z704;Produktbroschüre Harreither englisch;0,92;Stk;;;;;;;
Z705;Produktbroschüre Harreither Zypern engl.;0,92;Stk;;;;;;;
Z706;Produktbroschüre Harreither /BRD;0,78;Stk;;;;;;;
Z707;Produktbroschüre Harreither slowenisch;0,00;Stk;;;;;;;
Z708;Produktbroschüre Harreither /Ungarn;0,83;Stk;;;;;;;
Z709;Produktbroschüre Harreither /Kroatien;0,83;Stk;;;;;;;
Z710;Produktbroschüre Harreither-Zypern, griechisch;0,83;Stk;;;;;;;
Z720;Klima Star Air 2-Seiter;0,00;Stk;;;;;;;
Z721;Combi Star HL 2-Seiter;0,00;Stk;;;;;;;
Z723;Klima Star 2-Seiter;0,00;Stk;;;;;;;
Z724;Produktaufbau-Know-How Aufbau;0,00;Stk;;;;;;;
Z725;Euroval 4-Seiter;0,00;Stk;;;;;;;
Z726;Solar4-Seiter;;;;;;;;;
Z727;HITHERM - 4 Seiter;;;;;;;;;
Z751;Multi Star Ö-HY (4-Seiter);0,15;Stk;;;;;;;
Z752;Mono Star Ö (2-Seiter);0,12;Stk;;;;;;;
Z753;Combi Star Ö-HY (2-Seiter);0,15;Stk;;;;;;;
Z754;Euroval-Fußbodenheizung (4-Seiter);0,26;Stk;;;;;;;
Z755;Hitherm-Klimawand (6-Seiter);0,38;Stk;;;;;;;
Z756;Hitherm-Compact (2-Seiter);0,15;Stk;;;;;;;
Z757;Modul-Klimaboden;0,06;Stk;;;;;;;
Z758;Universum-Selcet (2-Seiter);0,15;Stk;;;;;;;
Z759;Klima Star Familie- Wärmepumpe(4-Seiter);0,11;Stk;;;;;;;
Z760;Solar Star Energie zum Nulltarif;0,11;Stk;;;;;;;
Z761;Solar Star Harreither (2-Seiter);0,07;Stk;;;;;;;
Z762;Hisan-Prospekt (2-Seiter);0,06;Stk;;;;;;;
Z770;Angebotsmappe Harreither blau,alt,A3;0,33;Stk;;;;;;;
Z771;Garantieurkunde EUROVAL;0,40;Stk;;;;;;;
Z772;Garantieurkunde HITHERM;0,40;Stk;;;;;;;
Z773;Garantieurkunde HISAN;0,40;Stk;;;;;;;
Z775;Harreither-Ordner 30 mm (neues Logo);1,54;Stk;;;;;;;
Z790;Imagebroschüre Juwel;1,41;Stk;;;;;;;
Z801;Fensterkuvert Harreither A4;0,12;Stk;;;;;;;
Z802;Fensterkuvert Harreither C5/C6;0,06;Stk;;;;;;;
Z803;Briefpapier Harreither A4;0,07;Stk;;;;;;;
Z804;Kurzbriefe Harreither;0,05;Stk;;;;;;;
Z807;Messebogen Harreither A4;0,40;Stk;;;;;;;
Z808;Bsprechungsnotiz Harreither, 3-fach;0,33;Stk;;;;;;;
Z809;Urlaubsscheine (2-fach);0,19;Stk;;;;;;;
Z810;Rechnungsformulare 4-fach;0,07;Stk;;;;;;;
Z811;Kopierpapier A4 (normal) Pkg. zu 500 Stk;2,69;Stk;;;;;;;
Z812;Kopierpapier A4 für Laser Pkg. á 500 Stk;6,43;Stk;;;;;;;
Z813;Kopierpapier A3 Pkg. á 500 Stk;0,00;Stk;;;;;;;
Z890;Fensterkuvert Juwel A4;0,30;Stk;;;;;;;
Z891;Fensterkuvert Juwel C5/C6;0,28;Stk;;;;;;;
Z892;Notizblock Juwel A4;1,75;Stk;;;;;;;
Z893;Briefpapier Juwel, A5;0,06;Stk;;;;;;;
Z894;Briefpapier Juwel A4;0,07;Stk;;;;;;;
Z900;Harreither-Klima-Star WP Handbuch;0,00;Stk;;Ausgabe:;;;;;
Z901;Harreither-Modul-Klimaboden Handbuch;0,00;Stk;;Ausgabe:;;;;;
Z902;Harreither-Euroval-Handbuch;0,00;Stk;;Ausgabe:;;;;;
Z903;Harreither-Hitherm-Handbuch;0,00;Stk;;Ausgabe:;;;;;
Z904;XXXXXXXHarreither-Universum-Partner-Handbuch;0,00;Stk;;Ausgabe:;;;;;
Z905;Harreither-IES-Handbuch;0,00;Stk;;Ausgabe:;;;;;
Z906;Harreither-Hisan-Handbuch;0,00;Stk;;Ausgabe:;;;;;
Z907;Harreither-Universum-Anbieter-Handbuch;0,00;Stk;;Ausgabe:;;;;;
Z908;Harreither-Modul-Klimadecke Handbuch;0,00;Stk;;Ausgabe:;;;;;
Z915;Harreither-Preisliste 2009;0,00;Stk;;;;;;;
Z920;EUROVAL-Schnittmuster;0,00;Stk;;;;;;;
Z921;HITHERM-Wandheizungsregister (Musterregister kurz grau);0,00;Stk;;;;;;;
Z922;HITHERM-COMPACT - Schnittmuster;46,00;Stk;;;;;;;
Z923;HITHERM+ - Wandheizungsregister (Musterregister kurz rot);0,00;Stk;;;;;;;
Z924;MODUL-Klimaboden - Schnittmuster;18,50;Stk;;;;;;;
Z925;EUROVAL - Estrichmuster;0,00;Stk;;;;;;;
Z926;Solar-Schaustück Minikollektor im Koffer;0,00;Stk;;;;;;;
Z927;Solar-Schaustück Montagematerial;0,00;Stk;;im Musterkoffer;;;;;
Z928;Bauherren Infosatz CD Version;0,00;Stk;;;;;;;
Z929;Harreither Bauherren Info-Handbuch;0,00;Stk;;;;;;;
Z932;Modul-Kühldecke (Schnittmuster);0,00;Stk;;;;;;;
Z933;Roll-Up  SYSTEMHAUS;;;;;;;;;
Z934;Roll-Up  HEIZEN u. KÜHLEN;;;;;;;;;
ZZ01;Sonderlohncodes Produktion;;;;;;;;;