Artikelnummer;Name;Preis;Einheit;Verkaufsmenge;Artikelname;Artiketext;ArtikelnameEnglisch;ArtiketextEnglsich;Verkaufseinheit;;;;;
AG03;Mischermotor mit 2 m Kabel verdrahtet;114;Stk;1;mit 2 m Kabel verdrahtet, für den direkten Anbau auf den Mischer der MK-Gruppe, reversierbarer Synch;Mischermotor mit 2 m Kabel verdrahtet
mit 2 m Kabel verdrahtet, für den direkten Anbau auf den Mischer der MK-Gruppe, reversierbarer Synch
 für den
direkten Anbau auf den Mischer der
MK-Gruppe, reversierbarer
Synchronstellmotor, 230 V/50 Hz,
Laufzeit 2,5 min./90°, mit Nothand-
betrieb;mit 2 m Kabel verdrahtet, für den direkten Anbau auf den Mischer der MK-Gruppe, reversierbarer Synch;Mischermotor mit 2 m Kabel verdrahtet
mit 2 m Kabel verdrahtet, für den direkten Anbau auf den Mischer der MK-Gruppe, reversierbarer Synch
 für den
direkten Anbau auf den Mischer der
MK-Gruppe, reversierbarer
Synchronstellmotor, 230 V/50 Hz,
Laufzeit 2,5 min./90°, mit Nothand-
betrieb;Stk;;;;;
AG05;Wandkonsole mit Schrauben und Dübeln;61,8;Stk;1;für Verteilerbalken mit Dämmschalen inkl. Schrauben und Dübel;Wandkonsole mit Schrauben und Dübeln
für Verteilerbalken mit Dämmschalen inkl. Schrauben und Dübel;für Verteilerbalken mit Dämmschalen inkl. Schrauben und Dübel;Wandkonsole mit Schrauben und Dübeln
für Verteilerbalken mit Dämmschalen inkl. Schrauben und Dübel;Stk;;;;;
AG06;Verteilerbalken 5/4, 2 Heizkreise 02;274,8;Stk;1;mit Blockdämmunginkl. Verschraubungssatz 5/4;Verteilerbalken 5/4, 2 Heizkreise 02
mit Blockdämmunginkl. Verschraubungssatz 5/4;mit Blockdämmunginkl. Verschraubungssatz 5/4;Verteilerbalken 5/4, 2 Heizkreise 02
mit Blockdämmunginkl. Verschraubungssatz 5/4;Stk;;;;;
AG07;Verteilerbalken 5/4, 3 Heizkreise 02;356,3;Stk;1;mit Blockdämmunginkl. Verschraubungssatz 5/4;Verteilerbalken 5/4, 3 Heizkreise 02
mit Blockdämmunginkl. Verschraubungssatz 5/4;mit Blockdämmunginkl. Verschraubungssatz 5/4;Verteilerbalken 5/4, 3 Heizkreise 02
mit Blockdämmunginkl. Verschraubungssatz 5/4;Stk;;;;;
AG08;Solar-Modul-Anbaugruppe Wilo Yonos Para ST 25/7 RKC;522;Stk;1;;Solar-Modul-Anbaugruppe Wilo Yonos Para ST 25/7 RKC

Pumpengruppe UK-S mit Wandhalterung und
Ergänzungssatz "Solar" mit Sicherheits-
set 6 bar und Manometer 10 bar;;Solar-Modul-Anbaugruppe Wilo Yonos Para ST 25/7 RKC

Pumpengruppe UK-S mit Wandhalterung und
Ergänzungssatz "Solar" mit Sicherheits-
set 6 bar und Manometer 10 bar;Stk;;;;;
AG09;Systemtrenngruppe PWT 20 Platten mit Alpha 2L, 25-60;1331;Stk;1;komplett mit Energiesparpumpe, Anschlusskabel, zwei 3-Wege-Kugelhähne, 2 Kontaktthermometer, Kompakt;Systemtrenngruppe PWT 20 Platten mit Alpha 2L, 25-60
komplett mit Energiesparpumpe, Anschlusskabel, zwei 3-Wege-Kugelhähne, 2 Kontaktthermometer, Kompakt
komplett mit Umwälzpumpe Rotguss,
Anschlusskabel, zwei 4-Wege-Kugelhähne,
Kontaktthermometer,
Kompaktwärmetauscher, Sicherheitsgruppe,
Anschlussset für ein Ausdehnungsgefäß,
KFE-Hahn, Wandhalterung, EPP-Isolierung,
Anschlussverschruabungen
leistung 22 kW bei Primär 70°C/50°C,
Sekundär 35°C/40°C;komplett mit Energiesparpumpe, Anschlusskabel, zwei 3-Wege-Kugelhähne, 2 Kontaktthermometer, Kompakt;Systemtrenngruppe PWT 20 Platten mit Alpha 2L, 25-60
komplett mit Energiesparpumpe, Anschlusskabel, zwei 3-Wege-Kugelhähne, 2 Kontaktthermometer, Kompakt
komplett mit Umwälzpumpe Rotguss,
Anschlusskabel, zwei 4-Wege-Kugelhähne,
Kontaktthermometer,
Kompaktwärmetauscher, Sicherheitsgruppe,
Anschlussset für ein Ausdehnungsgefäß,
KFE-Hahn, Wandhalterung, EPP-Isolierung,
Anschlussverschruabungen
leistung 22 kW bei Primär 70°C/50°C,
Sekundär 35°C/40°C;Stk;;;;;
AG10;Verteilerbalken 5/4, 4 Heizkreise 02;477,6;Stk;1;mit Blockdämmunginkl. Verschraubungssatz 5/4;Verteilerbalken 5/4, 4 Heizkreise 02
mit Blockdämmunginkl. Verschraubungssatz 5/4;mit Blockdämmunginkl. Verschraubungssatz 5/4;Verteilerbalken 5/4, 4 Heizkreise 02
mit Blockdämmunginkl. Verschraubungssatz 5/4;Stk;;;;;
AG11;Harreither Heizungswart 1 bis 50 KW, ohne Weiche,;498;Stk;1;mit Magnetitabscheider;Harreither Heizungswart 1 bis 50 KW, ohne Weiche,
mit Magnetitabscheider;mit Magnetitabscheider;Harreither Heizungswart 1 bis 50 KW, ohne Weiche,
mit Magnetitabscheider;Stk;;;;;
AG12;Harreither Heizungswart 1 bis 50 KW, mit Weiche,;498;Stk;1;;Harreither Heizungswart 1 bis 50 KW, mit Weiche,
;;Harreither Heizungswart 1 bis 50 KW, mit Weiche,
;Stk;;;;;
AG13;Mischermotor 24V, Anst. 0-10V;522;Stk;1;;Mischermotor 24V, Anst. 0-10V
;;Mischermotor 24V, Anst. 0-10V
;Stk;;;;;
AG14;Festwertregler;503;Stk;1;mit 2m Kabel verdrahtet;Festwertregler
mit 2m Kabel verdrahtet;mit 2m Kabel verdrahtet;Festwertregler
mit 2m Kabel verdrahtet;Stk;;;;;
AG39;Konstantwertregelset 1;863;Stk;1;mit Grundfos-Pumpe UPS 25-60;Konstantwertregelset 1
mit Grundfos-Pumpe UPS 25-60;mit Grundfos-Pumpe UPS 25-60;Konstantwertregelset 1
mit Grundfos-Pumpe UPS 25-60;Stk;;;;;
AG40;Fußbodenheizungsmodul MK 1 ohne Pumpe;253,1;Stk;1;mit Blockdämmung und 3-Wege T-Mischer;Fußbodenheizungsmodul MK 1 ohne Pumpe
mit Blockdämmung und 3-Wege T-Mischer;mit Blockdämmung und 3-Wege T-Mischer;Fußbodenheizungsmodul MK 1 ohne Pumpe
mit Blockdämmung und 3-Wege T-Mischer;Stk;;;;;
AG41;Fußbodenheizungsmodul MK 1 mit Wilo Para 25/7-50/SC-12;505;Stk;1;;Fußbodenheizungsmodul MK 1 mit Wilo Para 25/7-50/SC-12
;;Fußbodenheizungsmodul MK 1 mit Wilo Para 25/7-50/SC-12
;Stk;;;;;
AG42;Fußbodenheizungsmodul MK 1 mit Wilo Stratos Pico 25/1-6;658;Stk;1;inkl. Winkelstecker;Fußbodenheizungsmodul MK 1 mit Wilo Stratos Pico 25/1-6
inkl. Winkelstecker;inkl. Winkelstecker;Fußbodenheizungsmodul MK 1 mit Wilo Stratos Pico 25/1-6
inkl. Winkelstecker;Stk;;;;;
AG43;Fußbodenheizungsmodul MK 1 mit Wilo Stratos Para 25/1-8;833;Stk;1;;Fußbodenheizungsmodul MK 1 mit Wilo Stratos Para 25/1-8
;;Fußbodenheizungsmodul MK 1 mit Wilo Stratos Para 25/1-8
;Stk;;;;;
AG45;Fußbodenheizungsmodul MK 5/4 ohne Pumpe;338,3;Stk;1;;Fußbodenheizungsmodul MK 5/4 ohne Pumpe
;;Fußbodenheizungsmodul MK 5/4 ohne Pumpe
;Stk;;;;;
AG46;Fußbodenheizungsmodul MK 5/4 mit Wilo Stratos Pico 30/1-6;810;Stk;1;inkl. Winkelstecker;Fußbodenheizungsmodul MK 5/4 mit Wilo Stratos Pico 30/1-6
inkl. Winkelstecker;inkl. Winkelstecker;Fußbodenheizungsmodul MK 5/4 mit Wilo Stratos Pico 30/1-6
inkl. Winkelstecker;Stk;;;;;
AG47;Fußbodenheizungsmodul MK 5/4 mit Stratos Para 30/1-8;920;Stk;1;;Fußbodenheizungsmodul MK 5/4 mit Stratos Para 30/1-8
;;Fußbodenheizungsmodul MK 5/4 mit Stratos Para 30/1-8
;Stk;;;;;
AG50;Boilerlademodul UK 1 ohne Pumpe;199,2;Stk;1;mit Blockdämmung, ungemischter Kreis;Boilerlademodul UK 1 ohne Pumpe
mit Blockdämmung, ungemischter Kreis;mit Blockdämmung, ungemischter Kreis;Boilerlademodul UK 1 ohne Pumpe
mit Blockdämmung, ungemischter Kreis;Stk;;;;;
AG51;Boilerlademodul UK 1 mit Wilo Yonos Para 25/7-50/SC-12;442,7;Stk;1;;Boilerlademodul UK 1 mit Wilo Yonos Para 25/7-50/SC-12
;;Boilerlademodul UK 1 mit Wilo Yonos Para 25/7-50/SC-12
;Stk;;;;;
AG52;Boilerlademodul UK 1 mit Wilo Stratos Pico 25/1-6;606;Stk;1;inkl. Winkelstecker;Boilerlademodul UK 1 mit Wilo Stratos Pico 25/1-6
inkl. Winkelstecker;inkl. Winkelstecker;Boilerlademodul UK 1 mit Wilo Stratos Pico 25/1-6
inkl. Winkelstecker;Stk;;;;;
AG53;Boilerlademodul UK 1 mit Stratos Para 25/1-8;778;Stk;1;;Boilerlademodul UK 1 mit Stratos Para 25/1-8
;;Boilerlademodul UK 1 mit Stratos Para 25/1-8
;Stk;;;;;
AG55;Boilerlademodul UK 5/4 ohne Pumpe;248,5;Stk;1;;Boilerlademodul UK 5/4 ohne Pumpe
;;Boilerlademodul UK 5/4 ohne Pumpe
;Stk;;;;;
AG56;Boilerlademodul UK 5/4 mit Wilo Stratos Pico 30/1-6;720;Stk;1;inkl. Winkelstecker;Boilerlademodul UK 5/4 mit Wilo Stratos Pico 30/1-6
inkl. Winkelstecker;inkl. Winkelstecker;Boilerlademodul UK 5/4 mit Wilo Stratos Pico 30/1-6
inkl. Winkelstecker;Stk;;;;;
AG57;Boilerlademodul UK 5/4 mit Stratos Para 30/1-8;830;Stk;1;;Boilerlademodul UK 5/4 mit Stratos Para 30/1-8
;;Boilerlademodul UK 5/4 mit Stratos Para 30/1-8
;Stk;;;;;
AG96;Beimischstation zu Verteiler 6m Pumpe mit HE-Lang-Pumpe;820;Stk;1;mit integriertem Systemtemperaturbegrenzer;Beimischstation zu Verteiler 6m Pumpe mit HE-Lang-Pumpe
mit integriertem Systemtemperaturbegrenzer;mit integriertem Systemtemperaturbegrenzer;Beimischstation zu Verteiler 6m Pumpe mit HE-Lang-Pumpe
mit integriertem Systemtemperaturbegrenzer;Stk;;;;;
AG97;Systemtrenngruppe PWT 36 Platten mit Alpha 2L, 25-60;1858;Stk;1;;Systemtrenngruppe PWT 36 Platten mit Alpha 2L, 25-60
;;Systemtrenngruppe PWT 36 Platten mit Alpha 2L, 25-60
;Stk;;;;;
AG99;Bausatz 41 für Mischermotor SM4;8,14;Stk;1;für den direkten Anbau auf den Mischerder MK-Gruppe;Bausatz 41 für Mischermotor SM4
für den direkten Anbau auf den Mischerder MK-Gruppe;für den direkten Anbau auf den Mischerder MK-Gruppe;Bausatz 41 für Mischermotor SM4
für den direkten Anbau auf den Mischerder MK-Gruppe;Stk;;;;;
CH01;COMBI STAR HLS 750 (mit 2,3 m² Solarregister);3562;Stk;1;inkl. EPS Hartschaumdämmung mit Vlieseinlage und Polystyrol- Außendeckschicht 90 mm, 3 Stk. Thermome;COMBI STAR HLS 750 (mit 2,3 m² Solarregister)
inkl. EPS Hartschaumdämmung mit Vlieseinlage und Polystyrol- Außendeckschicht 90 mm, 3 Stk. Thermome
Hochleistungsspeicher mit serienmäßig
eingebauter, patentierter
Schichtladelanze zur Ladung des
Puffervolumens in temperatur-
äuquivalenter Höhe. Die Kombination von
Lastausgleichspeicher
und hygienischer Warmwasserbereitung
ermöglicht höchste
Effizienz beim Beladen durch externe
Wärmeeerzeuger, wie z.B.
Festbrennstoff, Wärmepumpe, Öl-oder
Gaskesssel.
Der zusätzlich integrierte 2,3m²
Glattrohrwärmetauscher dient zur
Einspeisung für alternative Energien.
Serienmäßig eingebaute Muffen
ermöglichen durch Anschluss eines
Erweiterungspuffers die Verdoppelung
des Puffervolumens.
Die Wärmedämmung in
Weichschaumausführung mit silbergrauer
Folienbeschichtung ist seitlich mit
125mm, oben mit 200mm Stärke ausgeführt.
Die hygienische Warmwasserbereitung
erfolgt mittels optional erhältlichem
Frischwassermodul, welches am Combi
Star® HL montiert werden kann. Ebenso
können die für die Anlage erforderlichen
Regelgruppen direkt aufgebaut werden
(bis zu 3 Stk. inkl. Verteilerbalken),
wodurch sich ein hohes Maß an
Platzeinsparung ergibt.
-Puffervolumen 720 Liter
-Max. zulässiger Anlagenbetriebsdruck 3
bar
-Max. Speichertemperatur 90°;inkl. EPS Hartschaumdämmung mit Vlieseinlage und Polystyrol- Außendeckschicht 90 mm, 3 Stk. Thermome;COMBI STAR HLS 750 (mit 2,3 m² Solarregister)
inkl. EPS Hartschaumdämmung mit Vlieseinlage und Polystyrol- Außendeckschicht 90 mm, 3 Stk. Thermome
Hochleistungsspeicher mit serienmäßig
eingebauter, patentierter
Schichtladelanze zur Ladung des
Puffervolumens in temperatur-
äuquivalenter Höhe. Die Kombination von
Lastausgleichspeicher
und hygienischer Warmwasserbereitung
ermöglicht höchste
Effizienz beim Beladen durch externe
Wärmeeerzeuger, wie z.B.
Festbrennstoff, Wärmepumpe, Öl-oder
Gaskesssel.
Der zusätzlich integrierte 2,3m²
Glattrohrwärmetauscher dient zur
Einspeisung für alternative Energien.
Serienmäßig eingebaute Muffen
ermöglichen durch Anschluss eines
Erweiterungspuffers die Verdoppelung
des Puffervolumens.
Die Wärmedämmung in
Weichschaumausführung mit silbergrauer
Folienbeschichtung ist seitlich mit
125mm, oben mit 200mm Stärke ausgeführt.
Die hygienische Warmwasserbereitung
erfolgt mittels optional erhältlichem
Frischwassermodul, welches am Combi
Star® HL montiert werden kann. Ebenso
können die für die Anlage erforderlichen
Regelgruppen direkt aufgebaut werden
(bis zu 3 Stk. inkl. Verteilerbalken),
wodurch sich ein hohes Maß an
Platzeinsparung ergibt.
-Puffervolumen 720 Liter
-Max. zulässiger Anlagenbetriebsdruck 3
bar
-Max. Speichertemperatur 90°;Stk;;;;;
CH03;COMBI STAR HL 900 (ohne Solarregister);3415;Stk;1;inkl. EPS Hartschaumdämmung mit Vlieseinlage und Polystyrol- Außendeckschicht 90 mm, 3 Stk. Thermome;COMBI STAR HL 900 (ohne Solarregister)
inkl. EPS Hartschaumdämmung mit Vlieseinlage und Polystyrol- Außendeckschicht 90 mm, 3 Stk. Thermome
Hochleistungsspeicher mit serienmäßig
eingebauter, patentierter
Schichtladelanze zur Ladung des
Puffervolumens in temperatur-
äuquivalenter Höhe. Die Kombination von
Lastausgleichspeicher
und hygienischer Warmwasserbereitung
ermöglicht höchste
Effizienz beim Beladen durch externe
Wärmeeerzeuger, wie z.B.
Festbrennstoff, Wärmepumpe, Öl-oder
Gaskesssel.
 
Serienmäßig eingebaute Muffen
ermöglichen durch Anschluss eines
Erweiterungspuffers die Verdoppelung
des Puffervolumens.
 
ohne Solarregister
inkl. EPS Hartschaumdämmung mit Vliesein
 
Die hygienische Warmwasserbereitung
erfolgt mittels optional erhältlichem
Frischwassermodul, welches am Combi
Star® HL montiert werden kann. Ebenso
können die für die Anlage erforderlichen
Regelgruppen direkt aufgebaut werden
(bis zu 3 Stk. inkl. Verteilerbalken),
wodurch sich ein hohes Maß an
Platzeinsparung ergibt.
-Puffervolumen 875 Liter
-Max. zulässiger Anlagenbetriebsdruck 3
bar
-Max. Speichertemperatur 90°;inkl. EPS Hartschaumdämmung mit Vlieseinlage und Polystyrol- Außendeckschicht 90 mm, 3 Stk. Thermome;COMBI STAR HL 900 (ohne Solarregister)
inkl. EPS Hartschaumdämmung mit Vlieseinlage und Polystyrol- Außendeckschicht 90 mm, 3 Stk. Thermome
Hochleistungsspeicher mit serienmäßig
eingebauter, patentierter
Schichtladelanze zur Ladung des
Puffervolumens in temperatur-
äuquivalenter Höhe. Die Kombination von
Lastausgleichspeicher
und hygienischer Warmwasserbereitung
ermöglicht höchste
Effizienz beim Beladen durch externe
Wärmeeerzeuger, wie z.B.
Festbrennstoff, Wärmepumpe, Öl-oder
Gaskesssel.
 
Serienmäßig eingebaute Muffen
ermöglichen durch Anschluss eines
Erweiterungspuffers die Verdoppelung
des Puffervolumens.
 
ohne Solarregister
inkl. EPS Hartschaumdämmung mit Vliesein
 
Die hygienische Warmwasserbereitung
erfolgt mittels optional erhältlichem
Frischwassermodul, welches am Combi
Star® HL montiert werden kann. Ebenso
können die für die Anlage erforderlichen
Regelgruppen direkt aufgebaut werden
(bis zu 3 Stk. inkl. Verteilerbalken),
wodurch sich ein hohes Maß an
Platzeinsparung ergibt.
-Puffervolumen 875 Liter
-Max. zulässiger Anlagenbetriebsdruck 3
bar
-Max. Speichertemperatur 90°;Stk;;;;;
CH04;COMBI STAR HLS 900 (mit 3,2 m² Solarregister);3834;Stk;1;inkl. EPS Hartschaumdämmung mit Vlieseinlage und Polystyrol- Außendeckschicht 90 mm, 3 Stk. Thermome;COMBI STAR HLS 900 (mit 3,2 m² Solarregister)
inkl. EPS Hartschaumdämmung mit Vlieseinlage und Polystyrol- Außendeckschicht 90 mm, 3 Stk. Thermome
Hochleistungsspeicher mit serienmäßig
eingebauter, patentierter
Schichtladelanze zur Ladung des
Puffervolumens in temperatur-
äuquivalenter Höhe. Die Kombination von
Lastausgleichspeicher
und hygienischer Warmwasserbereitung
ermöglicht höchste
Effizienz beim Beladen durch externe
Wärmeeerzeuger, wie z.B.
Festbrennstoff, Wärmepumpe, Öl-oder
Gaskesssel.
Der zusätzlich integrierte 3,2m²
Glattrohrwärmetauscher dient zur
Einspeisung für alternative Energien.
Serienmäßig eingebaute Muffen
ermöglichen durch Anschluss eines
Erweiterungspuffers die Verdoppelung
des Puffervolumens.
 
inkl. EPS Hartschaumdämmung mit Vliesein
 
Die hygienische Warmwasserbereitung
erfolgt mittels optional erhältlichem
Frischwassermodul, welches am Combi
Star® HL montiert werden kann. Ebenso
können die für die Anlage erforderlichen
Regelgruppen direkt aufgebaut werden
(bis zu 3 Stk. inkl. Verteilerbalken),
wodurch sich ein hohes Maß an
Platzeinsparung ergibt.
-Puffervolumen 850 Liter
-Max. zulässiger Anlagenbetriebsdruck 3
bar
-Max. Speichertemperatur 90°;inkl. EPS Hartschaumdämmung mit Vlieseinlage und Polystyrol- Außendeckschicht 90 mm, 3 Stk. Thermome;COMBI STAR HLS 900 (mit 3,2 m² Solarregister)
inkl. EPS Hartschaumdämmung mit Vlieseinlage und Polystyrol- Außendeckschicht 90 mm, 3 Stk. Thermome
Hochleistungsspeicher mit serienmäßig
eingebauter, patentierter
Schichtladelanze zur Ladung des
Puffervolumens in temperatur-
äuquivalenter Höhe. Die Kombination von
Lastausgleichspeicher
und hygienischer Warmwasserbereitung
ermöglicht höchste
Effizienz beim Beladen durch externe
Wärmeeerzeuger, wie z.B.
Festbrennstoff, Wärmepumpe, Öl-oder
Gaskesssel.
Der zusätzlich integrierte 3,2m²
Glattrohrwärmetauscher dient zur
Einspeisung für alternative Energien.
Serienmäßig eingebaute Muffen
ermöglichen durch Anschluss eines
Erweiterungspuffers die Verdoppelung
des Puffervolumens.
 
inkl. EPS Hartschaumdämmung mit Vliesein
 
Die hygienische Warmwasserbereitung
erfolgt mittels optional erhältlichem
Frischwassermodul, welches am Combi
Star® HL montiert werden kann. Ebenso
können die für die Anlage erforderlichen
Regelgruppen direkt aufgebaut werden
(bis zu 3 Stk. inkl. Verteilerbalken),
wodurch sich ein hohes Maß an
Platzeinsparung ergibt.
-Puffervolumen 850 Liter
-Max. zulässiger Anlagenbetriebsdruck 3
bar
-Max. Speichertemperatur 90°;Stk;;;;;
CH06;COMBI STAR HL 600 (ohne Solarregister);3055;Stk;1;inkl. EPS Hartschaumdämmung mit Vlieseinlage und Polystyrol- Außendeckschicht 90 mm, 3 Stk. Thermome;COMBI STAR HL 600 (ohne Solarregister)
inkl. EPS Hartschaumdämmung mit Vlieseinlage und Polystyrol- Außendeckschicht 90 mm, 3 Stk. Thermome
Hochleistungsspeicher mit serienmäßig
eingebauter, patentierter
Schichtladelanze zur Ladung des
Puffervolumens in temperatur-
äuquivalenter Höhe. Die Kombination von
Lastausgleichspeicher
und hygienischer Warmwasserbereitung
ermöglicht höchste
Effizienz beim Beladen durch externe
Wärmeeerzeuger, wie z.B.
Festbrennstoff, Wärmepumpe, Öl-oder
Gaskesssel.
 
Serienmäßig eingebaute Muffen
ermöglichen durch Anschluss eines
Erweiterungspuffers die Verdoppelung
des Puffervolumens.
 
ohne Solarregister
inkl. EPS Hartschaumdämmung mit Vliesein
 
Die hygienische Warmwasserbereitung
erfolgt mittels optional erhältlichem
Frischwassermodul, welches am Combi
Star® HL montiert werden kann. Ebenso
können die für die Anlage erforderlichen
Regelgruppen direkt aufgebaut werden
(bis zu 3 Stk. inkl. Verteilerbalken),
wodurch sich ein hohes Maß an
Platzeinsparung ergibt.
-Puffervolumen 615 Liter
-Max. zulässiger Anlagenbetriebsdruck 3
bar
-Max. Speichertemperatur 90°;inkl. EPS Hartschaumdämmung mit Vlieseinlage und Polystyrol- Außendeckschicht 90 mm, 3 Stk. Thermome;COMBI STAR HL 600 (ohne Solarregister)
inkl. EPS Hartschaumdämmung mit Vlieseinlage und Polystyrol- Außendeckschicht 90 mm, 3 Stk. Thermome
Hochleistungsspeicher mit serienmäßig
eingebauter, patentierter
Schichtladelanze zur Ladung des
Puffervolumens in temperatur-
äuquivalenter Höhe. Die Kombination von
Lastausgleichspeicher
und hygienischer Warmwasserbereitung
ermöglicht höchste
Effizienz beim Beladen durch externe
Wärmeeerzeuger, wie z.B.
Festbrennstoff, Wärmepumpe, Öl-oder
Gaskesssel.
 
Serienmäßig eingebaute Muffen
ermöglichen durch Anschluss eines
Erweiterungspuffers die Verdoppelung
des Puffervolumens.
 
ohne Solarregister
inkl. EPS Hartschaumdämmung mit Vliesein
 
Die hygienische Warmwasserbereitung
erfolgt mittels optional erhältlichem
Frischwassermodul, welches am Combi
Star® HL montiert werden kann. Ebenso
können die für die Anlage erforderlichen
Regelgruppen direkt aufgebaut werden
(bis zu 3 Stk. inkl. Verteilerbalken),
wodurch sich ein hohes Maß an
Platzeinsparung ergibt.
-Puffervolumen 615 Liter
-Max. zulässiger Anlagenbetriebsdruck 3
bar
-Max. Speichertemperatur 90°;Stk;;;;;
CH20;Harreither Beistellpuffer 750;2516;Stk;1;Lastausgleich und Wärmedepotinkl. EPS Hartschaumdämmung mit Vlieseinlage und Polystyrol- Außendecksc;Harreither Beistellpuffer 750
Lastausgleich und Wärmedepotinkl. EPS Hartschaumdämmung mit Vlieseinlage und Polystyrol- Außendecksc
Lastausgleich und Wärmedepot
inkl. EPS Hartschaumdämmung mit
Vlieseinlage und Polystyrol-
Außendeckschicht 90 mm
Abmessungen:
Höhe: 2000 mm
Durchmesser: 990 mm
Dämmstärke oben: 200mm
zul. Betriebsdruck: 3 bar
Gewicht: ~ 104 kg
Inhalt: 720 Liter;Lastausgleich und Wärmedepotinkl. EPS Hartschaumdämmung mit Vlieseinlage und Polystyrol- Außendecksc;Harreither Beistellpuffer 750
Lastausgleich und Wärmedepotinkl. EPS Hartschaumdämmung mit Vlieseinlage und Polystyrol- Außendecksc
Lastausgleich und Wärmedepot
inkl. EPS Hartschaumdämmung mit
Vlieseinlage und Polystyrol-
Außendeckschicht 90 mm
Abmessungen:
Höhe: 2000 mm
Durchmesser: 990 mm
Dämmstärke oben: 200mm
zul. Betriebsdruck: 3 bar
Gewicht: ~ 104 kg
Inhalt: 720 Liter;Stk;;;;;
CH21;Harreither Beistellpuffer 900;2748;Stk;1;Lastausgleich und Wärmedepotinkl. EPS Hartschaumdämmung mit Vlieseinlage und Polystyrol- Außendecksc;Harreither Beistellpuffer 900
Lastausgleich und Wärmedepotinkl. EPS Hartschaumdämmung mit Vlieseinlage und Polystyrol- Außendecksc
Lastausgleich und Wärmedepot
inkl. EPS Hartschaumdämmung mit
Vlieseinlage und Polystyrol-
Außendeckschicht 90 mm
Abmessungen:
Höhe: 2295 mm
Durchmesser: 990 mm
Dämmstärke oben: 200mm
zul. Betriebsdruck: 3 bar
Gewicht: ~ 136 kg
Inhalt: 860 Liter;Lastausgleich und Wärmedepotinkl. EPS Hartschaumdämmung mit Vlieseinlage und Polystyrol- Außendecksc;Harreither Beistellpuffer 900
Lastausgleich und Wärmedepotinkl. EPS Hartschaumdämmung mit Vlieseinlage und Polystyrol- Außendecksc
Lastausgleich und Wärmedepot
inkl. EPS Hartschaumdämmung mit
Vlieseinlage und Polystyrol-
Außendeckschicht 90 mm
Abmessungen:
Höhe: 2295 mm
Durchmesser: 990 mm
Dämmstärke oben: 200mm
zul. Betriebsdruck: 3 bar
Gewicht: ~ 136 kg
Inhalt: 860 Liter;Stk;;;;;
CH30;Frischwassermodul 41/27 L (Cu-Lot) mit  Hocheffizienzpumpe;2184;Stk;1;Frischwassermodul  FWM 35l Cu-Lot mit Hocheffizienz-pumpe. Leistung ca. 100 kW, mit max. ca.41 Liter;Frischwassermodul 41/27 L (Cu-Lot) mit  Hocheffizienzpumpe
Frischwassermodul  FWM 35l Cu-Lot mit Hocheffizienz-pumpe. Leistung ca. 100 kW, mit max. ca.41 Liter
Frischwassermodul  FWM 35l Cu-Lot mit
Hocheffizienz-pumpe. Leistung ca. 100
kW, mit max. ca.41 Liter Schüttleistung
/min. bei Puffervorlauf >=+60°C.
BESONDERHEITEN:
Automatische, steckerfertige
Drehzahlregulierung der Umwälzpumpe.
Thermoventil zur Begrenzung der
Wärmetauscher Eintrittstemperatur.
Festwert +60°C
Kernbestandteile: Hocheffizienzpumpe für
Pufferum-wälzung, gesteuert über
Strömungsschalter 230V mit Anlaufschutz.
mit thermisch langem
Plattenwärmetauscher 40 Platten, Fläche
2,39m², Füll-& Spülöffnungen.
Mit im Lieferumfang: Absperrung für
Pufferseite, Halte-bügel für
Wandmontage, Rückflussverhinderer im
Puffer RL, Dämmung,
Befestigungsschrauben für Wandmontage
und Montage am Harreither Combi Star HL
inkl. Reduktionsmuffen 5/4" IG auf 1"AG,
Alle Abgänge in 1" AG;Frischwassermodul  FWM 35l Cu-Lot mit Hocheffizienz-pumpe. Leistung ca. 100 kW, mit max. ca.41 Liter;Frischwassermodul 41/27 L (Cu-Lot) mit  Hocheffizienzpumpe
Frischwassermodul  FWM 35l Cu-Lot mit Hocheffizienz-pumpe. Leistung ca. 100 kW, mit max. ca.41 Liter
Frischwassermodul  FWM 35l Cu-Lot mit
Hocheffizienz-pumpe. Leistung ca. 100
kW, mit max. ca.41 Liter Schüttleistung
/min. bei Puffervorlauf >=+60°C.
BESONDERHEITEN:
Automatische, steckerfertige
Drehzahlregulierung der Umwälzpumpe.
Thermoventil zur Begrenzung der
Wärmetauscher Eintrittstemperatur.
Festwert +60°C
Kernbestandteile: Hocheffizienzpumpe für
Pufferum-wälzung, gesteuert über
Strömungsschalter 230V mit Anlaufschutz.
mit thermisch langem
Plattenwärmetauscher 40 Platten, Fläche
2,39m², Füll-& Spülöffnungen.
Mit im Lieferumfang: Absperrung für
Pufferseite, Halte-bügel für
Wandmontage, Rückflussverhinderer im
Puffer RL, Dämmung,
Befestigungsschrauben für Wandmontage
und Montage am Harreither Combi Star HL
inkl. Reduktionsmuffen 5/4" IG auf 1"AG,
Alle Abgänge in 1" AG;Stk;;;;;
CH31;Frischwassermodul 65/35 L (Cu-Lot) mit  Hocheffizienzpumpe;3063;Stk;1;Frischwassermodul FWM 50l Cu-Lot mit Hocheffizienz-pumpe. Frischwasserstation HE 65l/min max.162kWAu;Frischwassermodul 65/35 L (Cu-Lot) mit  Hocheffizienzpumpe
Frischwassermodul FWM 50l Cu-Lot mit Hocheffizienz-pumpe. Frischwasserstation HE 65l/min max.162kWAu
Frischwassermodul FWM 50l Cu-Lot mit
Hocheffizienz-pumpe. 
Frischwasserstation HE 65l/min max.162kW
Automatische, steckerfertige
Drehzahlregulierung der Umwälzpumpe.
Puffermaximaltemperaturbegrenzung
thermisch auf +65°C,
mit Thermoeinsatz zum Wechseln +75°C für
thermische Desinfektion
KERNBESTANDTEILE:
Hocheffizienzpumpe, RL- Fühler,
Strömungsschalter 230V, Steuerung
steckerfertig verkabelt. Thermoventil
zur Begrenzung der Pufferzulauftemp.
Festwert +65°C,
thermisch langer Tauscher m. 50 Platten,
Fläche 2,88m²
MIT IM LIEFERUMFANG:
Absperrung für Pufferseite, Haltebügel
für Wandmontage,
Rückflussverhindere im Puffer RL,
Spülöffnungen für WW-Seite, Entlüfter
für Pufferkreis, Dämmung sowie
Thermo-einsatz +75°C,
Befestigungsschrauben für Wandmontage 
Reduktionsmuffen 5/4" IG auf 1"AG,
Abgänge für Pufferkreis: 11/4" AG,
Abgänge für Warmwasserseite 1"AG
Abmessungen in mm: H:760 / B:480 /
T:260mm Gewicht 23,8kg;Frischwassermodul FWM 50l Cu-Lot mit Hocheffizienz-pumpe. Frischwasserstation HE 65l/min max.162kWAu;Frischwassermodul 65/35 L (Cu-Lot) mit  Hocheffizienzpumpe
Frischwassermodul FWM 50l Cu-Lot mit Hocheffizienz-pumpe. Frischwasserstation HE 65l/min max.162kWAu
Frischwassermodul FWM 50l Cu-Lot mit
Hocheffizienz-pumpe. 
Frischwasserstation HE 65l/min max.162kW
Automatische, steckerfertige
Drehzahlregulierung der Umwälzpumpe.
Puffermaximaltemperaturbegrenzung
thermisch auf +65°C,
mit Thermoeinsatz zum Wechseln +75°C für
thermische Desinfektion
KERNBESTANDTEILE:
Hocheffizienzpumpe, RL- Fühler,
Strömungsschalter 230V, Steuerung
steckerfertig verkabelt. Thermoventil
zur Begrenzung der Pufferzulauftemp.
Festwert +65°C,
thermisch langer Tauscher m. 50 Platten,
Fläche 2,88m²
MIT IM LIEFERUMFANG:
Absperrung für Pufferseite, Haltebügel
für Wandmontage,
Rückflussverhindere im Puffer RL,
Spülöffnungen für WW-Seite, Entlüfter
für Pufferkreis, Dämmung sowie
Thermo-einsatz +75°C,
Befestigungsschrauben für Wandmontage 
Reduktionsmuffen 5/4" IG auf 1"AG,
Abgänge für Pufferkreis: 11/4" AG,
Abgänge für Warmwasserseite 1"AG
Abmessungen in mm: H:760 / B:480 /
T:260mm Gewicht 23,8kg;Stk;;;;;
CH32;Frischwassermodul HE UL 77/55 L mit Hocheffizienzpumpe;0;Stk;1;;Frischwassermodul HE UL 77/55 L mit Hocheffizienzpumpe

auf Anfrage;;Frischwassermodul HE UL 77/55 L mit Hocheffizienzpumpe

auf Anfrage;Stk;;;;;
CH34;Frischwassermodul 41/27 L (SEALIX-Schutz) m.Hocheffizienzp.;2907;Stk;1;Frischwassermodul FWM 35l,  Sealix®,zusätzlicherKorrosionsschutz, gelöteter Plattenwärmetauscher mit;Frischwassermodul 41/27 L (SEALIX-Schutz) m.Hocheffizienzp.
Frischwassermodul FWM 35l,  Sealix®,zusätzlicherKorrosionsschutz, gelöteter Plattenwärmetauscher mit;Frischwassermodul FWM 35l,  Sealix®,zusätzlicherKorrosionsschutz, gelöteter Plattenwärmetauscher mit;Frischwassermodul 41/27 L (SEALIX-Schutz) m.Hocheffizienzp.
Frischwassermodul FWM 35l,  Sealix®,zusätzlicherKorrosionsschutz, gelöteter Plattenwärmetauscher mit;Stk;;;;;
CH40;Zirkulationspumpeneinheit Frischwassermudul;504;Stk;1;Zirkulationsset zu Frischwassermodul FWM 35l  Set umfaßt:hocheffiziente Zirkulationspumpe Förderhöhe;Zirkulationspumpeneinheit Frischwassermudul
Zirkulationsset zu Frischwassermodul FWM 35l  Set umfaßt:hocheffiziente Zirkulationspumpe Förderhöhe
Zirkulationsset zu Frischwassermodul FWM
35l  
Set umfaßt:hocheffiziente
Zirkulationspumpe Förderhöhe: 1,2m
Fördermenge: 0,8m³/h / Mediumtemperatur
: 2C° bis max. 95°C,
Umgebungstemperatur: max. 40°C,
Betriebsdruck: max.10 bar,
Rohranschluss: Rp 1/2" / Einbaulänge: 80
mm / Leistungsaufnahme: 8 Watt,
elektrischer Anschluss: 220V/50HZ
(Schutzklasse: IP44)
1x Einbindesatz Zirk-Pumpe (mit
Absperrung und Rückschlagventil,
Weiterführung 1/2" AG) 1x Einbindung für
Zirk-Satz in Kaltwasserstrang (1" ÜM zum
Anschluss an KW-Zugang Station, 1/2"IG
für Aufnahme Zirk-Satz 1"AG für
Anschluss Kaltwasserzulauf
Frischwassermodul 
1x Schukkosteckerkabel mit 1,5 Meter für
Herstellung Elektoranschluss;Zirkulationsset zu Frischwassermodul FWM 35l  Set umfaßt:hocheffiziente Zirkulationspumpe Förderhöhe;Zirkulationspumpeneinheit Frischwassermudul
Zirkulationsset zu Frischwassermodul FWM 35l  Set umfaßt:hocheffiziente Zirkulationspumpe Förderhöhe
Zirkulationsset zu Frischwassermodul FWM
35l  
Set umfaßt:hocheffiziente
Zirkulationspumpe Förderhöhe: 1,2m
Fördermenge: 0,8m³/h / Mediumtemperatur
: 2C° bis max. 95°C,
Umgebungstemperatur: max. 40°C,
Betriebsdruck: max.10 bar,
Rohranschluss: Rp 1/2" / Einbaulänge: 80
mm / Leistungsaufnahme: 8 Watt,
elektrischer Anschluss: 220V/50HZ
(Schutzklasse: IP44)
1x Einbindesatz Zirk-Pumpe (mit
Absperrung und Rückschlagventil,
Weiterführung 1/2" AG) 1x Einbindung für
Zirk-Satz in Kaltwasserstrang (1" ÜM zum
Anschluss an KW-Zugang Station, 1/2"IG
für Aufnahme Zirk-Satz 1"AG für
Anschluss Kaltwasserzulauf
Frischwassermodul 
1x Schukkosteckerkabel mit 1,5 Meter für
Herstellung Elektoranschluss;Stk;;;;;
CH41;Thermoeinsatz 75 für Frischwassermodul;37,4;Stk;1;Thermoeinsatz +75° Für Festwertmischer Frischwassermodul FWM 35l;Thermoeinsatz 75 für Frischwassermodul
Thermoeinsatz +75° Für Festwertmischer Frischwassermodul FWM 35l
Thermoeinsatz +75° Für Festwertmischer
Frischwassermodul FWM 35l;Thermoeinsatz +75° Für Festwertmischer Frischwassermodul FWM 35l;Thermoeinsatz 75 für Frischwassermodul
Thermoeinsatz +75° Für Festwertmischer Frischwassermodul FWM 35l
Thermoeinsatz +75° Für Festwertmischer
Frischwassermodul FWM 35l;Stk;;;;;
CH42;Anschlussgarnitur Frischwassermodul für Combi-HL NEU;122,8;Stk;1;Anschlussset für Speichermontage Harreither Combi Star HL bestehend aus:2 x Edelstahlrohr für Speich;Anschlussgarnitur Frischwassermodul für Combi-HL NEU
Anschlussset für Speichermontage Harreither Combi Star HL bestehend aus:2 x Edelstahlrohr für Speich
Anschlussset für Speichermontage
Harreither Combi Star HL bestehend aus:
2 x Edelstahlrohr für Speichereinbindung
2 x Eckverschraubung für Einbindung der
Edelstahlrohre am Frischwassermodul FWM
35l
6 x Flachdichtungen 1";Anschlussset für Speichermontage Harreither Combi Star HL bestehend aus:2 x Edelstahlrohr für Speich;Anschlussgarnitur Frischwassermodul für Combi-HL NEU
Anschlussset für Speichermontage Harreither Combi Star HL bestehend aus:2 x Edelstahlrohr für Speich
Anschlussset für Speichermontage
Harreither Combi Star HL bestehend aus:
2 x Edelstahlrohr für Speichereinbindung
2 x Eckverschraubung für Einbindung der
Edelstahlrohre am Frischwassermodul FWM
35l
6 x Flachdichtungen 1";Stk;;;;;
CH43;Anschlussgarnitur Frischwassermodul für Combi-HL (Serie 1);323,1;Stk;1;Anschlussset für Speichermontage Harreither Combi Star HL vor 04/2017bestehend aus:1 x Adapterplatte;Anschlussgarnitur Frischwassermodul für Combi-HL (Serie 1)
Anschlussset für Speichermontage Harreither Combi Star HL vor 04/2017bestehend aus:1 x Adapterplatte
Anschlussset für Speichermontage
Harreither Combi Star HL vor 04/2017
bestehend aus:
1 x Adapterplatte für Frischwassermodul
FWM 35l (wird am Harreither Combi Star
HL Auslieferung vor April 2017 montiert)
2 x Edelstahlrohr für Speichereinbindung
2 x Eckverschraubung für Einbindung der
Edelstahlrohre am Frischwassermodul FWM
35l
6 x Flachdichtungen 1";Anschlussset für Speichermontage Harreither Combi Star HL vor 04/2017bestehend aus:1 x Adapterplatte;Anschlussgarnitur Frischwassermodul für Combi-HL (Serie 1)
Anschlussset für Speichermontage Harreither Combi Star HL vor 04/2017bestehend aus:1 x Adapterplatte
Anschlussset für Speichermontage
Harreither Combi Star HL vor 04/2017
bestehend aus:
1 x Adapterplatte für Frischwassermodul
FWM 35l (wird am Harreither Combi Star
HL Auslieferung vor April 2017 montiert)
2 x Edelstahlrohr für Speichereinbindung
2 x Eckverschraubung für Einbindung der
Edelstahlrohre am Frischwassermodul FWM
35l
6 x Flachdichtungen 1";Stk;;;;;
CH44;Optimierungset Pufferrücklauf;199,2;Stk;1;;Optimierungset Pufferrücklauf
;;Optimierungset Pufferrücklauf
;Stk;;;;;
CH45;Bauteil für Kopplung Frischwassermodul ,Rückflussverhinderer;44,5;Stk;1;inkl. Flachdichtung und Aufnahmeverschraubung;Bauteil für Kopplung Frischwassermodul ,Rückflussverhinderer
inkl. Flachdichtung und Aufnahmeverschraubung;inkl. Flachdichtung und Aufnahmeverschraubung;Bauteil für Kopplung Frischwassermodul ,Rückflussverhinderer
inkl. Flachdichtung und Aufnahmeverschraubung;Stk;;;;;
CH46;Frischwassermodul HE UL 99/72;6558;Stk;1;Leistung max: 241 kW;Frischwassermodul HE UL 99/72
Leistung max: 241 kW;Leistung max: 241 kW;Frischwassermodul HE UL 99/72
Leistung max: 241 kW;Stk;;;;;
CH47;Zirkulationsumlenksatz für Frischwasserm.99/72 (bereits im;1037;Stk;1;Frischwassermodul eingebaut);Zirkulationsumlenksatz für Frischwasserm.99/72 (bereits im
Frischwassermodul eingebaut);Frischwassermodul eingebaut);Zirkulationsumlenksatz für Frischwasserm.99/72 (bereits im
Frischwassermodul eingebaut);Stk;;;;;
CO12;Speicherthermometer f.Combi 650/1000;26,8;Stk;1;für Verkleidungseinbau in CombiStar® 650 und CombiStar® 1000, ohne Tauchhülse(nur bei Ausführung mit;Speicherthermometer f.Combi 650/1000
für Verkleidungseinbau in CombiStar® 650 und CombiStar® 1000, ohne Tauchhülse(nur bei Ausführung mit;für Verkleidungseinbau in CombiStar® 650 und CombiStar® 1000, ohne Tauchhülse(nur bei Ausführung mit;Speicherthermometer f.Combi 650/1000
für Verkleidungseinbau in CombiStar® 650 und CombiStar® 1000, ohne Tauchhülse(nur bei Ausführung mit;Stk;;;;;
CO13;Verschraubung Anschlgar. 3/4 IG inkl. Dichtung;15,1;Stk;1;;Verschraubung Anschlgar. 3/4 IG inkl. Dichtung
;;Verschraubung Anschlgar. 3/4 IG inkl. Dichtung
;Stk;;;;;
CO16;Blinddeckel für Combi 1500 - Lochkreis 245;95,6;Stk;1;;Blinddeckel für Combi 1500 - Lochkreis 245
;;Blinddeckel für Combi 1500 - Lochkreis 245
;Stk;;;;;
CO17;Flanschplatte gelocht 3/4Combi 1500;95,6;Stk;1;;Flanschplatte gelocht 3/4Combi 1500
;;Flanschplatte gelocht 3/4Combi 1500
;Stk;;;;;
CO18;Flanschplatte gelocht 1Combi 1500;95,6;Stk;1;;Flanschplatte gelocht 1Combi 1500
;;Flanschplatte gelocht 1Combi 1500
;Stk;;;;;
CO19;Dichtung für Flansch Combi 1500;20,9;Stk;1;;Dichtung für Flansch Combi 1500
;;Dichtung für Flansch Combi 1500
;Stk;;;;;
CO22;COMBI STAR HY 1000 OHNE Blechverkleidung;4631;Stk;1;Lastausgleichspeicher Combi Star® HY.Integrierte hygienischeBrauchwasserbereitung mit zweiserienmäßi;COMBI STAR HY 1000 OHNE Blechverkleidung
Lastausgleichspeicher Combi Star® HY.Integrierte hygienischeBrauchwasserbereitung mit zweiserienmäßi
Lastausgleichspeicher Combi Star® HY.
Integrierte hygienische
Brauchwasserbereitung mit zwei
serienmäßig eingebauten innen verzinnten
Wärmetauschern. Vorlauftemperatur bis
90° C, Betriebsdruck 3 bar.
 
Die dicke Wärmedämmung mit einer Stärke
von 100 mm rundum anliegend, 100 mm
unten und 200 mm oben sorgt für lange
Wärmelagerung. Ausführung in formschönem
Design, Verkleidung pulverbeschichtet,
inklusive einem Speicherthermometer.
Obere und untere Schichtungsautomatik
sorgen für optimale Energieverwertung.
Der serienmäßig eingebaute untere
Flansch ermöglicht die Aufnahme eines
Rippenrohrwärmetauschers bis zu einer
Größe von 4,5 m². Die
Kombinationsmöglichkeit von
Schichtungsautomatik und einbringbarer
Wärmetauscher schafft die ideale
Voraussetzung für den Einsatz
erneuerbarer Energien oder
Wärmerückgewinnung.
 
Anschlüsse: 6x 5/4", 1x 6/4", 5
Tauchhülsen für Fühler oder Thermometer
OHNE pulverbeschichteter
Blechverkleidung;Lastausgleichspeicher Combi Star® HY.Integrierte hygienischeBrauchwasserbereitung mit zweiserienmäßi;COMBI STAR HY 1000 OHNE Blechverkleidung
Lastausgleichspeicher Combi Star® HY.Integrierte hygienischeBrauchwasserbereitung mit zweiserienmäßi
Lastausgleichspeicher Combi Star® HY.
Integrierte hygienische
Brauchwasserbereitung mit zwei
serienmäßig eingebauten innen verzinnten
Wärmetauschern. Vorlauftemperatur bis
90° C, Betriebsdruck 3 bar.
 
Die dicke Wärmedämmung mit einer Stärke
von 100 mm rundum anliegend, 100 mm
unten und 200 mm oben sorgt für lange
Wärmelagerung. Ausführung in formschönem
Design, Verkleidung pulverbeschichtet,
inklusive einem Speicherthermometer.
Obere und untere Schichtungsautomatik
sorgen für optimale Energieverwertung.
Der serienmäßig eingebaute untere
Flansch ermöglicht die Aufnahme eines
Rippenrohrwärmetauschers bis zu einer
Größe von 4,5 m². Die
Kombinationsmöglichkeit von
Schichtungsautomatik und einbringbarer
Wärmetauscher schafft die ideale
Voraussetzung für den Einsatz
erneuerbarer Energien oder
Wärmerückgewinnung.
 
Anschlüsse: 6x 5/4", 1x 6/4", 5
Tauchhülsen für Fühler oder Thermometer
OHNE pulverbeschichteter
Blechverkleidung;Stk;;;;;
CO23;COMBI STAR HY 650 OHNE Blechverkleidung;4029;Stk;1;Lastausgleichspeicher Combi Star® HY.Integrierte hygienischeBrauchwasserbereitung mit zweiserienmäßi;COMBI STAR HY 650 OHNE Blechverkleidung
Lastausgleichspeicher Combi Star® HY.Integrierte hygienischeBrauchwasserbereitung mit zweiserienmäßi
Lastausgleichspeicher Combi Star® HY.
Integrierte hygienische
Brauchwasserbereitung mit zwei
serienmäßig eingebauten innen verzinnten
Wärmetauschern. Vorlauftemperatur bis
90° C, Betriebsdruck 3 bar.
 
Die dicke Wärmedämmung mit einer Stärke
von 100 mm rundum anliegend, 100 mm
unten und 200 mm oben sorgt für lange
Wärmelagerung. Ausführung in formschönem
Design, Verkleidung pulverbeschichtet,
inklusive einem Speicherthermometer.
Obere und untere Schichtungsautomatik
sorgen für optimale Energieverwertung.
Der serienmäßig eingebaute untere
Flansch ermöglicht die Aufnahme eines
Rippenrohrwärmetauschers bis zu einer
Größe von 4,5 m². Die
Kombinationsmöglichkeit von
Schichtungsautomatik und einbringbarer
Wärmetauscher schafft die ideale
Voraussetzung für den Einsatz
erneuerbarer Energien oder
Wärmerückgewinnung.
 
Anschlüsse: 6x 5/4", 1x 6/4", 5
Tauchhülsen für Fühler oder Thermometer
Inhalt: 650 Liter 
OHNE pulverbeschichteter
Blechverkleidung;Lastausgleichspeicher Combi Star® HY.Integrierte hygienischeBrauchwasserbereitung mit zweiserienmäßi;COMBI STAR HY 650 OHNE Blechverkleidung
Lastausgleichspeicher Combi Star® HY.Integrierte hygienischeBrauchwasserbereitung mit zweiserienmäßi
Lastausgleichspeicher Combi Star® HY.
Integrierte hygienische
Brauchwasserbereitung mit zwei
serienmäßig eingebauten innen verzinnten
Wärmetauschern. Vorlauftemperatur bis
90° C, Betriebsdruck 3 bar.
 
Die dicke Wärmedämmung mit einer Stärke
von 100 mm rundum anliegend, 100 mm
unten und 200 mm oben sorgt für lange
Wärmelagerung. Ausführung in formschönem
Design, Verkleidung pulverbeschichtet,
inklusive einem Speicherthermometer.
Obere und untere Schichtungsautomatik
sorgen für optimale Energieverwertung.
Der serienmäßig eingebaute untere
Flansch ermöglicht die Aufnahme eines
Rippenrohrwärmetauschers bis zu einer
Größe von 4,5 m². Die
Kombinationsmöglichkeit von
Schichtungsautomatik und einbringbarer
Wärmetauscher schafft die ideale
Voraussetzung für den Einsatz
erneuerbarer Energien oder
Wärmerückgewinnung.
 
Anschlüsse: 6x 5/4", 1x 6/4", 5
Tauchhülsen für Fühler oder Thermometer
Inhalt: 650 Liter 
OHNE pulverbeschichteter
Blechverkleidung;Stk;;;;;
CO25;COMBI STAR HY 1000 mit Blechverkleidung;5239;Stk;1;Lastausgleichspeicher Combi Star® HY.Integrierte hygienischeBrauchwasserbereitung mit zweiserienmäßi;COMBI STAR HY 1000 mit Blechverkleidung
Lastausgleichspeicher Combi Star® HY.Integrierte hygienischeBrauchwasserbereitung mit zweiserienmäßi
Lastausgleichspeicher Combi Star® HY.
Integrierte hygienische
Brauchwasserbereitung mit zwei
serienmäßig eingebauten innen verzinnten
Wärmetauschern. Vorlauftemperatur bis
90° C, Betriebsdruck 3 bar.
 
Die dicke Wärmedämmung mit einer Stärke
von 100 mm rundum anliegend, 100 mm
unten und 200 mm oben sorgt für lange
Wärmelagerung. Ausführung in formschönem
Design, Verkleidung pulverbeschichtet,
inklusive einem Speicherthermometer.
Obere und untere Schichtungsautomatik
sorgen für optimale Energieverwertung.
Der serienmäßig eingebaute untere
Flansch ermöglicht die Aufnahme eines
Rippenrohrwärmetauschers bis zu einer
Größe von 4,5 m². Die
Kombinationsmöglichkeit von
Schichtungsautomatik und einbringbarer
Wärmetauscher schafft die ideale
Voraussetzung für den Einsatz
erneuerbarer Energien oder
Wärmerückgewinnung.
 
Anschlüsse: 6x 5/4", 1x 6/4", 5
Tauchhülsen für Fühler oder Thermometer;Lastausgleichspeicher Combi Star® HY.Integrierte hygienischeBrauchwasserbereitung mit zweiserienmäßi;COMBI STAR HY 1000 mit Blechverkleidung
Lastausgleichspeicher Combi Star® HY.Integrierte hygienischeBrauchwasserbereitung mit zweiserienmäßi
Lastausgleichspeicher Combi Star® HY.
Integrierte hygienische
Brauchwasserbereitung mit zwei
serienmäßig eingebauten innen verzinnten
Wärmetauschern. Vorlauftemperatur bis
90° C, Betriebsdruck 3 bar.
 
Die dicke Wärmedämmung mit einer Stärke
von 100 mm rundum anliegend, 100 mm
unten und 200 mm oben sorgt für lange
Wärmelagerung. Ausführung in formschönem
Design, Verkleidung pulverbeschichtet,
inklusive einem Speicherthermometer.
Obere und untere Schichtungsautomatik
sorgen für optimale Energieverwertung.
Der serienmäßig eingebaute untere
Flansch ermöglicht die Aufnahme eines
Rippenrohrwärmetauschers bis zu einer
Größe von 4,5 m². Die
Kombinationsmöglichkeit von
Schichtungsautomatik und einbringbarer
Wärmetauscher schafft die ideale
Voraussetzung für den Einsatz
erneuerbarer Energien oder
Wärmerückgewinnung.
 
Anschlüsse: 6x 5/4", 1x 6/4", 5
Tauchhülsen für Fühler oder Thermometer;Stk;;;;;
CO26;COMBI STAR HY 650 mit Blechverkleidung;4583;Stk;1;Lastausgleichspeicher Combi Star® HY.Integrierte hygienischeBrauchwasserbereitung mit zweiserienmäßi;COMBI STAR HY 650 mit Blechverkleidung
Lastausgleichspeicher Combi Star® HY.Integrierte hygienischeBrauchwasserbereitung mit zweiserienmäßi
Lastausgleichspeicher Combi Star® HY.
Integrierte hygienische
Brauchwasserbereitung mit zwei
serienmäßig eingebauten innen verzinnten
Wärmetauschern. Vorlauftemperatur bis
90° C, Betriebsdruck 3 bar.
 
Die dicke Wärmedämmung mit einer Stärke
von 100 mm rundum anliegend, 100 mm
unten und 200 mm oben sorgt für lange
Wärmelagerung. Ausführung in formschönem
Design, Verkleidung pulverbeschichtet,
inklusive einem Speicherthermometer.
Obere und untere Schichtungsautomatik
sorgen für optimale Energieverwertung.
Der serienmäßig eingebaute untere
Flansch ermöglicht die Aufnahme eines
Rippenrohrwärmetauschers bis zu einer
Größe von 4,5 m². Die
Kombinationsmöglichkeit von
Schichtungsautomatik und einbringbarer
Wärmetauscher schafft die ideale
Voraussetzung für den Einsatz
erneuerbarer Energien oder
Wärmerückgewinnung.
 
Anschlüsse: 6x 5/4", 1x 6/4", 5
Tauchhülsen für Fühler oder Thermometer
Inhalt: 650 Liter ;Lastausgleichspeicher Combi Star® HY.Integrierte hygienischeBrauchwasserbereitung mit zweiserienmäßi;COMBI STAR HY 650 mit Blechverkleidung
Lastausgleichspeicher Combi Star® HY.Integrierte hygienischeBrauchwasserbereitung mit zweiserienmäßi
Lastausgleichspeicher Combi Star® HY.
Integrierte hygienische
Brauchwasserbereitung mit zwei
serienmäßig eingebauten innen verzinnten
Wärmetauschern. Vorlauftemperatur bis
90° C, Betriebsdruck 3 bar.
 
Die dicke Wärmedämmung mit einer Stärke
von 100 mm rundum anliegend, 100 mm
unten und 200 mm oben sorgt für lange
Wärmelagerung. Ausführung in formschönem
Design, Verkleidung pulverbeschichtet,
inklusive einem Speicherthermometer.
Obere und untere Schichtungsautomatik
sorgen für optimale Energieverwertung.
Der serienmäßig eingebaute untere
Flansch ermöglicht die Aufnahme eines
Rippenrohrwärmetauschers bis zu einer
Größe von 4,5 m². Die
Kombinationsmöglichkeit von
Schichtungsautomatik und einbringbarer
Wärmetauscher schafft die ideale
Voraussetzung für den Einsatz
erneuerbarer Energien oder
Wärmerückgewinnung.
 
Anschlüsse: 6x 5/4", 1x 6/4", 5
Tauchhülsen für Fühler oder Thermometer
Inhalt: 650 Liter ;Stk;;;;;
CO40;Harreither Pufferspeicher 500l;1052;Stk;1;Wärmedepot zur Einbindung vonAlternativ- oder Zusatzenergie inkl.hocheffiziente 100 mm Weichschaumis;Harreither Pufferspeicher 500l
Wärmedepot zur Einbindung vonAlternativ- oder Zusatzenergie inkl.hocheffiziente 100 mm Weichschaumis
Wärmedepot zur Einbindung von
Alternativ- oder Zusatzenergie inkl.
hocheffiziente Weichschaumisolierung für
optimale Wärmespeicherung, Fühlerhülsen
für Puffersteuerung;Wärmedepot zur Einbindung vonAlternativ- oder Zusatzenergie inkl.hocheffiziente 100 mm Weichschaumis;Harreither Pufferspeicher 500l
Wärmedepot zur Einbindung vonAlternativ- oder Zusatzenergie inkl.hocheffiziente 100 mm Weichschaumis
Wärmedepot zur Einbindung von
Alternativ- oder Zusatzenergie inkl.
hocheffiziente Weichschaumisolierung für
optimale Wärmespeicherung, Fühlerhülsen
für Puffersteuerung;Stk;;;;;
CO41;Harreither Pufferspeicher 800l;1411;Stk;1;Wärmedepot zur Einbindung vonAlternativ- oder Zusatzenergie inkl.hocheffiziente 100 mm  Weichschaumi;Harreither Pufferspeicher 800l
Wärmedepot zur Einbindung vonAlternativ- oder Zusatzenergie inkl.hocheffiziente 100 mm  Weichschaumi
Wärmedepot zur Einbindung von
Alternativ- oder Zusatzenergie inkl.
hocheffiziente Weichschaumisolierung für
optimale Wärmespeicherung, Fühlerhülsen
für Puffersteuerung;Wärmedepot zur Einbindung vonAlternativ- oder Zusatzenergie inkl.hocheffiziente 100 mm  Weichschaumi;Harreither Pufferspeicher 800l
Wärmedepot zur Einbindung vonAlternativ- oder Zusatzenergie inkl.hocheffiziente 100 mm  Weichschaumi
Wärmedepot zur Einbindung von
Alternativ- oder Zusatzenergie inkl.
hocheffiziente Weichschaumisolierung für
optimale Wärmespeicherung, Fühlerhülsen
für Puffersteuerung;Stk;;;;;
CO42;Harreither Pufferspeicher 1000l;1528;Stk;1;Wärmedepot zur Einbindung vonAlternativ- oder Zusatzenergie inkl.hocheffiziente 100 mm Weichschaumis;Harreither Pufferspeicher 1000l
Wärmedepot zur Einbindung vonAlternativ- oder Zusatzenergie inkl.hocheffiziente 100 mm Weichschaumis
Wärmedepot zur Einbindung von
Alternativ- oder Zusatzenergie inkl.
hocheffiziente Weichschaumisolierung für
optimale Wärmespeicherung, Fühlerhülsen
für Puffersteuerung;Wärmedepot zur Einbindung vonAlternativ- oder Zusatzenergie inkl.hocheffiziente 100 mm Weichschaumis;Harreither Pufferspeicher 1000l
Wärmedepot zur Einbindung vonAlternativ- oder Zusatzenergie inkl.hocheffiziente 100 mm Weichschaumis
Wärmedepot zur Einbindung von
Alternativ- oder Zusatzenergie inkl.
hocheffiziente Weichschaumisolierung für
optimale Wärmespeicherung, Fühlerhülsen
für Puffersteuerung;Stk;;;;;
CO60;Harreither Heiz / Kühlspeicher 300 l inkl. 2-fach Dämmung;1796;Stk;1;Kautschuk Isolierung 25mm (innen)Wärmedämmung  80mm (außen);Harreither Heiz / Kühlspeicher 300 l inkl. 2-fach Dämmung
Kautschuk Isolierung 25mm (innen)Wärmedämmung  80mm (außen)
Kautschuk Isolierung 25mm (innen)
Wärmedämmung  80mm (außen);Kautschuk Isolierung 25mm (innen)Wärmedämmung  80mm (außen);Harreither Heiz / Kühlspeicher 300 l inkl. 2-fach Dämmung
Kautschuk Isolierung 25mm (innen)Wärmedämmung  80mm (außen)
Kautschuk Isolierung 25mm (innen)
Wärmedämmung  80mm (außen);Stk;;;;;
CO61;Harreither Heiz / Kühlspeicher 500 l inkl. 2-fach Dämmung;2003;Stk;1;Kautschuk Isolierung 25mm (innen)Wärmedämmung  80mm (außen);Harreither Heiz / Kühlspeicher 500 l inkl. 2-fach Dämmung
Kautschuk Isolierung 25mm (innen)Wärmedämmung  80mm (außen)
Kautschuk Isolierung 25mm (innen)
Wärmedämmung  80mm (außen);Kautschuk Isolierung 25mm (innen)Wärmedämmung  80mm (außen);Harreither Heiz / Kühlspeicher 500 l inkl. 2-fach Dämmung
Kautschuk Isolierung 25mm (innen)Wärmedämmung  80mm (außen)
Kautschuk Isolierung 25mm (innen)
Wärmedämmung  80mm (außen);Stk;;;;;
CO62;Harreither Heiz / Kühlspeicher 800 l inkl. 2-fach Dämmung;2262;Stk;1;Kautschuk Isolierung 25mm (innen)Wärmedämmung  80mm (außen);Harreither Heiz / Kühlspeicher 800 l inkl. 2-fach Dämmung
Kautschuk Isolierung 25mm (innen)Wärmedämmung  80mm (außen)
Kautschuk Isolierung 25mm (innen)
Wärmedämmung  80mm (außen);Kautschuk Isolierung 25mm (innen)Wärmedämmung  80mm (außen);Harreither Heiz / Kühlspeicher 800 l inkl. 2-fach Dämmung
Kautschuk Isolierung 25mm (innen)Wärmedämmung  80mm (außen)
Kautschuk Isolierung 25mm (innen)
Wärmedämmung  80mm (außen);Stk;;;;;
DL15;Technikereinheit;29,4;Einh;1;Verrechnung erfolgt pro 1/4 Std.;Technikereinheit
Verrechnung erfolgt pro 1/4 Std.;Verrechnung erfolgt pro 1/4 Std.;Technikereinheit
Verrechnung erfolgt pro 1/4 Std.;Einh;;;;;
DL16;Fernwartung / Programmierung  UNIVERSUM HMS;38,4;Einh;1;Verrechnung erfolgt pro 1/4 Std.;Fernwartung / Programmierung  UNIVERSUM HMS
Verrechnung erfolgt pro 1/4 Std.
inkl. Telefongebühren
Verrechnung erfolgt nach tatsächlichem
Aufwand;Verrechnung erfolgt pro 1/4 Std.;Fernwartung / Programmierung  UNIVERSUM HMS
Verrechnung erfolgt pro 1/4 Std.
inkl. Telefongebühren
Verrechnung erfolgt nach tatsächlichem
Aufwand;Einh;;;;;
DL17;Fahrtpauschale;295,6;Stk;1;Pauschale anstelle Fahrzeit und Fahrtkostenanteil;Fahrtpauschale
Pauschale anstelle Fahrzeit und Fahrtkostenanteil;Pauschale anstelle Fahrzeit und Fahrtkostenanteil;Fahrtpauschale
Pauschale anstelle Fahrzeit und Fahrtkostenanteil;Stk;;;;;
DL54;Fahrtkostenanteil (Kilometer);0,74;KM;1;Fahrtzeit wird verrechnet:zusätzlich pro km;Fahrtkostenanteil (Kilometer)
Fahrtzeit wird verrechnet:zusätzlich pro km
Fahrtzeit wird verrechnet:
zusätzlich pro km Eur. 0,50;Fahrtzeit wird verrechnet:zusätzlich pro km;Fahrtkostenanteil (Kilometer)
Fahrtzeit wird verrechnet:zusätzlich pro km
Fahrtzeit wird verrechnet:
zusätzlich pro km Eur. 0,50;KM;;;;;
DL55;Fahrtzeit;29,4;Stk;1;Verrechnung erfolgt pro 1/4 Std.;Fahrtzeit
Verrechnung erfolgt pro 1/4 Std.;Verrechnung erfolgt pro 1/4 Std.;Fahrtzeit
Verrechnung erfolgt pro 1/4 Std.;Stk;;;;;
DL60;Begutachtungspauschale;62;Stk;1;;Begutachtungspauschale
;;Begutachtungspauschale
;Stk;;;;;
EC01;ECOTHERM-Fußbodenheizungsrohr 17x2 (200lfm/Rolle);2,46;lfm;200;17x2 mm, mit Sauerstoffsperre, geprüft nach ÖNORM B5154, (Rolle zu 200 lfm);ECOTHERM-Fußbodenheizungsrohr 17x2 (200lfm/Rolle)
17x2 mm, mit Sauerstoffsperre, geprüft nach ÖNORM B5154, (Rolle zu 200 lfm)
"17x2 mm, mit Sauerstoffsperre, geprüft
nach ÖNORM B5154, 
(Rolle zu 200 lfm)";17x2 mm, mit Sauerstoffsperre, geprüft nach ÖNORM B5154, (Rolle zu 200 lfm);ECOTHERM-Fußbodenheizungsrohr 17x2 (200lfm/Rolle)
17x2 mm, mit Sauerstoffsperre, geprüft nach ÖNORM B5154, (Rolle zu 200 lfm)
"17x2 mm, mit Sauerstoffsperre, geprüft
nach ÖNORM B5154, 
(Rolle zu 200 lfm)";lfm;;;;;
EC02;Ecotherm-Clipschiene mit Klebeband, 1 lfm/Stk;5,41;lfm;100;;Ecotherm-Clipschiene mit Klebeband, 1 lfm/Stk

mit Klebeband;;Ecotherm-Clipschiene mit Klebeband, 1 lfm/Stk

mit Klebeband;lfm;;;;;
EC03;Ecotherm-Tackernadeln 50 mm;0,47;Stk;300;Verpackungseinheit: 300 Stk;Ecotherm-Tackernadeln 50 mm
Verpackungseinheit: 300 Stk;Verpackungseinheit: 300 Stk;Ecotherm-Tackernadeln 50 mm
Verpackungseinheit: 300 Stk;Stk;;;;;
EC04;Ecotherm-Verteileranschluss DA17x2mm/50cm H;6,29;Stk;20;17x2 mm, 50 cm,;Ecotherm-Verteileranschluss DA17x2mm/50cm H
17x2 mm, 50 cm,;17x2 mm, 50 cm,;Ecotherm-Verteileranschluss DA17x2mm/50cm H
17x2 mm, 50 cm,;Stk;;;;;
EC05;Ecotherm-Verteileranschluss DA17x2 mm/100cmH;10,5;Stk;20;17x2 mm, 100 cm,;Ecotherm-Verteileranschluss DA17x2 mm/100cmH
17x2 mm, 100 cm,;17x2 mm, 100 cm,;Ecotherm-Verteileranschluss DA17x2 mm/100cmH
17x2 mm, 100 cm,;Stk;;;;;
EC06;Ecotherm-Schweißnippel 17 mm;1,7;Stk;10;Verpackungseinheit: 10 Stk;Ecotherm-Schweißnippel 17 mm
Verpackungseinheit: 10 Stk;Verpackungseinheit: 10 Stk;Ecotherm-Schweißnippel 17 mm
Verpackungseinheit: 10 Stk;Stk;;;;;
EC07;Ecotherm-Übergangsmuffe 17 auf 21/rot;2,02;Stk;10;17/21;Ecotherm-Übergangsmuffe 17 auf 21/rot
17/21;17/21;Ecotherm-Übergangsmuffe 17 auf 21/rot
17/21;Stk;;;;;
EC08;Estrichkomponente EZ 70 (kg);9,72;Kg;10;Kanister zu 10 kg;Estrichkomponente EZ 70 (kg)
Kanister zu 10 kg;Kanister zu 10 kg;Estrichkomponente EZ 70 (kg)
Kanister zu 10 kg;Kg;;;;;
EC09;TACKERNADELN - kurz (30mm);0,89;Stk;300;;TACKERNADELN - kurz (30mm)
;;TACKERNADELN - kurz (30mm)
;Stk;;;;;
EC10;Ecotherm-Innenschweißgarnitur 13 mm;57,6;Stk;1;;Ecotherm-Innenschweißgarnitur 13 mm
;;Ecotherm-Innenschweißgarnitur 13 mm
;Stk;;;;;
EFF01;Harreither Effekt-Feuer LED 1200;2640;Stk;1;;Harreither Effekt-Feuer LED 1200
;;Harreither Effekt-Feuer LED 1200
;Stk;;;;;
EFF02;Harreither Effekt-Feuer LED 870;2460;Stk;1;;Harreither Effekt-Feuer LED 870
;;Harreither Effekt-Feuer LED 870
;Stk;;;;;
EV01;EUROVAL-Sicherheitsrohr DD (H);4,21;lfm;200;mit optimierter Geometrie, 24/17 x 3/2 mm,PP-R sauerstoffdicht, schweißbar, im Schutzkarton verpackt;EUROVAL-Sicherheitsrohr DD (H)
mit optimierter Geometrie, 24/17 x 3/2 mm,PP-R sauerstoffdicht, schweißbar, im Schutzkarton verpackt
Euroval Sicherheitsrohr
mit optimierter Geometrie, 24/17 x 
3/2 mm, PP-R sauerstoffdicht,
ÖNORM B 5158 geprüft, schweißbar,
im Schutzkarton verpackt, 
VPE 200 lfm;mit optimierter Geometrie, 24/17 x 3/2 mm,PP-R sauerstoffdicht, schweißbar, im Schutzkarton verpackt;EUROVAL-Sicherheitsrohr DD (H)
mit optimierter Geometrie, 24/17 x 3/2 mm,PP-R sauerstoffdicht, schweißbar, im Schutzkarton verpackt
Euroval Sicherheitsrohr
mit optimierter Geometrie, 24/17 x 
3/2 mm, PP-R sauerstoffdicht,
ÖNORM B 5158 geprüft, schweißbar,
im Schutzkarton verpackt, 
VPE 200 lfm;lfm;;;;;
EV10;Euroval-Schweißmuffe;3,44;Stk;10;für normgerechtePolyfusions-Schweißverbindungen vonHitherm+ Systemteilen mit ovalemQuerschnitt sowie;Euroval-Schweißmuffe
für normgerechtePolyfusions-Schweißverbindungen vonHitherm+ Systemteilen mit ovalemQuerschnitt sowie
für normgerechte
Polyfusions-Schweißverbindungen von
Hitherm+ Systemteilen mit ovalem
Querschnitt sowie Euroval-Rohren
(24/17x3/2),
Material: PP-R rot
VPE: 10 Stk.;für normgerechtePolyfusions-Schweißverbindungen vonHitherm+ Systemteilen mit ovalemQuerschnitt sowie;Euroval-Schweißmuffe
für normgerechtePolyfusions-Schweißverbindungen vonHitherm+ Systemteilen mit ovalemQuerschnitt sowie
für normgerechte
Polyfusions-Schweißverbindungen von
Hitherm+ Systemteilen mit ovalem
Querschnitt sowie Euroval-Rohren
(24/17x3/2),
Material: PP-R rot
VPE: 10 Stk.;Stk;;;;;
EV11;Euroval-Übergangsmuffe oval auf da 21;2,98;Stk;10;Für Übergang von Ovalrohr 24/17 x 3/2 mm auf Rundrohr 21 mm, schweißbar, güteüberwacht,inkl. Stützhü;Euroval-Übergangsmuffe oval auf da 21
Für Übergang von Ovalrohr 24/17 x 3/2 mm auf Rundrohr 21 mm, schweißbar, güteüberwacht,inkl. Stützhü
für Übergang von Ovalrohr 24/17 x 3/2 mm
auf Rundrohr 21 mm, schweißbar,
güteüberwacht,
inkl. Stützhülse,
Material: PP-R rot
VPE 10 Stk.;Für Übergang von Ovalrohr 24/17 x 3/2 mm auf Rundrohr 21 mm, schweißbar, güteüberwacht,inkl. Stützhü;Euroval-Übergangsmuffe oval auf da 21
Für Übergang von Ovalrohr 24/17 x 3/2 mm auf Rundrohr 21 mm, schweißbar, güteüberwacht,inkl. Stützhü
für Übergang von Ovalrohr 24/17 x 3/2 mm
auf Rundrohr 21 mm, schweißbar,
güteüberwacht,
inkl. Stützhülse,
Material: PP-R rot
VPE 10 Stk.;Stk;;;;;
EV12;Euroval-Übergangswinkel rund / oval;3,8;Stk;10;Für Übergang von Ovalrohr auf (vertikales) Rundrohr 21 mm, innenschweißbar, güteüberwacht inkl. Stüt;Euroval-Übergangswinkel rund / oval
Für Übergang von Ovalrohr auf (vertikales) Rundrohr 21 mm, innenschweißbar, güteüberwacht inkl. Stüt
für Übergang von Ovalrohr auf
(vertikales) Rundrohr 21 mm, 
innenschweißbar, güteüberwacht 
inkl. Stützhülse,
Material: PP-R rot 
VPE 10 Stk;Für Übergang von Ovalrohr auf (vertikales) Rundrohr 21 mm, innenschweißbar, güteüberwacht inkl. Stüt;Euroval-Übergangswinkel rund / oval
Für Übergang von Ovalrohr auf (vertikales) Rundrohr 21 mm, innenschweißbar, güteüberwacht inkl. Stüt
für Übergang von Ovalrohr auf
(vertikales) Rundrohr 21 mm, 
innenschweißbar, güteüberwacht 
inkl. Stützhülse,
Material: PP-R rot 
VPE 10 Stk;Stk;;;;;
EV15;EUROVAL-Clipschiene mit Haken 1000 mm;6,58;Stk.;63;zur sicheren Befestigung des Euroval®-Rohres auf PS-Dämmplatten, mit angeformten FixierhakenRasterma;EUROVAL-Clipschiene mit Haken 1000 mm
zur sicheren Befestigung des Euroval®-Rohres auf PS-Dämmplatten, mit angeformten FixierhakenRasterma
zur sicheren Befestigung des 
Euroval-Rohres auf PS-Dämmplatten, mit
angeformten Fixierhaken, Rastermaß 5cm,
PP-R, recyclebar, steckbar,
Länge 1 m, kartonverpackt,
VPE 63 Stk. (63 lfm);zur sicheren Befestigung des Euroval®-Rohres auf PS-Dämmplatten, mit angeformten FixierhakenRasterma;EUROVAL-Clipschiene mit Haken 1000 mm
zur sicheren Befestigung des Euroval®-Rohres auf PS-Dämmplatten, mit angeformten FixierhakenRasterma
zur sicheren Befestigung des 
Euroval-Rohres auf PS-Dämmplatten, mit
angeformten Fixierhaken, Rastermaß 5cm,
PP-R, recyclebar, steckbar,
Länge 1 m, kartonverpackt,
VPE 63 Stk. (63 lfm);Stk.;;;;;
EV16;EUROVAL-Clipschiene m. Klebeband 1000 mm;6,58;Stk.;63;zur sicherenBefestigung des Euroval-Rohres auf PS-Dämmplatten, jedoch ohne angeformteFixierhaken, Un;EUROVAL-Clipschiene m. Klebeband 1000 mm
zur sicherenBefestigung des Euroval-Rohres auf PS-Dämmplatten, jedoch ohne angeformteFixierhaken, Un
zur sicheren
Befestigung des Euroval-Rohres auf 
PS-Dämmplatten, jedoch ohne angeformte
Fixierhaken, Unterseite mit Doppel-
klebeband beschichtet
Rastermaß 5 cm, PP-R, recyclebar, steck-
bar, Länge 1 m, kartonverpackt,
VPE 63 Stk. (63 lfm);zur sicherenBefestigung des Euroval-Rohres auf PS-Dämmplatten, jedoch ohne angeformteFixierhaken, Un;EUROVAL-Clipschiene m. Klebeband 1000 mm
zur sicherenBefestigung des Euroval-Rohres auf PS-Dämmplatten, jedoch ohne angeformteFixierhaken, Un
zur sicheren
Befestigung des Euroval-Rohres auf 
PS-Dämmplatten, jedoch ohne angeformte
Fixierhaken, Unterseite mit Doppel-
klebeband beschichtet
Rastermaß 5 cm, PP-R, recyclebar, steck-
bar, Länge 1 m, kartonverpackt,
VPE 63 Stk. (63 lfm);Stk.;;;;;
EV17;EUROVAL-Clipsch. o. Haken o.Klb. 1000 mm;414,9;Kart;63;Karton zu 63 lfm (63 Stk);EUROVAL-Clipsch. o. Haken o.Klb. 1000 mm
Karton zu 63 lfm (63 Stk);Karton zu 63 lfm (63 Stk);EUROVAL-Clipsch. o. Haken o.Klb. 1000 mm
Karton zu 63 lfm (63 Stk);Kart;;;;;
EV20;EUROVAL-Verteileranschluss 50 cm;6,79;Stk;20;bestehend aus diffusiondichtem Rundrohr 21 mm und Übergangswinkel oval/rund, PP-R 24x17/rund 21 mm,;EUROVAL-Verteileranschluss 50 cm
bestehend aus diffusiondichtem Rundrohr 21 mm und Übergangswinkel oval/rund, PP-R 24x17/rund 21 mm,
Euroval Verteileranschlussstück
bestehend aus Rundrohr 21 mm und 
Übergangswinkel oval/rund, PP-R 
24x17/rund 21 mm, fertig konfektioniert,
schweißbar, güteüberwacht, VPE 20 Stk.;bestehend aus diffusiondichtem Rundrohr 21 mm und Übergangswinkel oval/rund, PP-R 24x17/rund 21 mm,;EUROVAL-Verteileranschluss 50 cm
bestehend aus diffusiondichtem Rundrohr 21 mm und Übergangswinkel oval/rund, PP-R 24x17/rund 21 mm,
Euroval Verteileranschlussstück
bestehend aus Rundrohr 21 mm und 
Übergangswinkel oval/rund, PP-R 
24x17/rund 21 mm, fertig konfektioniert,
schweißbar, güteüberwacht, VPE 20 Stk.;Stk;;;;;
EV21;EUROVAL-Verteileranschluss 100 cm;8,78;Stk;20;bestehend aus diffusionsdichtem Rundrohr 21 mm und Übergangswinkel oval/rund, PP-R 24x17/rund 21 mm,;EUROVAL-Verteileranschluss 100 cm
bestehend aus diffusionsdichtem Rundrohr 21 mm und Übergangswinkel oval/rund, PP-R 24x17/rund 21 mm,
Euroval Verteileranschlussstück
bestehend aus Rundrohr 21 mm und 
Übergangswinkel oval/rund, PP-R 
24x17/rund 21 mm, fertig konfektioniert,
schweißbar, güteüberwacht, VPE 20 Stk.;bestehend aus diffusionsdichtem Rundrohr 21 mm und Übergangswinkel oval/rund, PP-R 24x17/rund 21 mm,;EUROVAL-Verteileranschluss 100 cm
bestehend aus diffusionsdichtem Rundrohr 21 mm und Übergangswinkel oval/rund, PP-R 24x17/rund 21 mm,
Euroval Verteileranschlussstück
bestehend aus Rundrohr 21 mm und 
Übergangswinkel oval/rund, PP-R 
24x17/rund 21 mm, fertig konfektioniert,
schweißbar, güteüberwacht, VPE 20 Stk.;Stk;;;;;
EV30;Sicherheitsranddämmstreifen;1,41;Lfm;50;PE-Schaum mit angeschweißter PE-Folienlasche, Abreissstreifen für exakte Höhenanpassung, Dicke 10 mm;Sicherheitsranddämmstreifen
PE-Schaum mit angeschweißter PE-Folienlasche, Abreissstreifen für exakte Höhenanpassung, Dicke 10 mm
PE-Schaum mit angeschweißter 
PE-Folienlasche,Abreißstreifen
für exakte Höhenanpassung,
Dicke 10 mm, Höhe 150 mm
Rolle zu 50 m;PE-Schaum mit angeschweißter PE-Folienlasche, Abreissstreifen für exakte Höhenanpassung, Dicke 10 mm;Sicherheitsranddämmstreifen
PE-Schaum mit angeschweißter PE-Folienlasche, Abreissstreifen für exakte Höhenanpassung, Dicke 10 mm
PE-Schaum mit angeschweißter 
PE-Folienlasche,Abreißstreifen
für exakte Höhenanpassung,
Dicke 10 mm, Höhe 150 mm
Rolle zu 50 m;Lfm;;;;;
EV31;PE-Folie Harreither;0,72;m2;100;0,15 mm dick, Rolle zu 2x 50 minklusive Aufdruck, VPE 100 m²;PE-Folie Harreither
0,15 mm dick, Rolle zu 2x 50 minklusive Aufdruck, VPE 100 m²
Euroval-PE-Folie
0,15 mm dick, Rolle 2 x 50 m
inkl. Aufdruck, VPE 100 m2;0,15 mm dick, Rolle zu 2x 50 minklusive Aufdruck, VPE 100 m²;PE-Folie Harreither
0,15 mm dick, Rolle zu 2x 50 minklusive Aufdruck, VPE 100 m²
Euroval-PE-Folie
0,15 mm dick, Rolle 2 x 50 m
inkl. Aufdruck, VPE 100 m2;m2;;;;;
EV32;EUROVAL-Dehnfugenset;19,6;Stk;1;Euroval-Dehnfugensetfür Türübergänge, bestehend ausDehnfugenprofil, 2 m lang, passend zuEuroval-Rand;EUROVAL-Dehnfugenset
Euroval-Dehnfugensetfür Türübergänge, bestehend ausDehnfugenprofil, 2 m lang, passend zuEuroval-Rand
Euroval-Dehnfugenset
für Türübergänge, bestehend aus
Dehnfugenprofil, 2 m lang, passend zu
Euroval-Randdämmstreifen,
6 Stk. Schutzrohre da 28 mm, 
30 cm lang,
VPE 1 Stk.;Euroval-Dehnfugensetfür Türübergänge, bestehend ausDehnfugenprofil, 2 m lang, passend zuEuroval-Rand;EUROVAL-Dehnfugenset
Euroval-Dehnfugensetfür Türübergänge, bestehend ausDehnfugenprofil, 2 m lang, passend zuEuroval-Rand
Euroval-Dehnfugenset
für Türübergänge, bestehend aus
Dehnfugenprofil, 2 m lang, passend zu
Euroval-Randdämmstreifen,
6 Stk. Schutzrohre da 28 mm, 
30 cm lang,
VPE 1 Stk.;Stk;;;;;
EV33;EUROVAL-Montageschablone;371,6;Stk;1;für alle Verlegearten auf SpezialfolieSeteinheit mit ca. 75 Teilen;EUROVAL-Montageschablone
für alle Verlegearten auf SpezialfolieSeteinheit mit ca. 75 Teilen
für alle Verlegearten auf Spezialfolie
Seteinheit mit ca. 75 Teilen;für alle Verlegearten auf SpezialfolieSeteinheit mit ca. 75 Teilen;EUROVAL-Montageschablone
für alle Verlegearten auf SpezialfolieSeteinheit mit ca. 75 Teilen
für alle Verlegearten auf Spezialfolie
Seteinheit mit ca. 75 Teilen;Stk;;;;;
EV34;EUROVAL-Estrichkomponente ECO 30;14,92;kg;14;Estrichkomponente zur Vergütung von Zementestrichen, Zugabe 1% vom Zementgewicht (für ca. 60 m² Estr;EUROVAL-Estrichkomponente ECO 30
Estrichkomponente zur Vergütung von Zementestrichen, Zugabe 1% vom Zementgewicht (für ca. 60 m² Estr
Estrichkomponente zur Vergütung von
Zementestrichen, Zugabe 1% vom
Zementgewicht (für ca. 60 m² Estrich mit
Estrichdicke 65 mm)
farblos, VPE 14 kg/Kanister;Estrichkomponente zur Vergütung von Zementestrichen, Zugabe 1% vom Zementgewicht (für ca. 60 m² Estr;EUROVAL-Estrichkomponente ECO 30
Estrichkomponente zur Vergütung von Zementestrichen, Zugabe 1% vom Zementgewicht (für ca. 60 m² Estr
Estrichkomponente zur Vergütung von
Zementestrichen, Zugabe 1% vom
Zementgewicht (für ca. 60 m² Estrich mit
Estrichdicke 65 mm)
farblos, VPE 14 kg/Kanister;kg;;;;;
EV35;EUROVAL - Anschlußverschraubung 1/2AG;13,3;Stk;1;komplett mit Adapter da 21;EUROVAL - Anschlußverschraubung 1/2AG
komplett mit Adapter da 21;komplett mit Adapter da 21;EUROVAL - Anschlußverschraubung 1/2AG
komplett mit Adapter da 21;Stk;;;;;
EV36;EUROVAL - Anschlußverschraubung 1/2IG;12,7;Stk;1;komplett mit Adapter da 21;EUROVAL - Anschlußverschraubung 1/2IG
komplett mit Adapter da 21;komplett mit Adapter da 21;EUROVAL - Anschlußverschraubung 1/2IG
komplett mit Adapter da 21;Stk;;;;;
EV39;Kabelbinder für Euroval und Jumboval 4,7 x 290 schwarz;0,11;Stk;200;;Kabelbinder für Euroval und Jumboval 4,7 x 290 schwarz
;;Kabelbinder für Euroval und Jumboval 4,7 x 290 schwarz
;Stk;;;;;
EV94;EUROVAL Übergangsstück von OVAL auf 1/2 AG - Sonder;24,4;Stk;1;;EUROVAL Übergangsstück von OVAL auf 1/2 AG - Sonder
;;EUROVAL Übergangsstück von OVAL auf 1/2 AG - Sonder
;Stk;;;;;
EV95;EUROVAL Übergangsstück von OVAL auf 1/2 IG - Sonder;23,7;Stk;1;;EUROVAL Übergangsstück von OVAL auf 1/2 IG - Sonder
;;EUROVAL Übergangsstück von OVAL auf 1/2 IG - Sonder
;Stk;;;;;
EV97;EUROVAL-Rohrverschlußkappen schwarz;0,44;Stk;1;;EUROVAL-Rohrverschlußkappen schwarz
;;EUROVAL-Rohrverschlußkappen schwarz
;Stk;;;;;
EV-REP00;Reparaturpaket Euroval  Fußbodenheizung 0;237,1;Stk;1;angebohrtes Fußbodenheizungsrohr (Rep. mit Winkel)bestehend aus: - 5 lfm Euroval Sicherheitsrohr 24x;Reparaturpaket Euroval  Fußbodenheizung 0
angebohrtes Fußbodenheizungsrohr (Rep. mit Winkel)bestehend aus: - 5 lfm Euroval Sicherheitsrohr 24x;angebohrtes Fußbodenheizungsrohr (Rep. mit Winkel)bestehend aus: - 5 lfm Euroval Sicherheitsrohr 24x;Reparaturpaket Euroval  Fußbodenheizung 0
angebohrtes Fußbodenheizungsrohr (Rep. mit Winkel)bestehend aus: - 5 lfm Euroval Sicherheitsrohr 24x;Stk;;;;;
EV-REP01;Reparaturpaket Euroval  Fußbodenheizung 1;213,6;Stk;1;für angebohrtes Fußbodenheizungsrohr (Rep. mit Muffe)bestehend aus: - 5 lfm Euroval Sicherheitsrohr;Reparaturpaket Euroval  Fußbodenheizung 1
für angebohrtes Fußbodenheizungsrohr (Rep. mit Muffe)bestehend aus: - 5 lfm Euroval Sicherheitsrohr;für angebohrtes Fußbodenheizungsrohr (Rep. mit Muffe)bestehend aus: - 5 lfm Euroval Sicherheitsrohr;Reparaturpaket Euroval  Fußbodenheizung 1
für angebohrtes Fußbodenheizungsrohr (Rep. mit Muffe)bestehend aus: - 5 lfm Euroval Sicherheitsrohr;Stk;;;;;
EV-REP02;Reparaturpaket Euroval  Fußbodenheizung 2;244,2;Stk;1;Übergang von Fußbodenheizung auf rund 21mm, Länge 1m mit 3-teiliger Verschraubungbestehend aus:- 5 S;Reparaturpaket Euroval  Fußbodenheizung 2
Übergang von Fußbodenheizung auf rund 21mm, Länge 1m mit 3-teiliger Verschraubungbestehend aus:- 5 S;Übergang von Fußbodenheizung auf rund 21mm, Länge 1m mit 3-teiliger Verschraubungbestehend aus:- 5 S;Reparaturpaket Euroval  Fußbodenheizung 2
Übergang von Fußbodenheizung auf rund 21mm, Länge 1m mit 3-teiliger Verschraubungbestehend aus:- 5 S;Stk;;;;;
EV-REP03;Reparaturpaket Euroval  Fußbodenheizung 3;280,6;Stk;1;Übergang von Fußbodenheizung auf 1/2 AG, Länge 10 cmbestehend aus:- 5 Stk. EUROVAL Übergangsstück vo;Reparaturpaket Euroval  Fußbodenheizung 3
Übergang von Fußbodenheizung auf 1/2 AG, Länge 10 cmbestehend aus:- 5 Stk. EUROVAL Übergangsstück vo;Übergang von Fußbodenheizung auf 1/2 AG, Länge 10 cmbestehend aus:- 5 Stk. EUROVAL Übergangsstück vo;Reparaturpaket Euroval  Fußbodenheizung 3
Übergang von Fußbodenheizung auf 1/2 AG, Länge 10 cmbestehend aus:- 5 Stk. EUROVAL Übergangsstück vo;Stk;;;;;
EV-REP04;Reparaturpaket Euroval  Fußbodenheizung 4;280,6;Stk;1;Übergang von Fußbodenheizung auf 1/2 IG, Länge 10 cmbestehend aus:- 5 Stk. EUROVAL Übergangsstück vo;Reparaturpaket Euroval  Fußbodenheizung 4
Übergang von Fußbodenheizung auf 1/2 IG, Länge 10 cmbestehend aus:- 5 Stk. EUROVAL Übergangsstück vo;Übergang von Fußbodenheizung auf 1/2 IG, Länge 10 cmbestehend aus:- 5 Stk. EUROVAL Übergangsstück vo;Reparaturpaket Euroval  Fußbodenheizung 4
Übergang von Fußbodenheizung auf 1/2 IG, Länge 10 cmbestehend aus:- 5 Stk. EUROVAL Übergangsstück vo;Stk;;;;;
HB20;Haltescheiben weiß, Packung zu 100 Stk.;22,8;Pkg;;;Haltescheiben weiß, Packung zu 100 Stk.
;;Haltescheiben weiß, Packung zu 100 Stk.
;Pkg;;;;;
HB30;Hisan Box - Waschtisch Massivbau;95,2;Stk;20;Größe: 170x290x70mm (BxHxT)Wandwinkel Abstand: 80mmRohrführung: untenRohrlänge: 800mmDruckrohrtype:;Hisan Box - Waschtisch Massivbau
Größe: 170x290x70mm (BxHxT)Wandwinkel Abstand: 80mmRohrführung: untenRohrlänge: 800mmDruckrohrtype:
Waschtisch / Massivbau
Größe: 170x290x70mm (BxHxT)
Wandwinkel Abstand: 80mm
Rohrführung: unten
Rohrlänge: 800mm
Druckrohrtype: Harreither / Dimension:
Ø20mm
Abflusstype: Polokal / Dimension: DN50
Sifonwinkel;Größe: 170x290x70mm (BxHxT)Wandwinkel Abstand: 80mmRohrführung: untenRohrlänge: 800mmDruckrohrtype:;Hisan Box - Waschtisch Massivbau
Größe: 170x290x70mm (BxHxT)Wandwinkel Abstand: 80mmRohrführung: untenRohrlänge: 800mmDruckrohrtype:
Waschtisch / Massivbau
Größe: 170x290x70mm (BxHxT)
Wandwinkel Abstand: 80mm
Rohrführung: unten
Rohrlänge: 800mm
Druckrohrtype: Harreither / Dimension:
Ø20mm
Abflusstype: Polokal / Dimension: DN50
Sifonwinkel;Stk;;;;;
HB31;Hisan Box - Spültisch Massivbau;95,2;Stk;20;Größe: 240x290x70mm (BxHxT)Wandwinkel Abstand: 153mmRohrführung: untenRohrlänge: 800mmDruckrohrtype:;Hisan Box - Spültisch Massivbau
Größe: 240x290x70mm (BxHxT)Wandwinkel Abstand: 153mmRohrführung: untenRohrlänge: 800mmDruckrohrtype:
Spültisch / Massivbau
Größe: 240x290x70mm (BxHxT)
Wandwinkel Abstand: 153mm
Rohrführung: unten
Rohrlänge: 800mm
Druckrohrtype: Harreither / Dimension:
Ø20mm
Abflusstype: Polokal / Dimension: DN50,
Bogen 87,5°;Größe: 240x290x70mm (BxHxT)Wandwinkel Abstand: 153mmRohrführung: untenRohrlänge: 800mmDruckrohrtype:;Hisan Box - Spültisch Massivbau
Größe: 240x290x70mm (BxHxT)Wandwinkel Abstand: 153mmRohrführung: untenRohrlänge: 800mmDruckrohrtype:
Spültisch / Massivbau
Größe: 240x290x70mm (BxHxT)
Wandwinkel Abstand: 153mm
Rohrführung: unten
Rohrlänge: 800mm
Druckrohrtype: Harreither / Dimension:
Ø20mm
Abflusstype: Polokal / Dimension: DN50,
Bogen 87,5°;Stk;;;;;
HB32;Hisan Box - Dusche / Badewanne Massivbau;95,2;Stk;20;Größe: 240x290x70mm (BxHxT)Wandwinkel Abstand: 153mmRohrführung: untenRohrlänge: 1.400mmDruckrohrtyp;Hisan Box - Dusche / Badewanne Massivbau
Größe: 240x290x70mm (BxHxT)Wandwinkel Abstand: 153mmRohrführung: untenRohrlänge: 1.400mmDruckrohrtyp
Dusche, Badewanne / Massivbau
Größe: 240x290x70mm (BxHxT)
Wandwinkel Abstand: 153mm
Rohrführung: unten
Rohrlänge: 1.400mm
Druckrohrtype: Harreither / Dimension:
Ø20mm;Größe: 240x290x70mm (BxHxT)Wandwinkel Abstand: 153mmRohrführung: untenRohrlänge: 1.400mmDruckrohrtyp;Hisan Box - Dusche / Badewanne Massivbau
Größe: 240x290x70mm (BxHxT)Wandwinkel Abstand: 153mmRohrführung: untenRohrlänge: 1.400mmDruckrohrtyp
Dusche, Badewanne / Massivbau
Größe: 240x290x70mm (BxHxT)
Wandwinkel Abstand: 153mm
Rohrführung: unten
Rohrlänge: 1.400mm
Druckrohrtype: Harreither / Dimension:
Ø20mm;Stk;;;;;
HB33;Hisan Box - Waschmaschine Massivbau;99,7;Stk;20;Größe: 170x290x70mm (BxHxT)Rohrführung: untenRohrlänge: 800mmDruckrohrtype: Harreither / Dimension:;Hisan Box - Waschmaschine Massivbau
Größe: 170x290x70mm (BxHxT)Rohrführung: untenRohrlänge: 800mmDruckrohrtype: Harreither / Dimension:
Waschmaschine / Massivbau
Größe: 170x290x70mm (BxHxT)
Rohrführung: unten
Rohrlänge: 800mm
Druckrohrtype: Harreither / Dimension:
Ø20mm
Abflusstype: Polokal / Dimension: DN50
UP-Ablaufsiphon: HL 400;Größe: 170x290x70mm (BxHxT)Rohrführung: untenRohrlänge: 800mmDruckrohrtype: Harreither / Dimension:;Hisan Box - Waschmaschine Massivbau
Größe: 170x290x70mm (BxHxT)Rohrführung: untenRohrlänge: 800mmDruckrohrtype: Harreither / Dimension:
Waschmaschine / Massivbau
Größe: 170x290x70mm (BxHxT)
Rohrführung: unten
Rohrlänge: 800mm
Druckrohrtype: Harreither / Dimension:
Ø20mm
Abflusstype: Polokal / Dimension: DN50
UP-Ablaufsiphon: HL 400;Stk;;;;;
HB40;Hisan Box - Waschtisch Trockenbau;111,6;Stk;20;Größe: 350x290x70mm (BxHxT)Wandwinkel Abstand: 80mmRohrführung: untenRohrlänge: 800mmDruckrohrtype:;Hisan Box - Waschtisch Trockenbau
Größe: 350x290x70mm (BxHxT)Wandwinkel Abstand: 80mmRohrführung: untenRohrlänge: 800mmDruckrohrtype:
Waschtisch / Trockenbau
Größe: 350x290x70mm (BxHxT)
Wandwinkel Abstand: 80mm
Rohrführung: unten
Rohrlänge: 800mm
Druckrohrtype: Harreither / Dimension:
Ø20mm
Abflusstype: Polokal / Dimension: DN50
Sifonwinkel
Zusatz: mit seitlich in den Boxenkörper
fix eingebauten Z-Befestigungsschienen;Größe: 350x290x70mm (BxHxT)Wandwinkel Abstand: 80mmRohrführung: untenRohrlänge: 800mmDruckrohrtype:;Hisan Box - Waschtisch Trockenbau
Größe: 350x290x70mm (BxHxT)Wandwinkel Abstand: 80mmRohrführung: untenRohrlänge: 800mmDruckrohrtype:
Waschtisch / Trockenbau
Größe: 350x290x70mm (BxHxT)
Wandwinkel Abstand: 80mm
Rohrführung: unten
Rohrlänge: 800mm
Druckrohrtype: Harreither / Dimension:
Ø20mm
Abflusstype: Polokal / Dimension: DN50
Sifonwinkel
Zusatz: mit seitlich in den Boxenkörper
fix eingebauten Z-Befestigungsschienen;Stk;;;;;
HB41;Hisan Box - Spültisch Trockenbau;111,6;Stk;20;Größe: 350x290x70mm (BxHxT)Wandwinkel Abstand: 153mmRohrführung: untenRohrlänge: 800mmDruckrohrtype:;Hisan Box - Spültisch Trockenbau
Größe: 350x290x70mm (BxHxT)Wandwinkel Abstand: 153mmRohrführung: untenRohrlänge: 800mmDruckrohrtype:
Spültisch / Trockenbau
Größe: 350x290x70mm (BxHxT)
Wandwinkel Abstand: 153mm
Rohrführung: unten
Rohrlänge: 800mm
Druckrohrtype: Harreither / Dimension:
Ø20mm
Abflusstype: Polokal / Dimension: DN50,
Bogen 87,5°
Zusatz: mit seitlich in den Boxenkörper
fix eingebauten Z-Befestigungsschienen;Größe: 350x290x70mm (BxHxT)Wandwinkel Abstand: 153mmRohrführung: untenRohrlänge: 800mmDruckrohrtype:;Hisan Box - Spültisch Trockenbau
Größe: 350x290x70mm (BxHxT)Wandwinkel Abstand: 153mmRohrführung: untenRohrlänge: 800mmDruckrohrtype:
Spültisch / Trockenbau
Größe: 350x290x70mm (BxHxT)
Wandwinkel Abstand: 153mm
Rohrführung: unten
Rohrlänge: 800mm
Druckrohrtype: Harreither / Dimension:
Ø20mm
Abflusstype: Polokal / Dimension: DN50,
Bogen 87,5°
Zusatz: mit seitlich in den Boxenkörper
fix eingebauten Z-Befestigungsschienen;Stk;;;;;
HB42;Hisan Box - Dusche / Badewanne  Trockenbau;111,6;Stk;20;Größe: 350x290x70mm (BxHxT)Wandwinkel Abstand: 153mmRohrführung: untenRohrlänge: 1.400mmDruckrohrtyp;Hisan Box - Dusche / Badewanne  Trockenbau
Größe: 350x290x70mm (BxHxT)Wandwinkel Abstand: 153mmRohrführung: untenRohrlänge: 1.400mmDruckrohrtyp
Dusche, Badewanne / Trockenbau
Größe: 350x290x70mm (BxHxT)
Wandwinkel Abstand: 153mm
Rohrführung: unten
Rohrlänge: 1.400mm
Druckrohrtype: Harreither / Dimension:
Ø20mm
Zusatz: mit seitlich in den Boxenkörper
fix eingebauten Z-Befestigungsschienen;Größe: 350x290x70mm (BxHxT)Wandwinkel Abstand: 153mmRohrführung: untenRohrlänge: 1.400mmDruckrohrtyp;Hisan Box - Dusche / Badewanne  Trockenbau
Größe: 350x290x70mm (BxHxT)Wandwinkel Abstand: 153mmRohrführung: untenRohrlänge: 1.400mmDruckrohrtyp
Dusche, Badewanne / Trockenbau
Größe: 350x290x70mm (BxHxT)
Wandwinkel Abstand: 153mm
Rohrführung: unten
Rohrlänge: 1.400mm
Druckrohrtype: Harreither / Dimension:
Ø20mm
Zusatz: mit seitlich in den Boxenkörper
fix eingebauten Z-Befestigungsschienen;Stk;;;;;
HB43;Hisan Box - Waschmaschine Trockenbau;116,2;Stk;20;Größe: 350x290x70mm (BxHxT)Rohrführung: untenRohrlänge: 800mmDruckrohrtype: Harreither / Dimension:;Hisan Box - Waschmaschine Trockenbau
Größe: 350x290x70mm (BxHxT)Rohrführung: untenRohrlänge: 800mmDruckrohrtype: Harreither / Dimension:
Waschmaschine / Trockenbau
Größe: 350x290x70mm (BxHxT)
Rohrführung: unten
Rohrlänge: 800mm
Druckrohrtype: Harreither / Dimension:
Ø20mm
Abflusstype: Polokal / Dimension: DN50
UP-Ablaufsiphon: HL 400
Zusatz: mit seitlich in den Boxenkörper
fix eingebauten Z-Befestigungsschienen;Größe: 350x290x70mm (BxHxT)Rohrführung: untenRohrlänge: 800mmDruckrohrtype: Harreither / Dimension:;Hisan Box - Waschmaschine Trockenbau
Größe: 350x290x70mm (BxHxT)Rohrführung: untenRohrlänge: 800mmDruckrohrtype: Harreither / Dimension:
Waschmaschine / Trockenbau
Größe: 350x290x70mm (BxHxT)
Rohrführung: unten
Rohrlänge: 800mm
Druckrohrtype: Harreither / Dimension:
Ø20mm
Abflusstype: Polokal / Dimension: DN50
UP-Ablaufsiphon: HL 400
Zusatz: mit seitlich in den Boxenkörper
fix eingebauten Z-Befestigungsschienen;Stk;;;;;
HC06;Hitherm-Compact 625 x 620 x 10 mm;106,1;Stk;1;Hitherm Compact Heiz- und Kühlelement für Wand, Decken oder Dachschrägen-Flächen. Werkseitig vorgefe;Hitherm-Compact 625 x 620 x 10 mm
Hitherm Compact Heiz- und Kühlelement für Wand, Decken oder Dachschrägen-Flächen. Werkseitig vorgefe
Hitherm Compact Heiz- und Kühlelement
für Wand, Decken oder Dachschrägen-
Flächen. Werkseitig vorgefertigtes Mehr-
schichtelement bestehend aus:
profilierter Polystyrol-Dämmplatte,
Dicke 30 mm, integriertem Hitherm Heiz-
und Kühlregister, Gipsfaserplatte als
fertige Deckschicht
 
Ausführung als universell einsetzbares
Standardelement (im Wandbereich hoch-
stehend) oder als Parapetelement (für
Fensterbrüstung).
 
Beplankung serienmäßig mit 10 mm
Gipsfaserplatte, auf Wunsch gegen Mehr-
preis sowohl in anderen Elementdicken
als auch mit anderen Beplankungs-
materialien lieferbar (erhöhte Liefer-
zeit beachten!)
Höhe der Platte:     620  mm
Gesamtelementhöhe:   700  mm
Elementbreite:        625 mm;Hitherm Compact Heiz- und Kühlelement für Wand, Decken oder Dachschrägen-Flächen. Werkseitig vorgefe;Hitherm-Compact 625 x 620 x 10 mm
Hitherm Compact Heiz- und Kühlelement für Wand, Decken oder Dachschrägen-Flächen. Werkseitig vorgefe
Hitherm Compact Heiz- und Kühlelement
für Wand, Decken oder Dachschrägen-
Flächen. Werkseitig vorgefertigtes Mehr-
schichtelement bestehend aus:
profilierter Polystyrol-Dämmplatte,
Dicke 30 mm, integriertem Hitherm Heiz-
und Kühlregister, Gipsfaserplatte als
fertige Deckschicht
 
Ausführung als universell einsetzbares
Standardelement (im Wandbereich hoch-
stehend) oder als Parapetelement (für
Fensterbrüstung).
 
Beplankung serienmäßig mit 10 mm
Gipsfaserplatte, auf Wunsch gegen Mehr-
preis sowohl in anderen Elementdicken
als auch mit anderen Beplankungs-
materialien lieferbar (erhöhte Liefer-
zeit beachten!)
Höhe der Platte:     620  mm
Gesamtelementhöhe:   700  mm
Elementbreite:        625 mm;Stk;;;;;
HC08;Hitherm-Compact 625 x 620 x 10 mm/Dachschräge;137,3;Stk;1;Ausnehmung in der Mitte der Compact Elemente für zusätzliche Befestigung an Decken oder Dachschrägen;Hitherm-Compact 625 x 620 x 10 mm/Dachschräge
Ausnehmung in der Mitte der Compact Elemente für zusätzliche Befestigung an Decken oder Dachschrägen
Höhe der Platte:     620  mm
Gesamtelementhöhe:   700  mm
Elementbreite:        625 mm;Ausnehmung in der Mitte der Compact Elemente für zusätzliche Befestigung an Decken oder Dachschrägen;Hitherm-Compact 625 x 620 x 10 mm/Dachschräge
Ausnehmung in der Mitte der Compact Elemente für zusätzliche Befestigung an Decken oder Dachschrägen
Höhe der Platte:     620  mm
Gesamtelementhöhe:   700  mm
Elementbreite:        625 mm;Stk;;;;;
HC10;Hitherm-Compact 625 x 1000 x 10 mm;107,2;Stk;1;Hitherm Compact Heiz- und Kühlelement für Wand, Decken oder Dachschrägen-Flächen. Werkseitig vorgefe;Hitherm-Compact 625 x 1000 x 10 mm
Hitherm Compact Heiz- und Kühlelement für Wand, Decken oder Dachschrägen-Flächen. Werkseitig vorgefe
Hitherm Compact Heiz- und Kühlelement
für Wand, Decken oder Dachschrägen-
Flächen. Werkseitig vorgefertigtes Mehr-
schichtelement bestehend aus:
profilierter Polystyrol-Dämmplatte,
Dicke 30 mm, integriertem Hitherm Heiz-
und Kühlregister, Gipsfaserplatte als
fertige Deckschicht
 
Ausführung als universell einsetzbares
Standardelement (im Wandbereich hoch-
stehend) oder als Parapetelement (für
Fensterbrüstung).
 
Beplankung serienmäßig mit 10 mm
Gipsfaserplatte, auf Wunsch gegen Mehr-
preis sowohl in anderen Elementdicken
als auch mit anderen Beplankungs-
materialien lieferbar (erhöhte Liefer-
zeit beachten!)
Höhe der Platte:     1000 mm
Gesamtelementhöhe:   1080 mm
Elementbreite:        625 mm;Hitherm Compact Heiz- und Kühlelement für Wand, Decken oder Dachschrägen-Flächen. Werkseitig vorgefe;Hitherm-Compact 625 x 1000 x 10 mm
Hitherm Compact Heiz- und Kühlelement für Wand, Decken oder Dachschrägen-Flächen. Werkseitig vorgefe
Hitherm Compact Heiz- und Kühlelement
für Wand, Decken oder Dachschrägen-
Flächen. Werkseitig vorgefertigtes Mehr-
schichtelement bestehend aus:
profilierter Polystyrol-Dämmplatte,
Dicke 30 mm, integriertem Hitherm Heiz-
und Kühlregister, Gipsfaserplatte als
fertige Deckschicht
 
Ausführung als universell einsetzbares
Standardelement (im Wandbereich hoch-
stehend) oder als Parapetelement (für
Fensterbrüstung).
 
Beplankung serienmäßig mit 10 mm
Gipsfaserplatte, auf Wunsch gegen Mehr-
preis sowohl in anderen Elementdicken
als auch mit anderen Beplankungs-
materialien lieferbar (erhöhte Liefer-
zeit beachten!)
Höhe der Platte:     1000 mm
Gesamtelementhöhe:   1080 mm
Elementbreite:        625 mm;Stk;;;;;
HC11;Hitherm-Compact 625 x 1000 x 10 mm/Parapet;139,4;Stk;1;Hitherm Compact Heiz- und Kühlelement für Wand, Decken oder Dachschrägen-Flächen. Werkseitig vorgefe;Hitherm-Compact 625 x 1000 x 10 mm/Parapet
Hitherm Compact Heiz- und Kühlelement für Wand, Decken oder Dachschrägen-Flächen. Werkseitig vorgefe
Hitherm Compact Heiz- und Kühlelement
für Wand, Decken oder Dachschrägen-
Flächen. Werkseitig vorgefertigtes Mehr-
schichtelement bestehend aus:
profilierter Polystyrol-Dämmplatte,
Dicke 30 mm, integriertem Hitherm Heiz-
und Kühlregister, Gipsfaserplatte als
fertige Deckschicht
 
Ausführung als universell einsetzbares
Standardelement (im Wandbereich hoch-
stehend) oder als Parapetelement (für
Fensterbrüstung).
 
Beplankung serienmäßig mit 10 mm
Gipsfaserplatte, auf Wunsch gegen Mehr-
preis sowohl in anderen Elementdicken
als auch mit anderen Beplankungs-
materialien lieferbar (erhöhte Liefer-
zeit beachten!)
Höhe der Platte:          mm
Gesamtelementhöhe:    625 mm
Elementbreite:       1000 mm;Hitherm Compact Heiz- und Kühlelement für Wand, Decken oder Dachschrägen-Flächen. Werkseitig vorgefe;Hitherm-Compact 625 x 1000 x 10 mm/Parapet
Hitherm Compact Heiz- und Kühlelement für Wand, Decken oder Dachschrägen-Flächen. Werkseitig vorgefe
Hitherm Compact Heiz- und Kühlelement
für Wand, Decken oder Dachschrägen-
Flächen. Werkseitig vorgefertigtes Mehr-
schichtelement bestehend aus:
profilierter Polystyrol-Dämmplatte,
Dicke 30 mm, integriertem Hitherm Heiz-
und Kühlregister, Gipsfaserplatte als
fertige Deckschicht
 
Ausführung als universell einsetzbares
Standardelement (im Wandbereich hoch-
stehend) oder als Parapetelement (für
Fensterbrüstung).
 
Beplankung serienmäßig mit 10 mm
Gipsfaserplatte, auf Wunsch gegen Mehr-
preis sowohl in anderen Elementdicken
als auch mit anderen Beplankungs-
materialien lieferbar (erhöhte Liefer-
zeit beachten!)
Höhe der Platte:          mm
Gesamtelementhöhe:    625 mm
Elementbreite:       1000 mm;Stk;;;;;
HC12;Hitherm-Compact 625 x 1000 x 10 mm/Dachschräge;138,4;Stk;1;Ausnehmung in der Mitte der Compact Elemente für zusätzliche Befestigung an Decken oder Dachschrägen;Hitherm-Compact 625 x 1000 x 10 mm/Dachschräge
Ausnehmung in der Mitte der Compact Elemente für zusätzliche Befestigung an Decken oder Dachschrägen
Höhe der Platte:     1000 mm
Gesamtelementhöhe:   1080 mm
Elementbreite:        625 mm;Ausnehmung in der Mitte der Compact Elemente für zusätzliche Befestigung an Decken oder Dachschrägen;Hitherm-Compact 625 x 1000 x 10 mm/Dachschräge
Ausnehmung in der Mitte der Compact Elemente für zusätzliche Befestigung an Decken oder Dachschrägen
Höhe der Platte:     1000 mm
Gesamtelementhöhe:   1080 mm
Elementbreite:        625 mm;Stk;;;;;
HC15;Hitherm-Compact 625 x 1500 x 10 mm;178,9;Stk;1;Hitherm Compact Heiz- und Kühlelement für Wand, Decken oder Dachschrägen-Flächen. Werkseitig vorgefe;Hitherm-Compact 625 x 1500 x 10 mm
Hitherm Compact Heiz- und Kühlelement für Wand, Decken oder Dachschrägen-Flächen. Werkseitig vorgefe
Hitherm Compact Heiz- und Kühlelement
für Wand, Decken oder Dachschrägen-
Flächen. Werkseitig vorgefertigtes Mehr-
schichtelement bestehend aus:
profilierter Polystyrol-Dämmplatte,
Dicke 30 mm, integriertem Hitherm Heiz-
und Kühlregister, Gipsfaserplatte als
fertige Deckschicht
 
Ausführung als universell einsetzbares
Standardelement (im Wandbereich hoch-
stehend) oder als Parapetelement (für
Fensterbrüstung).
 
Beplankung serienmäßig mit 10 mm
Gipsfaserplatte, auf Wunsch gegen Mehr-
preis sowohl in anderen Elementdicken
als auch mit anderen Beplankungs-
materialien lieferbar (erhöhte Liefer-
zeit beachten!)
Höhe der Platte:     1500 mm
Gesamtelementhöhe:   1580 mm
Elementbreite:        625 mm;Hitherm Compact Heiz- und Kühlelement für Wand, Decken oder Dachschrägen-Flächen. Werkseitig vorgefe;Hitherm-Compact 625 x 1500 x 10 mm
Hitherm Compact Heiz- und Kühlelement für Wand, Decken oder Dachschrägen-Flächen. Werkseitig vorgefe
Hitherm Compact Heiz- und Kühlelement
für Wand, Decken oder Dachschrägen-
Flächen. Werkseitig vorgefertigtes Mehr-
schichtelement bestehend aus:
profilierter Polystyrol-Dämmplatte,
Dicke 30 mm, integriertem Hitherm Heiz-
und Kühlregister, Gipsfaserplatte als
fertige Deckschicht
 
Ausführung als universell einsetzbares
Standardelement (im Wandbereich hoch-
stehend) oder als Parapetelement (für
Fensterbrüstung).
 
Beplankung serienmäßig mit 10 mm
Gipsfaserplatte, auf Wunsch gegen Mehr-
preis sowohl in anderen Elementdicken
als auch mit anderen Beplankungs-
materialien lieferbar (erhöhte Liefer-
zeit beachten!)
Höhe der Platte:     1500 mm
Gesamtelementhöhe:   1580 mm
Elementbreite:        625 mm;Stk;;;;;
HC16;Hitherm-Compact 625 x 1500 x 10 mm/Parapet;196,5;Stk;1;Hitherm Compact Heiz- und Kühlelement für Wand, Decken oder Dachschrägen-Flächen. Werkseitig vorgefe;Hitherm-Compact 625 x 1500 x 10 mm/Parapet
Hitherm Compact Heiz- und Kühlelement für Wand, Decken oder Dachschrägen-Flächen. Werkseitig vorgefe
Hitherm Compact Heiz- und Kühlelement
für Wand, Decken oder Dachschrägen-
Flächen. Werkseitig vorgefertigtes Mehr-
schichtelement bestehend aus:
profilierter Polystyrol-Dämmplatte,
Dicke 30 mm, integriertem Hitherm Heiz-
und Kühlregister, Gipsfaserplatte als
fertige Deckschicht
 
Ausführung als universell einsetzbares
Standardelement (im Wandbereich hoch-
stehend) oder als Parapetelement (für
Fensterbrüstung).
 
Beplankung serienmäßig mit 10 mm
Gipsfaserplatte, auf Wunsch gegen Mehr-
preis sowohl in anderen Elementdicken
als auch mit anderen Beplankungs-
materialien lieferbar (erhöhte Liefer-
zeit beachten!)
Höhe der Platte:          mm
Gesamtelementhöhe:    625 mm
Elementbreite:       1500 mm;Hitherm Compact Heiz- und Kühlelement für Wand, Decken oder Dachschrägen-Flächen. Werkseitig vorgefe;Hitherm-Compact 625 x 1500 x 10 mm/Parapet
Hitherm Compact Heiz- und Kühlelement für Wand, Decken oder Dachschrägen-Flächen. Werkseitig vorgefe
Hitherm Compact Heiz- und Kühlelement
für Wand, Decken oder Dachschrägen-
Flächen. Werkseitig vorgefertigtes Mehr-
schichtelement bestehend aus:
profilierter Polystyrol-Dämmplatte,
Dicke 30 mm, integriertem Hitherm Heiz-
und Kühlregister, Gipsfaserplatte als
fertige Deckschicht
 
Ausführung als universell einsetzbares
Standardelement (im Wandbereich hoch-
stehend) oder als Parapetelement (für
Fensterbrüstung).
 
Beplankung serienmäßig mit 10 mm
Gipsfaserplatte, auf Wunsch gegen Mehr-
preis sowohl in anderen Elementdicken
als auch mit anderen Beplankungs-
materialien lieferbar (erhöhte Liefer-
zeit beachten!)
Höhe der Platte:          mm
Gesamtelementhöhe:    625 mm
Elementbreite:       1500 mm;Stk;;;;;
HC17;Hitherm-Compact 625 x 1500 x 10 mm/Dachschräge;210,3;Stk;1;Ausnehmung in der Mitte der Compact Elemente für zusätzliche Befestigung an Decken oder Dachschrägen;Hitherm-Compact 625 x 1500 x 10 mm/Dachschräge
Ausnehmung in der Mitte der Compact Elemente für zusätzliche Befestigung an Decken oder Dachschrägen
Höhe der Platte:     1500 mm
Gesamtelementhöhe:   1580 mm
Elementbreite:        625 mm;Ausnehmung in der Mitte der Compact Elemente für zusätzliche Befestigung an Decken oder Dachschrägen;Hitherm-Compact 625 x 1500 x 10 mm/Dachschräge
Ausnehmung in der Mitte der Compact Elemente für zusätzliche Befestigung an Decken oder Dachschrägen
Höhe der Platte:     1500 mm
Gesamtelementhöhe:   1580 mm
Elementbreite:        625 mm;Stk;;;;;
HC20;Hitherm-Compact 625 x 2000 x 10 mm;201,9;Stk;1;Hitherm Compact Heiz- und Kühlelementfür Wand, Decken oder Dachschrägen-Hitherm Compact Heiz- und Kü;Hitherm-Compact 625 x 2000 x 10 mm
Hitherm Compact Heiz- und Kühlelementfür Wand, Decken oder Dachschrägen-Hitherm Compact Heiz- und Kü
Hitherm Compact Heiz- und Kühlelement
für Wand, Decken oder Dachschrägen-
Flächen. Werkseitig vorgefertigtes Mehr-
schichtelement bestehend aus:
profilierter Polystyrol-Dämmplatte,
Dicke 30 mm, integriertem Hitherm Heiz-
und Kühlregister, Gipsfaserplatte als
fertige Deckschicht
 
Ausführung als universell einsetzbares
Standardelement (im Wandbereich hoch-
stehend) oder als Parapetelement (für
Fensterbrüstung).
 
Beplankung serienmäßig mit 10 mm
Gipsfaserplatte, auf Wunsch gegen Mehr-
preis sowohl in anderen Elementdicken
als auch mit anderen Beplankungs-
materialien lieferbar (erhöhte Liefer-
zeit beachten!)
Höhe der Platte:     2000 mm
Gesamtelementhöhe:   2080 mm
Elementbreite:        625 mm;Hitherm Compact Heiz- und Kühlelementfür Wand, Decken oder Dachschrägen-Hitherm Compact Heiz- und Kü;Hitherm-Compact 625 x 2000 x 10 mm
Hitherm Compact Heiz- und Kühlelementfür Wand, Decken oder Dachschrägen-Hitherm Compact Heiz- und Kü
Hitherm Compact Heiz- und Kühlelement
für Wand, Decken oder Dachschrägen-
Flächen. Werkseitig vorgefertigtes Mehr-
schichtelement bestehend aus:
profilierter Polystyrol-Dämmplatte,
Dicke 30 mm, integriertem Hitherm Heiz-
und Kühlregister, Gipsfaserplatte als
fertige Deckschicht
 
Ausführung als universell einsetzbares
Standardelement (im Wandbereich hoch-
stehend) oder als Parapetelement (für
Fensterbrüstung).
 
Beplankung serienmäßig mit 10 mm
Gipsfaserplatte, auf Wunsch gegen Mehr-
preis sowohl in anderen Elementdicken
als auch mit anderen Beplankungs-
materialien lieferbar (erhöhte Liefer-
zeit beachten!)
Höhe der Platte:     2000 mm
Gesamtelementhöhe:   2080 mm
Elementbreite:        625 mm;Stk;;;;;
HC21;Hitherm-Compact 625 x 2000 x 10 mm/Parapet;218;Stk;1;Hitherm Compact Heiz- und Kühlelement für Wand, Decken oder Dachschrägen-Flächen. Werkseitig vorgefe;Hitherm-Compact 625 x 2000 x 10 mm/Parapet
Hitherm Compact Heiz- und Kühlelement für Wand, Decken oder Dachschrägen-Flächen. Werkseitig vorgefe
Hitherm Compact Heiz- und Kühlelement
für Wand, Decken oder Dachschrägen-
Flächen. Werkseitig vorgefertigtes Mehr-
schichtelement bestehend aus:
profilierter Polystyrol-Dämmplatte,
Dicke 30 mm, integriertem Hitherm Heiz-
und Kühlregister, Gipsfaserplatte als
fertige Deckschicht
 
Ausführung als universell einsetzbares
Standardelement (im Wandbereich hoch-
stehend) oder als Parapetelement (für
Fensterbrüstung).
 
Beplankung serienmäßig mit 10 mm
Gipsfaserplatte, auf Wunsch gegen Mehr-
preis sowohl in anderen Elementdicken
als auch mit anderen Beplankungs-
materialien lieferbar (erhöhte Liefer-
zeit beachten!)
Höhe der Platte:          mm
Gesamtelementhöhe:    625 mm
Elementbreite:       2000 mm;Hitherm Compact Heiz- und Kühlelement für Wand, Decken oder Dachschrägen-Flächen. Werkseitig vorgefe;Hitherm-Compact 625 x 2000 x 10 mm/Parapet
Hitherm Compact Heiz- und Kühlelement für Wand, Decken oder Dachschrägen-Flächen. Werkseitig vorgefe
Hitherm Compact Heiz- und Kühlelement
für Wand, Decken oder Dachschrägen-
Flächen. Werkseitig vorgefertigtes Mehr-
schichtelement bestehend aus:
profilierter Polystyrol-Dämmplatte,
Dicke 30 mm, integriertem Hitherm Heiz-
und Kühlregister, Gipsfaserplatte als
fertige Deckschicht
 
Ausführung als universell einsetzbares
Standardelement (im Wandbereich hoch-
stehend) oder als Parapetelement (für
Fensterbrüstung).
 
Beplankung serienmäßig mit 10 mm
Gipsfaserplatte, auf Wunsch gegen Mehr-
preis sowohl in anderen Elementdicken
als auch mit anderen Beplankungs-
materialien lieferbar (erhöhte Liefer-
zeit beachten!)
Höhe der Platte:          mm
Gesamtelementhöhe:    625 mm
Elementbreite:       2000 mm;Stk;;;;;
HC22;Hitherm-Compact 625 x 2000 x 10 mm/Dachschräge;233,4;Stk;1;Ausnehmung in der Mitte der Compact Elemente für zusätzliche Befestigung an Decken oder Dachschrägen;Hitherm-Compact 625 x 2000 x 10 mm/Dachschräge
Ausnehmung in der Mitte der Compact Elemente für zusätzliche Befestigung an Decken oder Dachschrägen
Höhe der Platte:     2000 mm
Gesamtelementhöhe:   2080 mm
Elementbreite:        625 mm;Ausnehmung in der Mitte der Compact Elemente für zusätzliche Befestigung an Decken oder Dachschrägen;Hitherm-Compact 625 x 2000 x 10 mm/Dachschräge
Ausnehmung in der Mitte der Compact Elemente für zusätzliche Befestigung an Decken oder Dachschrägen
Höhe der Platte:     2000 mm
Gesamtelementhöhe:   2080 mm
Elementbreite:        625 mm;Stk;;;;;
HC25;Hitherm-Compact 625 x 2500 x 10 mm;231,5;Stk;1;Hitherm Compact Heiz- und Kühlelement für Wand, Decken oder Dachschrägen-Flächen. Werkseitig vorgefe;Hitherm-Compact 625 x 2500 x 10 mm
Hitherm Compact Heiz- und Kühlelement für Wand, Decken oder Dachschrägen-Flächen. Werkseitig vorgefe
Hitherm Compact Heiz- und Kühlelement
für Wand, Decken oder Dachschrägen-
Flächen. Werkseitig vorgefertigtes Mehr-
schichtelement bestehend aus:
profilierter Polystyrol-Dämmplatte,
Dicke 30 mm, integriertem Hitherm Heiz-
und Kühlregister, Gipsfaserplatte als
fertige Deckschicht
 
Ausführung als universell einsetzbares
Standardelement (im Wandbereich hoch-
stehend) oder als Parapetelement (für
Fensterbrüstung).
 
Beplankung serienmäßig mit 10 mm
Gipsfaserplatte, auf Wunsch gegen Mehr-
preis sowohl in anderen Elementdicken
als auch mit anderen Beplankungs-
materialien lieferbar (erhöhte Liefer-
zeit beachten!)
Höhe der Platte:     2500 mm
Gesamtelementhöhe:   2580 mm
Elementbreite:        625 mm;Hitherm Compact Heiz- und Kühlelement für Wand, Decken oder Dachschrägen-Flächen. Werkseitig vorgefe;Hitherm-Compact 625 x 2500 x 10 mm
Hitherm Compact Heiz- und Kühlelement für Wand, Decken oder Dachschrägen-Flächen. Werkseitig vorgefe
Hitherm Compact Heiz- und Kühlelement
für Wand, Decken oder Dachschrägen-
Flächen. Werkseitig vorgefertigtes Mehr-
schichtelement bestehend aus:
profilierter Polystyrol-Dämmplatte,
Dicke 30 mm, integriertem Hitherm Heiz-
und Kühlregister, Gipsfaserplatte als
fertige Deckschicht
 
Ausführung als universell einsetzbares
Standardelement (im Wandbereich hoch-
stehend) oder als Parapetelement (für
Fensterbrüstung).
 
Beplankung serienmäßig mit 10 mm
Gipsfaserplatte, auf Wunsch gegen Mehr-
preis sowohl in anderen Elementdicken
als auch mit anderen Beplankungs-
materialien lieferbar (erhöhte Liefer-
zeit beachten!)
Höhe der Platte:     2500 mm
Gesamtelementhöhe:   2580 mm
Elementbreite:        625 mm;Stk;;;;;
HC27;Hitherm-Compact 625 x 2500 x 10 mm/Dachschräge;263,1;Stk;1;Ausnehmung in der Mitte der Compact Elemente für zusätzliche Befestigung an Decken oder Dachschrägen;Hitherm-Compact 625 x 2500 x 10 mm/Dachschräge
Ausnehmung in der Mitte der Compact Elemente für zusätzliche Befestigung an Decken oder Dachschrägen
Höhe der Platte:     2500 mm
Gesamtelementhöhe:   2580 mm
Elementbreite:        625 mm;Ausnehmung in der Mitte der Compact Elemente für zusätzliche Befestigung an Decken oder Dachschrägen;Hitherm-Compact 625 x 2500 x 10 mm/Dachschräge
Ausnehmung in der Mitte der Compact Elemente für zusätzliche Befestigung an Decken oder Dachschrägen
Höhe der Platte:     2500 mm
Gesamtelementhöhe:   2580 mm
Elementbreite:        625 mm;Stk;;;;;
HC40;Gipsfaserplatte 625 x 2000 x 10 mm;25,7;Stk;1;Höhe der Platte:  2000 mmBreite der Platte:   625 mmDicker der Platte:    10 mmohne Rundung,gerade g;Gipsfaserplatte 625 x 2000 x 10 mm
Höhe der Platte:  2000 mmBreite der Platte:   625 mmDicker der Platte:    10 mmohne Rundung,gerade g;Höhe der Platte:  2000 mmBreite der Platte:   625 mmDicker der Platte:    10 mmohne Rundung,gerade g;Gipsfaserplatte 625 x 2000 x 10 mm
Höhe der Platte:  2000 mmBreite der Platte:   625 mmDicker der Platte:    10 mmohne Rundung,gerade g;Stk;;;;;
HC41;Fermacell-Fugenkleber;19,2;Stk;1;Kartusche zu 310 ml für ca.15 m²;Fermacell-Fugenkleber
Kartusche zu 310 ml für ca.15 m²;Kartusche zu 310 ml für ca.15 m²;Fermacell-Fugenkleber
Kartusche zu 310 ml für ca.15 m²;Stk;;;;;
HC42;Fermacell-Schnellbauschrauben/VPE 250 (3,9x30);21,9;Pkg;250;inkl. Kreutzschlitzklinge 3,9 x 30 mm;Fermacell-Schnellbauschrauben/VPE 250 (3,9x30)
inkl. Kreutzschlitzklinge 3,9 x 30 mm;inkl. Kreutzschlitzklinge 3,9 x 30 mm;Fermacell-Schnellbauschrauben/VPE 250 (3,9x30)
inkl. Kreutzschlitzklinge 3,9 x 30 mm;Pkg;;;;;
HC43;Fermacell-Schnellbauschrauben/VPE 1000 (3,9x30);58,3;Pkg;1000;inkl. Kreutzschlitzklinge 3,9 x 30 mm;Fermacell-Schnellbauschrauben/VPE 1000 (3,9x30)
inkl. Kreutzschlitzklinge 3,9 x 30 mm;inkl. Kreutzschlitzklinge 3,9 x 30 mm;Fermacell-Schnellbauschrauben/VPE 1000 (3,9x30)
inkl. Kreutzschlitzklinge 3,9 x 30 mm;Pkg;;;;;
HC44;Fermacell-Schnellbauschrauben/VPE 1000 (3,9x40);88,7;Pkg;1000;inkl. Kreuzschlitzklinge,  3,9 x 40 mmBedarf: ca. 13 Stk/m²;Fermacell-Schnellbauschrauben/VPE 1000 (3,9x40)
inkl. Kreuzschlitzklinge,  3,9 x 40 mmBedarf: ca. 13 Stk/m²;inkl. Kreuzschlitzklinge,  3,9 x 40 mmBedarf: ca. 13 Stk/m²;Fermacell-Schnellbauschrauben/VPE 1000 (3,9x40)
inkl. Kreuzschlitzklinge,  3,9 x 40 mmBedarf: ca. 13 Stk/m²;Pkg;;;;;
HC45;Holzstaffel 50x35 mm (einseitig gehobelt);4,41;lfm;;;Holzstaffel 50x35 mm (einseitig gehobelt)
;;Holzstaffel 50x35 mm (einseitig gehobelt)
;lfm;;;;;
HC48;HITHERM-Anschluß-T-Stück rund;4,59;Stk;1;für Hitherm-Compact-Element;HITHERM-Anschluß-T-Stück rund
für Hitherm-Compact-Element;für Hitherm-Compact-Element;HITHERM-Anschluß-T-Stück rund
für Hitherm-Compact-Element;Stk;;;;;
HC50;Hitherm+ T-Stück, DA 21x10x21 mm;2,48;Stk;1;;Hitherm+ T-Stück, DA 21x10x21 mm
;;Hitherm+ T-Stück, DA 21x10x21 mm
;Stk;;;;;
HC56+;Hitherm-Compact+ 625 x 620 x 10 mm DD Innenschw.;108,7;Stk;1;Hitherm Compact Heiz- und Kühlelement für Wand, Decken oder Dachschrägen-Flächen. Werkseitig vorgefe;Hitherm-Compact+ 625 x 620 x 10 mm DD Innenschw.
Hitherm Compact Heiz- und Kühlelement für Wand, Decken oder Dachschrägen-Flächen. Werkseitig vorgefe
Hitherm Compact Heiz- und Kühlelement
für Wand, Decken oder Dachschrägen-
Flächen. Werkseitig vorgefertigtes Mehr-
schichtelement bestehend aus:
profilierter Polystyrol-Dämmplatte,
Dicke 30 mm, integriertem Hitherm Heiz-
und Kühlregister, Gipsfaserplatte als
fertige Deckschicht
 
Ausführung als universell einsetzbares
Standardelement (im Wandbereich hoch-
stehend) oder als Parapetelement (für
Fensterbrüstung).
 
Beplankung serienmäßig mit 10 mm
Gipsfaserplatte, auf Wunsch gegen Mehr-
preis sowohl in anderen Elementdicken
als auch mit anderen Beplankungs-
materialien lieferbar (erhöhte Liefer-
zeit beachten!)
 
mit intergrierter Sauerstoffsperrschicht
Material: PP-R rot
Höhe der Platte:     620  mm
Gesamtelementhöhe:   700  mm
Elementbreite:        625 mm;Hitherm Compact Heiz- und Kühlelement für Wand, Decken oder Dachschrägen-Flächen. Werkseitig vorgefe;Hitherm-Compact+ 625 x 620 x 10 mm DD Innenschw.
Hitherm Compact Heiz- und Kühlelement für Wand, Decken oder Dachschrägen-Flächen. Werkseitig vorgefe
Hitherm Compact Heiz- und Kühlelement
für Wand, Decken oder Dachschrägen-
Flächen. Werkseitig vorgefertigtes Mehr-
schichtelement bestehend aus:
profilierter Polystyrol-Dämmplatte,
Dicke 30 mm, integriertem Hitherm Heiz-
und Kühlregister, Gipsfaserplatte als
fertige Deckschicht
 
Ausführung als universell einsetzbares
Standardelement (im Wandbereich hoch-
stehend) oder als Parapetelement (für
Fensterbrüstung).
 
Beplankung serienmäßig mit 10 mm
Gipsfaserplatte, auf Wunsch gegen Mehr-
preis sowohl in anderen Elementdicken
als auch mit anderen Beplankungs-
materialien lieferbar (erhöhte Liefer-
zeit beachten!)
 
mit intergrierter Sauerstoffsperrschicht
Material: PP-R rot
Höhe der Platte:     620  mm
Gesamtelementhöhe:   700  mm
Elementbreite:        625 mm;Stk;;;;;
HC56M+;Hitherm-Compact+ 625 x 620 x 10 mm DD Innenschw. Mittelanb.;136,8;Stk;1;;Hitherm-Compact+ 625 x 620 x 10 mm DD Innenschw. Mittelanb.
;;Hitherm-Compact+ 625 x 620 x 10 mm DD Innenschw. Mittelanb.
;Stk;;;;;
HC58+;HITHERM-Compact+ 625x620x10mm DD Dachs. Innenschw.;139,9;Stk;1;Hitherm Compact Heiz- und Kühlelementfür Wand, Decken oder Dachschrägen-Flächen. Werkseitig vorgefer;HITHERM-Compact+ 625x620x10mm DD Dachs. Innenschw.
Hitherm Compact Heiz- und Kühlelementfür Wand, Decken oder Dachschrägen-Flächen. Werkseitig vorgefer
Hitherm Compact Heiz- und Kühlelement
für Wand, Decken oder Dachschrägen-
Flächen. Werkseitig vorgefertigtes Mehr-
schichtelement bestehend aus:
profilierter Polystyrol-Dämmplatte,
Dicke 30 mm, integriertem Hitherm Heiz-
und Kühlregister, Gipsfaserplatte als
fertige Deckschicht
 
Ausführung als universell einsetzbares
Standardelement (im Wandbereich hoch-
stehend) oder als Parapetelement (für
Fensterbrüstung).
 
Beplankung serienmäßig mit 10 mm
Gipsfaserplatte, auf Wunsch gegen Mehr-
preis sowohl in anderen Elementdicken
als auch mit anderen Beplankungs-
materialien lieferbar (erhöhte Liefer-
zeit beachten!)
 
mit intergrierter Sauerstoffsperrschicht
Material: PP-R rot
Höhe der Platte:     620  mm
Gesamtelementhöhe:   700  mm
Elementbreite:        625 mm;Hitherm Compact Heiz- und Kühlelementfür Wand, Decken oder Dachschrägen-Flächen. Werkseitig vorgefer;HITHERM-Compact+ 625x620x10mm DD Dachs. Innenschw.
Hitherm Compact Heiz- und Kühlelementfür Wand, Decken oder Dachschrägen-Flächen. Werkseitig vorgefer
Hitherm Compact Heiz- und Kühlelement
für Wand, Decken oder Dachschrägen-
Flächen. Werkseitig vorgefertigtes Mehr-
schichtelement bestehend aus:
profilierter Polystyrol-Dämmplatte,
Dicke 30 mm, integriertem Hitherm Heiz-
und Kühlregister, Gipsfaserplatte als
fertige Deckschicht
 
Ausführung als universell einsetzbares
Standardelement (im Wandbereich hoch-
stehend) oder als Parapetelement (für
Fensterbrüstung).
 
Beplankung serienmäßig mit 10 mm
Gipsfaserplatte, auf Wunsch gegen Mehr-
preis sowohl in anderen Elementdicken
als auch mit anderen Beplankungs-
materialien lieferbar (erhöhte Liefer-
zeit beachten!)
 
mit intergrierter Sauerstoffsperrschicht
Material: PP-R rot
Höhe der Platte:     620  mm
Gesamtelementhöhe:   700  mm
Elementbreite:        625 mm;Stk;;;;;
HC60+;Hitherm-Compact+ 625 x 1000 x 10 mm DD Innenschw.;110,4;Stk;1;Hitherm Compact Heiz- und Kühlelement für Wand, Decken oder Dachschrägen-Flächen. Werkseitig vorgefe;Hitherm-Compact+ 625 x 1000 x 10 mm DD Innenschw.
Hitherm Compact Heiz- und Kühlelement für Wand, Decken oder Dachschrägen-Flächen. Werkseitig vorgefe
Hitherm Compact Heiz- und Kühlelement
für Wand, Decken oder Dachschrägen-
Flächen. Werkseitig vorgefertigtes Mehr-
schichtelement bestehend aus:
profilierter Polystyrol-Dämmplatte,
Dicke 30 mm, integriertem Hitherm Heiz-
und Kühlregister, Gipsfaserplatte als
fertige Deckschicht
 
Ausführung als universell einsetzbares
Standardelement (im Wandbereich hoch-
stehend) oder als Parapetelement (für
Fensterbrüstung).
 
Beplankung serienmäßig mit 10 mm
Gipsfaserplatte, auf Wunsch gegen Mehr-
preis sowohl in anderen Elementdicken
als auch mit anderen Beplankungs-
materialien lieferbar (erhöhte Liefer-
zeit beachten!)
 
mit intergrierter Sauerstoffsperrschicht
Material: PP-R rot
Höhe der Platte:     1000 mm
Gesamtelementhöhe:   1080 mm
Elementbreite:        625 mm;Hitherm Compact Heiz- und Kühlelement für Wand, Decken oder Dachschrägen-Flächen. Werkseitig vorgefe;Hitherm-Compact+ 625 x 1000 x 10 mm DD Innenschw.
Hitherm Compact Heiz- und Kühlelement für Wand, Decken oder Dachschrägen-Flächen. Werkseitig vorgefe
Hitherm Compact Heiz- und Kühlelement
für Wand, Decken oder Dachschrägen-
Flächen. Werkseitig vorgefertigtes Mehr-
schichtelement bestehend aus:
profilierter Polystyrol-Dämmplatte,
Dicke 30 mm, integriertem Hitherm Heiz-
und Kühlregister, Gipsfaserplatte als
fertige Deckschicht
 
Ausführung als universell einsetzbares
Standardelement (im Wandbereich hoch-
stehend) oder als Parapetelement (für
Fensterbrüstung).
 
Beplankung serienmäßig mit 10 mm
Gipsfaserplatte, auf Wunsch gegen Mehr-
preis sowohl in anderen Elementdicken
als auch mit anderen Beplankungs-
materialien lieferbar (erhöhte Liefer-
zeit beachten!)
 
mit intergrierter Sauerstoffsperrschicht
Material: PP-R rot
Höhe der Platte:     1000 mm
Gesamtelementhöhe:   1080 mm
Elementbreite:        625 mm;Stk;;;;;
HC60M+;Hitherm-Compact+ 625 x 1000 x 10 mm DD Innenschw. Mittelanb.;138,6;Stk;1;;Hitherm-Compact+ 625 x 1000 x 10 mm DD Innenschw. Mittelanb.
;;Hitherm-Compact+ 625 x 1000 x 10 mm DD Innenschw. Mittelanb.
;Stk;;;;;
HC61+;HITHERM-Compact+ 625 x 1000 x 10 mm DD/Para. Innenschw.;142,9;Stk;1;Hitherm Compact Heiz- und Kühlelementfür Wand, Decken oder Dachschrägen-Flächen. Werkseitig vorgefer;HITHERM-Compact+ 625 x 1000 x 10 mm DD/Para. Innenschw.
Hitherm Compact Heiz- und Kühlelementfür Wand, Decken oder Dachschrägen-Flächen. Werkseitig vorgefer
Hitherm Compact Heiz- und Kühlelement
für Wand, Decken oder Dachschrägen-
Flächen. Werkseitig vorgefertigtes Mehr-
schichtelement bestehend aus:
profilierter Polystyrol-Dämmplatte,
Dicke 30 mm, integriertem Hitherm Heiz-
und Kühlregister, Gipsfaserplatte als
fertige Deckschicht
 
Ausführung als universell einsetzbares
Standardelement (im Wandbereich hoch-
stehend) oder als Parapetelement (für
Fensterbrüstung).
 
Beplankung serienmäßig mit 10 mm
Gipsfaserplatte, auf Wunsch gegen Mehr-
preis sowohl in anderen Elementdicken
als auch mit anderen Beplankungs-
materialien lieferbar (erhöhte Liefer-
zeit beachten!)
 
mit intergrierter Sauerstoffsperrschicht
Material: PP-R rot
Höhe der Platte:          mm
Gesamtelementhöhe:    625 mm
Elementbreite:       1000 mm;Hitherm Compact Heiz- und Kühlelementfür Wand, Decken oder Dachschrägen-Flächen. Werkseitig vorgefer;HITHERM-Compact+ 625 x 1000 x 10 mm DD/Para. Innenschw.
Hitherm Compact Heiz- und Kühlelementfür Wand, Decken oder Dachschrägen-Flächen. Werkseitig vorgefer
Hitherm Compact Heiz- und Kühlelement
für Wand, Decken oder Dachschrägen-
Flächen. Werkseitig vorgefertigtes Mehr-
schichtelement bestehend aus:
profilierter Polystyrol-Dämmplatte,
Dicke 30 mm, integriertem Hitherm Heiz-
und Kühlregister, Gipsfaserplatte als
fertige Deckschicht
 
Ausführung als universell einsetzbares
Standardelement (im Wandbereich hoch-
stehend) oder als Parapetelement (für
Fensterbrüstung).
 
Beplankung serienmäßig mit 10 mm
Gipsfaserplatte, auf Wunsch gegen Mehr-
preis sowohl in anderen Elementdicken
als auch mit anderen Beplankungs-
materialien lieferbar (erhöhte Liefer-
zeit beachten!)
 
mit intergrierter Sauerstoffsperrschicht
Material: PP-R rot
Höhe der Platte:          mm
Gesamtelementhöhe:    625 mm
Elementbreite:       1000 mm;Stk;;;;;
HC62+;HITHERM-Compact+ 625 x 1000 x 10 mm DD Dachs. Innenschw.;142,2;Stk;1;Ausnehmung in der Mitte der Compact-Elemente für zusätzliche Befestigung an Decken oder Dachschrägen;HITHERM-Compact+ 625 x 1000 x 10 mm DD Dachs. Innenschw.
Ausnehmung in der Mitte der Compact-Elemente für zusätzliche Befestigung an Decken oder Dachschrägen
Hitherm Compact Heiz- und Kühlelement
für Wand, Decken oder Dachschrägen-
Flächen. Werkseitig vorgefertigtes Mehr-
schichtelement bestehend aus:
profilierter Polystyrol-Dämmplatte,
Dicke 30 mm, integriertem Hitherm Heiz-
und Kühlregister, Gipsfaserplatte als
fertige Deckschicht
 
Ausführung als universell einsetzbares
Standardelement (im Wandbereich hoch-
stehend) oder als Parapetelement (für
Fensterbrüstung).
 
Beplankung serienmäßig mit 10 mm
Gipsfaserplatte, auf Wunsch gegen Mehr-
preis sowohl in anderen Elementdicken
als auch mit anderen Beplankungs-
materialien lieferbar (erhöhte Liefer-
zeit beachten!)
 
mit intergrierter Sauerstoffsperrschicht
Material: PP-R rot
Höhe der Platte:     1000 mm
Gesamtelementhöhe:   1080 mm
Elementbreite:        625 mm;Ausnehmung in der Mitte der Compact-Elemente für zusätzliche Befestigung an Decken oder Dachschrägen;HITHERM-Compact+ 625 x 1000 x 10 mm DD Dachs. Innenschw.
Ausnehmung in der Mitte der Compact-Elemente für zusätzliche Befestigung an Decken oder Dachschrägen
Hitherm Compact Heiz- und Kühlelement
für Wand, Decken oder Dachschrägen-
Flächen. Werkseitig vorgefertigtes Mehr-
schichtelement bestehend aus:
profilierter Polystyrol-Dämmplatte,
Dicke 30 mm, integriertem Hitherm Heiz-
und Kühlregister, Gipsfaserplatte als
fertige Deckschicht
 
Ausführung als universell einsetzbares
Standardelement (im Wandbereich hoch-
stehend) oder als Parapetelement (für
Fensterbrüstung).
 
Beplankung serienmäßig mit 10 mm
Gipsfaserplatte, auf Wunsch gegen Mehr-
preis sowohl in anderen Elementdicken
als auch mit anderen Beplankungs-
materialien lieferbar (erhöhte Liefer-
zeit beachten!)
 
mit intergrierter Sauerstoffsperrschicht
Material: PP-R rot
Höhe der Platte:     1000 mm
Gesamtelementhöhe:   1080 mm
Elementbreite:        625 mm;Stk;;;;;
HC65+;Hitherm-Compact+ 625 x 1500 x 10 mm DD Innenschw.;182,2;Stk;1;Hitherm Compact Heiz- und Kühlelement für Wand, Decken oder Dachschrägen-Flächen. Werkseitig vorgefe;Hitherm-Compact+ 625 x 1500 x 10 mm DD Innenschw.
Hitherm Compact Heiz- und Kühlelement für Wand, Decken oder Dachschrägen-Flächen. Werkseitig vorgefe
Hitherm Compact Heiz- und Kühlelement
für Wand, Decken oder Dachschrägen-
Flächen. Werkseitig vorgefertigtes Mehr-
schichtelement bestehend aus:
profilierter Polystyrol-Dämmplatte,
Dicke 30 mm, integriertem Hitherm Heiz-
und Kühlregister, Gipsfaserplatte als
fertige Deckschicht
 
Ausführung als universell einsetzbares
Standardelement (im Wandbereich hoch-
stehend) oder als Parapetelement (für
Fensterbrüstung).
 
Beplankung serienmäßig mit 10 mm
Gipsfaserplatte, auf Wunsch gegen Mehr-
preis sowohl in anderen Elementdicken
als auch mit anderen Beplankungs-
materialien lieferbar (erhöhte Liefer-
zeit beachten!)
 
mit intergrierter Sauerstoffsperrschicht
Material: PP-R rot
Höhe der Platte:     1500 mm
Gesamtelementhöhe:   1580 mm
Elementbreite:        625 mm;Hitherm Compact Heiz- und Kühlelement für Wand, Decken oder Dachschrägen-Flächen. Werkseitig vorgefe;Hitherm-Compact+ 625 x 1500 x 10 mm DD Innenschw.
Hitherm Compact Heiz- und Kühlelement für Wand, Decken oder Dachschrägen-Flächen. Werkseitig vorgefe
Hitherm Compact Heiz- und Kühlelement
für Wand, Decken oder Dachschrägen-
Flächen. Werkseitig vorgefertigtes Mehr-
schichtelement bestehend aus:
profilierter Polystyrol-Dämmplatte,
Dicke 30 mm, integriertem Hitherm Heiz-
und Kühlregister, Gipsfaserplatte als
fertige Deckschicht
 
Ausführung als universell einsetzbares
Standardelement (im Wandbereich hoch-
stehend) oder als Parapetelement (für
Fensterbrüstung).
 
Beplankung serienmäßig mit 10 mm
Gipsfaserplatte, auf Wunsch gegen Mehr-
preis sowohl in anderen Elementdicken
als auch mit anderen Beplankungs-
materialien lieferbar (erhöhte Liefer-
zeit beachten!)
 
mit intergrierter Sauerstoffsperrschicht
Material: PP-R rot
Höhe der Platte:     1500 mm
Gesamtelementhöhe:   1580 mm
Elementbreite:        625 mm;Stk;;;;;
HC65M+;Hitherm-Compact+ 625 x 1500 x 10 mm DD Innenschw. Mittelanb.;210,3;Stk;1;;Hitherm-Compact+ 625 x 1500 x 10 mm DD Innenschw. Mittelanb.
;;Hitherm-Compact+ 625 x 1500 x 10 mm DD Innenschw. Mittelanb.
;Stk;;;;;
HC66+;HITHERM-Compact+ 625 x 1500 x 10 mm DD/Para. Innenschw.;200,6;Stk;1;Hitherm Compact Heiz- und Kühlelementfür Wand, Decken oder Dachschrägen-Flächen. Werkseitig vorgefer;HITHERM-Compact+ 625 x 1500 x 10 mm DD/Para. Innenschw.
Hitherm Compact Heiz- und Kühlelementfür Wand, Decken oder Dachschrägen-Flächen. Werkseitig vorgefer
Hitherm Compact Heiz- und Kühlelement
für Wand, Decken oder Dachschrägen-
Flächen. Werkseitig vorgefertigtes Mehr-
schichtelement bestehend aus:
profilierter Polystyrol-Dämmplatte,
Dicke 30 mm, integriertem Hitherm Heiz-
und Kühlregister, Gipsfaserplatte als
fertige Deckschicht
 
Ausführung als universell einsetzbares
Standardelement (im Wandbereich hoch-
stehend) oder als Parapetelement (für
Fensterbrüstung).
 
Beplankung serienmäßig mit 10 mm
Gipsfaserplatte, auf Wunsch gegen Mehr-
preis sowohl in anderen Elementdicken
als auch mit anderen Beplankungs-
materialien lieferbar (erhöhte Liefer-
zeit beachten!)
Höhe der Platte:          mm
Gesamtelementhöhe:    625 mm
Elementbreite:       1500 mm;Hitherm Compact Heiz- und Kühlelementfür Wand, Decken oder Dachschrägen-Flächen. Werkseitig vorgefer;HITHERM-Compact+ 625 x 1500 x 10 mm DD/Para. Innenschw.
Hitherm Compact Heiz- und Kühlelementfür Wand, Decken oder Dachschrägen-Flächen. Werkseitig vorgefer
Hitherm Compact Heiz- und Kühlelement
für Wand, Decken oder Dachschrägen-
Flächen. Werkseitig vorgefertigtes Mehr-
schichtelement bestehend aus:
profilierter Polystyrol-Dämmplatte,
Dicke 30 mm, integriertem Hitherm Heiz-
und Kühlregister, Gipsfaserplatte als
fertige Deckschicht
 
Ausführung als universell einsetzbares
Standardelement (im Wandbereich hoch-
stehend) oder als Parapetelement (für
Fensterbrüstung).
 
Beplankung serienmäßig mit 10 mm
Gipsfaserplatte, auf Wunsch gegen Mehr-
preis sowohl in anderen Elementdicken
als auch mit anderen Beplankungs-
materialien lieferbar (erhöhte Liefer-
zeit beachten!)
Höhe der Platte:          mm
Gesamtelementhöhe:    625 mm
Elementbreite:       1500 mm;Stk;;;;;
HC67+;HITHERM-Compact+ 625 x 1500 x 10 mm DD Dachs. Innenschw.;214,7;Stk;1;Ausnehmung in der Mitte der Compact-Elemente für zusätzliche Befestigung an Decken oder Dachschrägen;HITHERM-Compact+ 625 x 1500 x 10 mm DD Dachs. Innenschw.
Ausnehmung in der Mitte der Compact-Elemente für zusätzliche Befestigung an Decken oder Dachschrägen
Hitherm Compact Heiz- und Kühlelement
für Wand, Decken oder Dachschrägen-
Flächen. Werkseitig vorgefertigtes Mehr-
schichtelement bestehend aus:
profilierter Polystyrol-Dämmplatte,
Dicke 30 mm, integriertem Hitherm Heiz-
und Kühlregister, Gipsfaserplatte als
fertige Deckschicht
 
Ausführung als universell einsetzbares
Standardelement (im Wandbereich hoch-
stehend) oder als Parapetelement (für
Fensterbrüstung).
 
Beplankung serienmäßig mit 10 mm
Gipsfaserplatte, auf Wunsch gegen Mehr-
preis sowohl in anderen Elementdicken
als auch mit anderen Beplankungs-
materialien lieferbar (erhöhte Liefer-
zeit beachten!)
 
mit intergrierter Sauerstoffsperrschicht
Material: PP-R rot
Höhe der Platte:     1500 mm
Gesamtelementhöhe:   1580 mm
Elementbreite:        625 mm;Ausnehmung in der Mitte der Compact-Elemente für zusätzliche Befestigung an Decken oder Dachschrägen;HITHERM-Compact+ 625 x 1500 x 10 mm DD Dachs. Innenschw.
Ausnehmung in der Mitte der Compact-Elemente für zusätzliche Befestigung an Decken oder Dachschrägen
Hitherm Compact Heiz- und Kühlelement
für Wand, Decken oder Dachschrägen-
Flächen. Werkseitig vorgefertigtes Mehr-
schichtelement bestehend aus:
profilierter Polystyrol-Dämmplatte,
Dicke 30 mm, integriertem Hitherm Heiz-
und Kühlregister, Gipsfaserplatte als
fertige Deckschicht
 
Ausführung als universell einsetzbares
Standardelement (im Wandbereich hoch-
stehend) oder als Parapetelement (für
Fensterbrüstung).
 
Beplankung serienmäßig mit 10 mm
Gipsfaserplatte, auf Wunsch gegen Mehr-
preis sowohl in anderen Elementdicken
als auch mit anderen Beplankungs-
materialien lieferbar (erhöhte Liefer-
zeit beachten!)
 
mit intergrierter Sauerstoffsperrschicht
Material: PP-R rot
Höhe der Platte:     1500 mm
Gesamtelementhöhe:   1580 mm
Elementbreite:        625 mm;Stk;;;;;
HC70+;Hitherm-Compact+ 625 x 2000 x 10 mm DD Innenschw.;206,5;Stk;1;Hitherm Compact Heiz- und Kühlelement für Wand, Decken oder Dachschrägen-Flächen. Werkseitig vorgefe;Hitherm-Compact+ 625 x 2000 x 10 mm DD Innenschw.
Hitherm Compact Heiz- und Kühlelement für Wand, Decken oder Dachschrägen-Flächen. Werkseitig vorgefe
Hitherm Compact Heiz- und Kühlelement
für Wand, Decken oder Dachschrägen-
Flächen. Werkseitig vorgefertigtes Mehr-
schichtelement bestehend aus:
profilierter Polystyrol-Dämmplatte,
Dicke 30 mm, integriertem Hitherm Heiz-
und Kühlregister, Gipsfaserplatte als
fertige Deckschicht
 
Ausführung als universell einsetzbares
Standardelement (im Wandbereich hoch-
stehend) oder als Parapetelement (für
Fensterbrüstung).
 
Beplankung serienmäßig mit 10 mm
Gipsfaserplatte, auf Wunsch gegen Mehr-
preis sowohl in anderen Elementdicken
als auch mit anderen Beplankungs-
materialien lieferbar (erhöhte Liefer-
zeit beachten!)
 
mit intergrierter Sauerstoffsperrschicht
Material: PP-R rot
Höhe der Platte:     2000 mm
Gesamtelementhöhe:   2080 mm
Elementbreite:        625 mm;Hitherm Compact Heiz- und Kühlelement für Wand, Decken oder Dachschrägen-Flächen. Werkseitig vorgefe;Hitherm-Compact+ 625 x 2000 x 10 mm DD Innenschw.
Hitherm Compact Heiz- und Kühlelement für Wand, Decken oder Dachschrägen-Flächen. Werkseitig vorgefe
Hitherm Compact Heiz- und Kühlelement
für Wand, Decken oder Dachschrägen-
Flächen. Werkseitig vorgefertigtes Mehr-
schichtelement bestehend aus:
profilierter Polystyrol-Dämmplatte,
Dicke 30 mm, integriertem Hitherm Heiz-
und Kühlregister, Gipsfaserplatte als
fertige Deckschicht
 
Ausführung als universell einsetzbares
Standardelement (im Wandbereich hoch-
stehend) oder als Parapetelement (für
Fensterbrüstung).
 
Beplankung serienmäßig mit 10 mm
Gipsfaserplatte, auf Wunsch gegen Mehr-
preis sowohl in anderen Elementdicken
als auch mit anderen Beplankungs-
materialien lieferbar (erhöhte Liefer-
zeit beachten!)
 
mit intergrierter Sauerstoffsperrschicht
Material: PP-R rot
Höhe der Platte:     2000 mm
Gesamtelementhöhe:   2080 mm
Elementbreite:        625 mm;Stk;;;;;
HC70M+;Hitherm-Compact+ 625 x 2000 x 10 mm DD Innenschw. Mittelanb.;234,7;Stk;1;;Hitherm-Compact+ 625 x 2000 x 10 mm DD Innenschw. Mittelanb.
;;Hitherm-Compact+ 625 x 2000 x 10 mm DD Innenschw. Mittelanb.
;Stk;;;;;
HC71+;HITHERM-COMPACT+ 625 x 2000 x 10 mm DD/Parapet Innenschw.;222,7;Stk;1;Hitherm Compact Heiz- und Kühlelementfür Wand, Decken oder Dachschrägen-Flächen. Werkseitig vorgefer;HITHERM-COMPACT+ 625 x 2000 x 10 mm DD/Parapet Innenschw.
Hitherm Compact Heiz- und Kühlelementfür Wand, Decken oder Dachschrägen-Flächen. Werkseitig vorgefer
Hitherm Compact Heiz- und Kühlelement
für Wand, Decken oder Dachschrägen-
Flächen. Werkseitig vorgefertigtes Mehr-
schichtelement bestehend aus:
profilierter Polystyrol-Dämmplatte,
Dicke 30 mm, integriertem Hitherm Heiz-
und Kühlregister, Gipsfaserplatte als
fertige Deckschicht
 
Ausführung als universell einsetzbares
Standardelement (im Wandbereich hoch-
stehend) oder als Parapetelement (für
Fensterbrüstung).
 
Beplankung serienmäßig mit 10 mm
Gipsfaserplatte, auf Wunsch gegen Mehr-
preis sowohl in anderen Elementdicken
als auch mit anderen Beplankungs-
materialien lieferbar (erhöhte Liefer-
zeit beachten!)
Höhe der Platte:          mm
Gesamtelementhöhe:    625 mm
Elementbreite:       2000 mm;Hitherm Compact Heiz- und Kühlelementfür Wand, Decken oder Dachschrägen-Flächen. Werkseitig vorgefer;HITHERM-COMPACT+ 625 x 2000 x 10 mm DD/Parapet Innenschw.
Hitherm Compact Heiz- und Kühlelementfür Wand, Decken oder Dachschrägen-Flächen. Werkseitig vorgefer
Hitherm Compact Heiz- und Kühlelement
für Wand, Decken oder Dachschrägen-
Flächen. Werkseitig vorgefertigtes Mehr-
schichtelement bestehend aus:
profilierter Polystyrol-Dämmplatte,
Dicke 30 mm, integriertem Hitherm Heiz-
und Kühlregister, Gipsfaserplatte als
fertige Deckschicht
 
Ausführung als universell einsetzbares
Standardelement (im Wandbereich hoch-
stehend) oder als Parapetelement (für
Fensterbrüstung).
 
Beplankung serienmäßig mit 10 mm
Gipsfaserplatte, auf Wunsch gegen Mehr-
preis sowohl in anderen Elementdicken
als auch mit anderen Beplankungs-
materialien lieferbar (erhöhte Liefer-
zeit beachten!)
Höhe der Platte:          mm
Gesamtelementhöhe:    625 mm
Elementbreite:       2000 mm;Stk;;;;;
HC72+;HITHERM-Compact+ 625 x 2000 x 10 mm DD Dachs. Innenschw.;238,2;Stk;1;Ausnehmung in der Mitte der Compact-Elemente für zusätzliche Befestigung an Decken oder Dachschrägen;HITHERM-Compact+ 625 x 2000 x 10 mm DD Dachs. Innenschw.
Ausnehmung in der Mitte der Compact-Elemente für zusätzliche Befestigung an Decken oder Dachschrägen
Hitherm Compact Heiz- und Kühlelement
für Wand, Decken oder Dachschrägen-
Flächen. Werkseitig vorgefertigtes Mehr-
schichtelement bestehend aus:
profilierter Polystyrol-Dämmplatte,
Dicke 30 mm, integriertem Hitherm Heiz-
und Kühlregister, Gipsfaserplatte als
fertige Deckschicht
 
Ausführung als universell einsetzbares
Standardelement (im Wandbereich hoch-
stehend) oder als Parapetelement (für
Fensterbrüstung).
 
Beplankung serienmäßig mit 10 mm
Gipsfaserplatte, auf Wunsch gegen Mehr-
preis sowohl in anderen Elementdicken
als auch mit anderen Beplankungs-
materialien lieferbar (erhöhte Liefer-
zeit beachten!)
 
mit intergrierter Sauerstoffsperrschicht
Material: PP-R rot
Höhe der Platte:     2000 mm
Gesamtelementhöhe:   2080 mm
Elementbreite:        625 mm;Ausnehmung in der Mitte der Compact-Elemente für zusätzliche Befestigung an Decken oder Dachschrägen;HITHERM-Compact+ 625 x 2000 x 10 mm DD Dachs. Innenschw.
Ausnehmung in der Mitte der Compact-Elemente für zusätzliche Befestigung an Decken oder Dachschrägen
Hitherm Compact Heiz- und Kühlelement
für Wand, Decken oder Dachschrägen-
Flächen. Werkseitig vorgefertigtes Mehr-
schichtelement bestehend aus:
profilierter Polystyrol-Dämmplatte,
Dicke 30 mm, integriertem Hitherm Heiz-
und Kühlregister, Gipsfaserplatte als
fertige Deckschicht
 
Ausführung als universell einsetzbares
Standardelement (im Wandbereich hoch-
stehend) oder als Parapetelement (für
Fensterbrüstung).
 
Beplankung serienmäßig mit 10 mm
Gipsfaserplatte, auf Wunsch gegen Mehr-
preis sowohl in anderen Elementdicken
als auch mit anderen Beplankungs-
materialien lieferbar (erhöhte Liefer-
zeit beachten!)
 
mit intergrierter Sauerstoffsperrschicht
Material: PP-R rot
Höhe der Platte:     2000 mm
Gesamtelementhöhe:   2080 mm
Elementbreite:        625 mm;Stk;;;;;
HC75+;Hitherm-Compact+ 625 x 2500 x 10 mm DD Innenschw.;237,6;Stk;1;Hitherm Compact Heiz- und Kühlelement für Wand, Decken oder Dachschrägen-Flächen. Werkseitig vorgefe;Hitherm-Compact+ 625 x 2500 x 10 mm DD Innenschw.
Hitherm Compact Heiz- und Kühlelement für Wand, Decken oder Dachschrägen-Flächen. Werkseitig vorgefe
Hitherm Compact Heiz- und Kühlelement
für Wand, Decken oder Dachschrägen-
Flächen. Werkseitig vorgefertigtes Mehr-
schichtelement bestehend aus:
profilierter Polystyrol-Dämmplatte,
Dicke 30 mm, integriertem Hitherm Heiz-
und Kühlregister, Gipsfaserplatte als
fertige Deckschicht
 
Ausführung als universell einsetzbares
Standardelement (im Wandbereich hoch-
stehend) oder als Parapetelement (für
Fensterbrüstung).
 
Beplankung serienmäßig mit 10 mm
Gipsfaserplatte, auf Wunsch gegen Mehr-
preis sowohl in anderen Elementdicken
als auch mit anderen Beplankungs-
materialien lieferbar (erhöhte Liefer-
zeit beachten!)
 
mit intergrierter Sauerstoffsperrschicht
Material: PP-R rot
Höhe der Platte:     2500 mm
Gesamtelementhöhe:   2580 mm
Elementbreite:        625 mm;Hitherm Compact Heiz- und Kühlelement für Wand, Decken oder Dachschrägen-Flächen. Werkseitig vorgefe;Hitherm-Compact+ 625 x 2500 x 10 mm DD Innenschw.
Hitherm Compact Heiz- und Kühlelement für Wand, Decken oder Dachschrägen-Flächen. Werkseitig vorgefe
Hitherm Compact Heiz- und Kühlelement
für Wand, Decken oder Dachschrägen-
Flächen. Werkseitig vorgefertigtes Mehr-
schichtelement bestehend aus:
profilierter Polystyrol-Dämmplatte,
Dicke 30 mm, integriertem Hitherm Heiz-
und Kühlregister, Gipsfaserplatte als
fertige Deckschicht
 
Ausführung als universell einsetzbares
Standardelement (im Wandbereich hoch-
stehend) oder als Parapetelement (für
Fensterbrüstung).
 
Beplankung serienmäßig mit 10 mm
Gipsfaserplatte, auf Wunsch gegen Mehr-
preis sowohl in anderen Elementdicken
als auch mit anderen Beplankungs-
materialien lieferbar (erhöhte Liefer-
zeit beachten!)
 
mit intergrierter Sauerstoffsperrschicht
Material: PP-R rot
Höhe der Platte:     2500 mm
Gesamtelementhöhe:   2580 mm
Elementbreite:        625 mm;Stk;;;;;
HC75M+;Hitherm-Compact+ 625 x 2500 x 10 mm DD Innenschw. Mittelanb.;265,7;Stk;1;;Hitherm-Compact+ 625 x 2500 x 10 mm DD Innenschw. Mittelanb.
;;Hitherm-Compact+ 625 x 2500 x 10 mm DD Innenschw. Mittelanb.
;Stk;;;;;
HC77+;HITHERM-Compact+ 625 x 2500 x 10 mm DD Dachs. Innenschw.;268,8;Stk;1;Ausnehmung in der Mitte der Compact-Elemente für zusätzliche Befestigung an Decken oder Dachschrägen;HITHERM-Compact+ 625 x 2500 x 10 mm DD Dachs. Innenschw.
Ausnehmung in der Mitte der Compact-Elemente für zusätzliche Befestigung an Decken oder Dachschrägen
Hitherm Compact Heiz- und Kühlelement
für Wand, Decken oder Dachschrägen-
Flächen. Werkseitig vorgefertigtes Mehr-
schichtelement bestehend aus:
profilierter Polystyrol-Dämmplatte,
Dicke 30 mm, integriertem Hitherm Heiz-
und Kühlregister, Gipsfaserplatte als
fertige Deckschicht
 
Ausführung als universell einsetzbares
Standardelement (im Wandbereich hoch-
stehend) oder als Parapetelement (für
Fensterbrüstung).
 
Beplankung serienmäßig mit 10 mm
Gipsfaserplatte, auf Wunsch gegen Mehr-
preis sowohl in anderen Elementdicken
als auch mit anderen Beplankungs-
materialien lieferbar (erhöhte Liefer-
zeit beachten!)
 
mit intergrierter Sauerstoffsperrschicht
Material: PP-R rot
Höhe der Platte:     2500 mm
Gesamtelementhöhe:   2580 mm
Elementbreite:        625 mm;Ausnehmung in der Mitte der Compact-Elemente für zusätzliche Befestigung an Decken oder Dachschrägen;HITHERM-Compact+ 625 x 2500 x 10 mm DD Dachs. Innenschw.
Ausnehmung in der Mitte der Compact-Elemente für zusätzliche Befestigung an Decken oder Dachschrägen
Hitherm Compact Heiz- und Kühlelement
für Wand, Decken oder Dachschrägen-
Flächen. Werkseitig vorgefertigtes Mehr-
schichtelement bestehend aus:
profilierter Polystyrol-Dämmplatte,
Dicke 30 mm, integriertem Hitherm Heiz-
und Kühlregister, Gipsfaserplatte als
fertige Deckschicht
 
Ausführung als universell einsetzbares
Standardelement (im Wandbereich hoch-
stehend) oder als Parapetelement (für
Fensterbrüstung).
 
Beplankung serienmäßig mit 10 mm
Gipsfaserplatte, auf Wunsch gegen Mehr-
preis sowohl in anderen Elementdicken
als auch mit anderen Beplankungs-
materialien lieferbar (erhöhte Liefer-
zeit beachten!)
 
mit intergrierter Sauerstoffsperrschicht
Material: PP-R rot
Höhe der Platte:     2500 mm
Gesamtelementhöhe:   2580 mm
Elementbreite:        625 mm;Stk;;;;;
HD65;HITHERM++ Ovalendkappe außen rot;2,01;Stk;;;HITHERM++ Ovalendkappe außen rot
;;HITHERM++ Ovalendkappe außen rot
;Stk;;;;;
HD66;Hitherm++ Übergangswinkel ov/ov DD;3,8;Stk;;;Hitherm++ Übergangswinkel ov/ov DD
;;Hitherm++ Übergangswinkel ov/ov DD
;Stk;;;;;
HD69;HITHERM++ Ovalmuffe rot;2,18;Stk;;;HITHERM++ Ovalmuffe rot
;;HITHERM++ Ovalmuffe rot
;Stk;;;;;
HD71;HITHERM++ Übergangswandwinkel ov/ru DD;2,39;Stk;;;HITHERM++ Übergangswandwinkel ov/ru DD
;;HITHERM++ Übergangswandwinkel ov/ru DD
;Stk;;;;;
HD80;Hitherm++ Übergangsmuffe ov/ov;2,98;Stk;;;Hitherm++ Übergangsmuffe ov/ov
;;Hitherm++ Übergangsmuffe ov/ov
;Stk;;;;;
HF21+;HITHERM-Compact+ 625x620x12,5 mm DD Innenschw.;96,2;Stk;1;;HITHERM-Compact+ 625x620x12,5 mm DD Innenschw.
;;HITHERM-Compact+ 625x620x12,5 mm DD Innenschw.
;Stk;;;;;
HF21M+;Hitherm-Compact+ 625 x 620 x 12,5 mm DD Innens. Mittelanb.;141,9;Stk;1;;Hitherm-Compact+ 625 x 620 x 12,5 mm DD Innens. Mittelanb.
;;Hitherm-Compact+ 625 x 620 x 12,5 mm DD Innens. Mittelanb.
;Stk;;;;;
HF22+;HITHERM-Compact+ 625x1000x12,5 mm DD Innenschw.;116;Stk;1;;HITHERM-Compact+ 625x1000x12,5 mm DD Innenschw.
;;HITHERM-Compact+ 625x1000x12,5 mm DD Innenschw.
;Stk;;;;;
HF22M+;Hitherm-Compact+ 625 x 1000 x 12,5 mm DD Innens. Mittelanb.;144,1;Stk;1;;Hitherm-Compact+ 625 x 1000 x 12,5 mm DD Innens. Mittelanb.
;;Hitherm-Compact+ 625 x 1000 x 12,5 mm DD Innens. Mittelanb.
;Stk;;;;;
HF23+;HITHERM-Compact+ 625x1500x12,5 mm DD Innenschw.;191,5;Stk;1;;HITHERM-Compact+ 625x1500x12,5 mm DD Innenschw.
;;HITHERM-Compact+ 625x1500x12,5 mm DD Innenschw.
;Stk;;;;;
HF23M+;Hitherm-Compact+ 625 x 1500 x 12,5 mm DD Innens. Mittelanb.;219,8;Stk;1;;Hitherm-Compact+ 625 x 1500 x 12,5 mm DD Innens. Mittelanb.
;;Hitherm-Compact+ 625 x 1500 x 12,5 mm DD Innens. Mittelanb.
;Stk;;;;;
HF24+;HITHERM-Compact+ 625x2000x12,5 mm DD Innenschw.;216,9;Stk;1;;HITHERM-Compact+ 625x2000x12,5 mm DD Innenschw.
;;HITHERM-Compact+ 625x2000x12,5 mm DD Innenschw.
;Stk;;;;;
HF24M+;Hitherm-Compact+ 625 x 2000 x 12,5 mm DD Innens. Mittelanb.;245,1;Stk;1;;Hitherm-Compact+ 625 x 2000 x 12,5 mm DD Innens. Mittelanb.
;;Hitherm-Compact+ 625 x 2000 x 12,5 mm DD Innens. Mittelanb.
;Stk;;;;;
HF25+;HITHERM-Compact+ 625x2500x12,5 mm DD Innenschw.;244,6;Stk;1;;HITHERM-Compact+ 625x2500x12,5 mm DD Innenschw.
;;HITHERM-Compact+ 625x2500x12,5 mm DD Innenschw.
;Stk;;;;;
HF25M+;Hitherm-Compact+ 625 x 2500 x 12,5 mm DD Innens. Mittelanb.;290,4;Stk;1;;Hitherm-Compact+ 625 x 2500 x 12,5 mm DD Innens. Mittelanb.
;;Hitherm-Compact+ 625 x 2500 x 12,5 mm DD Innens. Mittelanb.
;Stk;;;;;
HF29+;HITHERM-Comp.+ 625x1000x12,5mm DD Dachs. Innenschw.;148,8;Stk;1;;HITHERM-Comp.+ 625x1000x12,5mm DD Dachs. Innenschw.
;;HITHERM-Comp.+ 625x1000x12,5mm DD Dachs. Innenschw.
;Stk;;;;;
HF30+;HITHERM-Comp.+ 625x1500x12,5mm DD Dachs. Innenschw.;225,5;Stk;1;;HITHERM-Comp.+ 625x1500x12,5mm DD Dachs. Innenschw.
;;HITHERM-Comp.+ 625x1500x12,5mm DD Dachs. Innenschw.
;Stk;;;;;
HF31+;HITHERM-Comp.+ 625x2000x12,5mm DD Dachs. Innenschw.;249,9;Stk;1;;HITHERM-Comp.+ 625x2000x12,5mm DD Dachs. Innenschw.
;;HITHERM-Comp.+ 625x2000x12,5mm DD Dachs. Innenschw.
;Stk;;;;;
HF32+;HITHERM-Comp.+ 625x2500x12,5mm DD Dachs. Innenschw.;282,3;Stk;1;;HITHERM-Comp.+ 625x2500x12,5mm DD Dachs. Innenschw.
;;HITHERM-Comp.+ 625x2500x12,5mm DD Dachs. Innenschw.
;Stk;;;;;
HF52+;HITHERM-Compact 625x1500x15 mm  DD Innenschw.;200,6;Stk;1;;HITHERM-Compact 625x1500x15 mm  DD Innenschw.
;;HITHERM-Compact 625x1500x15 mm  DD Innenschw.
;Stk;;;;;
HF53+;HITHERM-Compact 625x2000x15 mm  DD Innenschw.;227,3;Stk;1;;HITHERM-Compact 625x2000x15 mm  DD Innenschw.
;;HITHERM-Compact 625x2000x15 mm  DD Innenschw.
;Stk;;;;;
HF54+;HITHERM-Compact+ 625x2500x15 mm DD Innenschw.;261,4;Stk;1;;HITHERM-Compact+ 625x2500x15 mm DD Innenschw.
;;HITHERM-Compact+ 625x2500x15 mm DD Innenschw.
;Stk;;;;;
HG01G+;HITHERM-Compact+  625x620x12,5mm DD GK Feuchtraum grün;115,3;Stk;1;;HITHERM-Compact+  625x620x12,5mm DD GK Feuchtraum grün
;;HITHERM-Compact+  625x620x12,5mm DD GK Feuchtraum grün
;Stk;;;;;
HG01GM+;HITHERM-Compact+ 625x620x12,5mm GK Feuchtr. grün Mittelanb.;143,3;Stk;1;;HITHERM-Compact+ 625x620x12,5mm GK Feuchtr. grün Mittelanb.
;;HITHERM-Compact+ 625x620x12,5mm GK Feuchtr. grün Mittelanb.
;Stk;;;;;
HG02G+;HITHERM-Compact 625x1000x12,5mm GK Feuchtraum grün (rot);117,2;Stk;1;;HITHERM-Compact 625x1000x12,5mm GK Feuchtraum grün (rot)
;;HITHERM-Compact 625x1000x12,5mm GK Feuchtraum grün (rot)
;Stk;;;;;
HG02GM+;HITHERM-Compact+ 625x1000x12,5mm GK Feuchtr. grün Mittelanb.;145,3;Stk;1;;HITHERM-Compact+ 625x1000x12,5mm GK Feuchtr. grün Mittelanb.
;;HITHERM-Compact+ 625x1000x12,5mm GK Feuchtr. grün Mittelanb.
;Stk;;;;;
HG03G+;HITHERM-Compact+ 625x1500x12,5mm GK Feuchtraum grün (rot);193,2;Stk;1;;HITHERM-Compact+ 625x1500x12,5mm GK Feuchtraum grün (rot)
;;HITHERM-Compact+ 625x1500x12,5mm GK Feuchtraum grün (rot)
;Stk;;;;;
HG03GM+;HITHERM-Compact+ 625x1500x12,5mm GK Feuchtr. grün Mittelanb.;221,3;Stk;1;;HITHERM-Compact+ 625x1500x12,5mm GK Feuchtr. grün Mittelanb.
;;HITHERM-Compact+ 625x1500x12,5mm GK Feuchtr. grün Mittelanb.
;Stk;;;;;
HG04G+;HITHERM-Compact+ 625x2000x12,5mm GK Feuchtraum grün Innens.;218,9;Stk;1;;HITHERM-Compact+ 625x2000x12,5mm GK Feuchtraum grün Innens.
;;HITHERM-Compact+ 625x2000x12,5mm GK Feuchtraum grün Innens.
;Stk;;;;;
HG04GM+;Hitherm-Compact+ 625x2000x12,5mm GK Feuchtr grün. Mittelanb.;247,2;Stk;1;;Hitherm-Compact+ 625x2000x12,5mm GK Feuchtr grün. Mittelanb.
;;Hitherm-Compact+ 625x2000x12,5mm GK Feuchtr grün. Mittelanb.
;Stk;;;;;
HG05G+;HITHERM-Compact+ 625x2500x12,5mm GK Feuchtraum grün (rot);251,7;Stk;1;;HITHERM-Compact+ 625x2500x12,5mm GK Feuchtraum grün (rot)
;;HITHERM-Compact+ 625x2500x12,5mm GK Feuchtraum grün (rot)
;Stk;;;;;
HG06G+;HITHERM-Compact 625x1000x12,5mm GK/Parap Feuchtraum grün (ro;147,7;Stk;1;;HITHERM-Compact 625x1000x12,5mm GK/Parap Feuchtraum grün (ro
;;HITHERM-Compact 625x1000x12,5mm GK/Parap Feuchtraum grün (ro
;Stk;;;;;
HG07G+;HITHERM-Compact+  625x1500x12,5GK/Parap  Feuchtraum grün (ro;207,4;Stk;1;;HITHERM-Compact+  625x1500x12,5GK/Parap  Feuchtraum grün (ro
;;HITHERM-Compact+  625x1500x12,5GK/Parap  Feuchtraum grün (ro
;Stk;;;;;
HG08G+;HITHERM-Compact+ 625x2000x12,5 GK/Parap. Feuchtraum grün (ro;251,7;Stk;1;;HITHERM-Compact+ 625x2000x12,5 GK/Parap. Feuchtraum grün (ro
;;HITHERM-Compact+ 625x2000x12,5 GK/Parap. Feuchtraum grün (ro
;Stk;;;;;
HG21+;HITHERM-Compact+  625x620x12,5mm GK Innens.;112,1;Stk;1;;HITHERM-Compact+  625x620x12,5mm GK Innens.
;;HITHERM-Compact+  625x620x12,5mm GK Innens.
;Stk;;;;;
HG21M+;HITHERM-Compact+  625x620x12,5mm GK Innens. Mittelanbindung;140,1;Stk;1;;HITHERM-Compact+  625x620x12,5mm GK Innens. Mittelanbindung
;;HITHERM-Compact+  625x620x12,5mm GK Innens. Mittelanbindung
;Stk;;;;;
HG22+;HITHERM-Compact+  625x1000x12,5mm GK Innens.;114,1;Stk;1;;HITHERM-Compact+  625x1000x12,5mm GK Innens.
;;HITHERM-Compact+  625x1000x12,5mm GK Innens.
;Stk;;;;;
HG22M+;HITHERM-Compact+  625x1000x12,5mm GK Innens. Mittelanbindung;142,8;Stk;1;;HITHERM-Compact+  625x1000x12,5mm GK Innens. Mittelanbindung
;;HITHERM-Compact+  625x1000x12,5mm GK Innens. Mittelanbindung
;Stk;;;;;
HG23+;HITHERM-Compact+  625x1500x12,5mm GK Innens.;187,7;Stk;1;;HITHERM-Compact+  625x1500x12,5mm GK Innens.
;;HITHERM-Compact+  625x1500x12,5mm GK Innens.
;Stk;;;;;
HG23M+;HITHERM-Compact+  625x1500x12,5mm GK Innens. Mittelanbindung;216,7;Stk;1;;HITHERM-Compact+  625x1500x12,5mm GK Innens. Mittelanbindung
;;HITHERM-Compact+  625x1500x12,5mm GK Innens. Mittelanbindung
;Stk;;;;;
HG24+;HITHERM-Compact+  625x2000x12,5mm GK Innens.;212,8;Stk;1;;HITHERM-Compact+  625x2000x12,5mm GK Innens.
;;HITHERM-Compact+  625x2000x12,5mm GK Innens.
;Stk;;;;;
HG24M+;HITHERM-Compact+ 625x2000 x12,5mm GK Innens. Mittelanbindung;240,9;Stk;1;;HITHERM-Compact+ 625x2000 x12,5mm GK Innens. Mittelanbindung
;;HITHERM-Compact+ 625x2000 x12,5mm GK Innens. Mittelanbindung
;Stk;;;;;
HG25+;HITHERM-Compact+  625x2500x12,5mm GK Innens.;244,6;Stk;1;;HITHERM-Compact+  625x2500x12,5mm GK Innens.
;;HITHERM-Compact+  625x2500x12,5mm GK Innens.
;Stk;;;;;
HG25M+;HITHERM-Compact+ 625x2500 x12,5mm GK Innens. Mittelanbindung;272,9;Stk;1;;HITHERM-Compact+ 625x2500 x12,5mm GK Innens. Mittelanbindung
;;HITHERM-Compact+ 625x2500 x12,5mm GK Innens. Mittelanbindung
;Stk;;;;;
HG26+;HITHERM-Compact+ 625x1000x12,5mm GK/Parap;147,2;Stk;1;;HITHERM-Compact+ 625x1000x12,5mm GK/Parap
;;HITHERM-Compact+ 625x1000x12,5mm GK/Parap
;Stk;;;;;
HG27+;HITHERM-Compac+t 625x1500x12,5mm GK/Parap;194,7;Srk;1;;HITHERM-Compac+t 625x1500x12,5mm GK/Parap
;;HITHERM-Compac+t 625x1500x12,5mm GK/Parap
;Srk;;;;;
HG28+;HITHERM-Compact+ 625x2000x12,5mm GK/Parap;229,3;Stk;1;;HITHERM-Compact+ 625x2000x12,5mm GK/Parap
;;HITHERM-Compact+ 625x2000x12,5mm GK/Parap
;Stk;;;;;
HG29+;HITHERM-Comp.+ 625x1000x12,5mm  Dachs. GK  Innenschw.;146,5;Stk;1;;HITHERM-Comp.+ 625x1000x12,5mm  Dachs. GK  Innenschw.
;;HITHERM-Comp.+ 625x1000x12,5mm  Dachs. GK  Innenschw.
;Stk;;;;;
HG29G+;HITHERM-Comp.+ 625x1000x12,5mm  Dachs. GK Feuchtraum grün;150,7;Stk;1;;HITHERM-Comp.+ 625x1000x12,5mm  Dachs. GK Feuchtraum grün
;;HITHERM-Comp.+ 625x1000x12,5mm  Dachs. GK Feuchtraum grün
;Stk;;;;;
HG30+;HITHERM-Comp.+ 625x1500x12,5mm  Dachs. GK  Innenschw.;221,1;Stk;1;;HITHERM-Comp.+ 625x1500x12,5mm  Dachs. GK  Innenschw.
;;HITHERM-Comp.+ 625x1500x12,5mm  Dachs. GK  Innenschw.
;Stk;;;;;
HG30G+;HITHERM-Comp.+ 625x1500x12,5mm  Dachs. GK  Feuchtraum grün;199,5;Stk;1;;HITHERM-Comp.+ 625x1500x12,5mm  Dachs. GK  Feuchtraum grün
;;HITHERM-Comp.+ 625x1500x12,5mm  Dachs. GK  Feuchtraum grün
;Stk;;;;;
HG31+;HITHERM-Comp.+ 625x2000x12,5mm  Dachs. GK  Innenschw.;245;Stk;1;;HITHERM-Comp.+ 625x2000x12,5mm  Dachs. GK  Innenschw.
;;HITHERM-Comp.+ 625x2000x12,5mm  Dachs. GK  Innenschw.
;Stk;;;;;
HG31G+;HITHERM-Comp.+ 625x2000x12,5mm  Dachs. GK Feuchtraum grün;252,3;Stk;1;;HITHERM-Comp.+ 625x2000x12,5mm  Dachs. GK Feuchtraum grün
;;HITHERM-Comp.+ 625x2000x12,5mm  Dachs. GK Feuchtraum grün
;Stk;;;;;
HG32+;HITHERM-Comp.+ 625x2500x12,5mm  Dachs. GK  Innenschw.;277;Stk;1;;HITHERM-Comp.+ 625x2500x12,5mm  Dachs. GK  Innenschw.
;;HITHERM-Comp.+ 625x2500x12,5mm  Dachs. GK  Innenschw.
;Stk;;;;;
HG32G+;HITHERM-Comp.+ 625x2500x12,5mm  Dachs. GK Feuchtraum grün;285,1;Stk;1;;HITHERM-Comp.+ 625x2500x12,5mm  Dachs. GK Feuchtraum grün
;;HITHERM-Comp.+ 625x2500x12,5mm  Dachs. GK Feuchtraum grün
;Stk;;;;;
HG72+;HITHERM-Compact+  625x1000x15mm GK Innens.;117,4;Stk;1;;HITHERM-Compact+  625x1000x15mm GK Innens.
;;HITHERM-Compact+  625x1000x15mm GK Innens.
;Stk;;;;;
HG72G+;HITHERM-Compact+  625x1000x15mm GK Innens.Feuchtraum grün;154,9;Stk;1;;HITHERM-Compact+  625x1000x15mm GK Innens.Feuchtraum grün
;;HITHERM-Compact+  625x1000x15mm GK Innens.Feuchtraum grün
;Stk;;;;;
HG73+;HITHERM-Compact+  625x1500x15mm GK Innens.;194,3;Stk;1;;HITHERM-Compact+  625x1500x15mm GK Innens.
;;HITHERM-Compact+  625x1500x15mm GK Innens.
;Stk;;;;;
HG73G+;HITHERM-Compact+  625x1500x15mm GK Innens.Feuchtraum grün;198,5;Stk;1;;HITHERM-Compact+  625x1500x15mm GK Innens.Feuchtraum grün
;;HITHERM-Compact+  625x1500x15mm GK Innens.Feuchtraum grün
;Stk;;;;;
HG74+;HITHERM-Compact+  625x2000x15mm GK Innens.;218,8;Stk;1;;HITHERM-Compact+  625x2000x15mm GK Innens.
;;HITHERM-Compact+  625x2000x15mm GK Innens.
;Stk;;;;;
HG74G+;HITHERM-Compact+  625x2000x15mm GK Innens.Feuchtraum grün;225,3;Stk;1;;HITHERM-Compact+  625x2000x15mm GK Innens.Feuchtraum grün
;;HITHERM-Compact+  625x2000x15mm GK Innens.Feuchtraum grün
;Stk;;;;;
HG75+;HITHERM-Compact+  625x2500x15mm GK Innens.;251,9;Stk;1;;HITHERM-Compact+  625x2500x15mm GK Innens.
;;HITHERM-Compact+  625x2500x15mm GK Innens.
;Stk;;;;;
HG76+;HITHERM-Compact+ 625x1000x15mm GK/Parapet Innens.;152,2;Stk;1;;HITHERM-Compact+ 625x1000x15mm GK/Parapet Innens.
;;HITHERM-Compact+ 625x1000x15mm GK/Parapet Innens.
;Stk;;;;;
HG77+;HITHERM-Compact+ 625x1500x15mm GK/Parapet Innens.;212,7;Stk;1;;HITHERM-Compact+ 625x1500x15mm GK/Parapet Innens.
;;HITHERM-Compact+ 625x1500x15mm GK/Parapet Innens.
;Stk;;;;;
HG78+;HITHERM-Compact+ 625x2000x15mm GK/Parapet Innens.;236,2;Stk;1;;HITHERM-Compact+ 625x2000x15mm GK/Parapet Innens.
;;HITHERM-Compact+ 625x2000x15mm GK/Parapet Innens.
;Stk;;;;;
HI05;HITHERM-Hochleistungsregister 500/50 mm;46,5;Stk;13;bestehend aus:2 Stk. Spezial- Heizwasserverteil- und Sammelformrohre in ovaler Ausführungmit integri;HITHERM-Hochleistungsregister 500/50 mm
bestehend aus:2 Stk. Spezial- Heizwasserverteil- und Sammelformrohre in ovaler Ausführungmit integri
bestehend aus:
2 Stk. Spezial- Heizwasserverteil- und 
Sammelformrohre in ovaler Ausführung
mit integrierten Abgängen und ange-
formten Übergangsmuffen zur untrenn-
baren Verbindung der Wärmeregister.
9 Hochleistungsrohre d 10 x 1,5 mm 
für gleichmäßige, hohe Wärmeabgabe des 
Wärmeregisters.
Material: PP-R grau 
Abstand der Leistungsrohre: 50 mm
Wärmeregister-Breite: 515 mm
Wärmeregister-Höhe:500-4500mm
TGM geprüft: 60 Grad C bei 4 bar
Verpackungseinheit: 13 Stk
 
Registerhöhe über 3000 mm auf Anfrage,
werden auf Bestellung gefertigt.;bestehend aus:2 Stk. Spezial- Heizwasserverteil- und Sammelformrohre in ovaler Ausführungmit integri;HITHERM-Hochleistungsregister 500/50 mm
bestehend aus:2 Stk. Spezial- Heizwasserverteil- und Sammelformrohre in ovaler Ausführungmit integri
bestehend aus:
2 Stk. Spezial- Heizwasserverteil- und 
Sammelformrohre in ovaler Ausführung
mit integrierten Abgängen und ange-
formten Übergangsmuffen zur untrenn-
baren Verbindung der Wärmeregister.
9 Hochleistungsrohre d 10 x 1,5 mm 
für gleichmäßige, hohe Wärmeabgabe des 
Wärmeregisters.
Material: PP-R grau 
Abstand der Leistungsrohre: 50 mm
Wärmeregister-Breite: 515 mm
Wärmeregister-Höhe:500-4500mm
TGM geprüft: 60 Grad C bei 4 bar
Verpackungseinheit: 13 Stk
 
Registerhöhe über 3000 mm auf Anfrage,
werden auf Bestellung gefertigt.;Stk;;;;;
HI06;HITHERM-Standardregister 500/100 mm;41,7;Stk;13;bestehend aus:2 Stk. Spezial- Heizwasserverteil- und Sammelformrohre in ovaler Ausführungmit integri;HITHERM-Standardregister 500/100 mm
bestehend aus:2 Stk. Spezial- Heizwasserverteil- und Sammelformrohre in ovaler Ausführungmit integri
Harreither HITHERM Leistungs-Wärme-und
Kühlregister bestehend aus:
2 Stk Spezial-Heizwasserverteil- und
Sammelformrohren in ovaler Ausführung
mit integrierten Abgängen und
Übergangs-
muffen zur untrennbaren Verbindung der
Wärmeregister.
5 Hochleistungsrohre 10 x 1,5 mm für
gleichmäßige, hohe Wärmeabgabe des
Wärmeregisters.
Material: PP-R grau,
Abstand der Leistungsrohre: 100 mm,
Wärmeregister-Breite: 515 mm,
Wärmeregister-Höhe 500-4500 mm
TGM geprüft:60 Grad C bei 4 bar
Verpackungseinheit: 13 Stk
 
Registerhöhe über 3000 mm auf Anfrage,
werden auf Bestellung gefertigt.;bestehend aus:2 Stk. Spezial- Heizwasserverteil- und Sammelformrohre in ovaler Ausführungmit integri;HITHERM-Standardregister 500/100 mm
bestehend aus:2 Stk. Spezial- Heizwasserverteil- und Sammelformrohre in ovaler Ausführungmit integri
Harreither HITHERM Leistungs-Wärme-und
Kühlregister bestehend aus:
2 Stk Spezial-Heizwasserverteil- und
Sammelformrohren in ovaler Ausführung
mit integrierten Abgängen und
Übergangs-
muffen zur untrennbaren Verbindung der
Wärmeregister.
5 Hochleistungsrohre 10 x 1,5 mm für
gleichmäßige, hohe Wärmeabgabe des
Wärmeregisters.
Material: PP-R grau,
Abstand der Leistungsrohre: 100 mm,
Wärmeregister-Breite: 515 mm,
Wärmeregister-Höhe 500-4500 mm
TGM geprüft:60 Grad C bei 4 bar
Verpackungseinheit: 13 Stk
 
Registerhöhe über 3000 mm auf Anfrage,
werden auf Bestellung gefertigt.;Stk;;;;;
HI10;HITHERM-Hochleistungsregister 1000/50 mm;54,1;Stk;13;bestehend aus:2 Stk. Spezial- Heizwasserverteil- und Sammelformrohre in ovaler Ausführungmit integri;HITHERM-Hochleistungsregister 1000/50 mm
bestehend aus:2 Stk. Spezial- Heizwasserverteil- und Sammelformrohre in ovaler Ausführungmit integri
bestehend aus:
2 Stk. Spezial- Heizwasserverteil- und 
Sammelformrohre in ovaler Ausführung
mit integrierten Abgängen und ange-
formten Übergangsmuffen zur untrenn-
baren Verbindung der Wärmeregister.
9 Hochleistungsrohre d 10 x 1,5 mm 
für gleichmäßige, hohe Wärmeabgabe des 
Wärmeregisters.
Material: PP-R grau 
Abstand der Leistungsrohre: 50 mm
Wärmeregister-Breite: 515 mm
Wärmeregister-Höhe:500-4500mm
TGM geprüft: 60 Grad C bei 4 bar
Verpackungseinheit: 13 Stk
 
Registerhöhe über 3000 mm auf Anfrage,
werden auf Bestellung gefertigt.;bestehend aus:2 Stk. Spezial- Heizwasserverteil- und Sammelformrohre in ovaler Ausführungmit integri;HITHERM-Hochleistungsregister 1000/50 mm
bestehend aus:2 Stk. Spezial- Heizwasserverteil- und Sammelformrohre in ovaler Ausführungmit integri
bestehend aus:
2 Stk. Spezial- Heizwasserverteil- und 
Sammelformrohre in ovaler Ausführung
mit integrierten Abgängen und ange-
formten Übergangsmuffen zur untrenn-
baren Verbindung der Wärmeregister.
9 Hochleistungsrohre d 10 x 1,5 mm 
für gleichmäßige, hohe Wärmeabgabe des 
Wärmeregisters.
Material: PP-R grau 
Abstand der Leistungsrohre: 50 mm
Wärmeregister-Breite: 515 mm
Wärmeregister-Höhe:500-4500mm
TGM geprüft: 60 Grad C bei 4 bar
Verpackungseinheit: 13 Stk
 
Registerhöhe über 3000 mm auf Anfrage,
werden auf Bestellung gefertigt.;Stk;;;;;
HI11;HITHERM-Standardregister 1000/100 mm;49,2;Stk;13;bestehend aus:2 Stk. Spezial- Heizwasserverteil- und Sammelformrohre in ovaler Ausführungmit integri;HITHERM-Standardregister 1000/100 mm
bestehend aus:2 Stk. Spezial- Heizwasserverteil- und Sammelformrohre in ovaler Ausführungmit integri
Harreither HITHERM Leistungs-Wärme-und
Kühlregister bestehend aus:
2 Stk Spezial-Heizwasserverteil- und
Sammelformrohren in ovaler Ausführung
mit integrierten Abgängen und
Übergangs-
muffen zur untrennbaren Verbindung der
Wärmeregister.
5 Hochleistungsrohre 10 x 1,5 mm für
gleichmäßige, hohe Wärmeabgabe des
Wärmeregisters.
Material: PP-R grau,
Abstand der Leistungsrohre: 100 mm,
Wärmeregister-Breite: 515 mm,
Wärmeregister-Höhe 500-4500 mm
TGM geprüft:60 Grad C bei 4 bar
Verpackungseinheit: 13 Stk
 
Registerhöhe über 3000 mm auf Anfrage,
werden auf Bestellung gefertigt.;bestehend aus:2 Stk. Spezial- Heizwasserverteil- und Sammelformrohre in ovaler Ausführungmit integri;HITHERM-Standardregister 1000/100 mm
bestehend aus:2 Stk. Spezial- Heizwasserverteil- und Sammelformrohre in ovaler Ausführungmit integri
Harreither HITHERM Leistungs-Wärme-und
Kühlregister bestehend aus:
2 Stk Spezial-Heizwasserverteil- und
Sammelformrohren in ovaler Ausführung
mit integrierten Abgängen und
Übergangs-
muffen zur untrennbaren Verbindung der
Wärmeregister.
5 Hochleistungsrohre 10 x 1,5 mm für
gleichmäßige, hohe Wärmeabgabe des
Wärmeregisters.
Material: PP-R grau,
Abstand der Leistungsrohre: 100 mm,
Wärmeregister-Breite: 515 mm,
Wärmeregister-Höhe 500-4500 mm
TGM geprüft:60 Grad C bei 4 bar
Verpackungseinheit: 13 Stk
 
Registerhöhe über 3000 mm auf Anfrage,
werden auf Bestellung gefertigt.;Stk;;;;;
HI15;HITHERM-Hochleistungsregister 1500/50 mm;70,2;Stk;13;bestehend aus:2 Stk. Spezial- Heizwasserverteil- und Sammelformrohre in ovaler Ausführungmit integri;HITHERM-Hochleistungsregister 1500/50 mm
bestehend aus:2 Stk. Spezial- Heizwasserverteil- und Sammelformrohre in ovaler Ausführungmit integri
bestehend aus:
2 Stk. Spezial- Heizwasserverteil- und 
Sammelformrohre in ovaler Ausführung
mit integrierten Abgängen und ange-
formten Übergangsmuffen zur untrenn-
baren Verbindung der Wärmeregister.
9 Hochleistungsrohre d 10 x 1,5 mm 
für gleichmäßige, hohe Wärmeabgabe des 
Wärmeregisters.
Material: PP-R grau 
Abstand der Leistungsrohre: 50 mm
Wärmeregister-Breite: 515 mm
Wärmeregister-Höhe:500-4500mm
TGM geprüft: 60 Grad C bei 4 bar
Verpackungseinheit: 13 Stk
 
Registerhöhe über 3000 mm auf Anfrage,
werden auf Bestellung gefertigt.;bestehend aus:2 Stk. Spezial- Heizwasserverteil- und Sammelformrohre in ovaler Ausführungmit integri;HITHERM-Hochleistungsregister 1500/50 mm
bestehend aus:2 Stk. Spezial- Heizwasserverteil- und Sammelformrohre in ovaler Ausführungmit integri
bestehend aus:
2 Stk. Spezial- Heizwasserverteil- und 
Sammelformrohre in ovaler Ausführung
mit integrierten Abgängen und ange-
formten Übergangsmuffen zur untrenn-
baren Verbindung der Wärmeregister.
9 Hochleistungsrohre d 10 x 1,5 mm 
für gleichmäßige, hohe Wärmeabgabe des 
Wärmeregisters.
Material: PP-R grau 
Abstand der Leistungsrohre: 50 mm
Wärmeregister-Breite: 515 mm
Wärmeregister-Höhe:500-4500mm
TGM geprüft: 60 Grad C bei 4 bar
Verpackungseinheit: 13 Stk
 
Registerhöhe über 3000 mm auf Anfrage,
werden auf Bestellung gefertigt.;Stk;;;;;
HI16;HITHERM-Standardregister 1500/100 mm;59,1;Stk;13;bestehend aus:2 Stk. Spezial- Heizwasserverteil- und Sammelformrohre in ovaler Ausführungmit integri;HITHERM-Standardregister 1500/100 mm
bestehend aus:2 Stk. Spezial- Heizwasserverteil- und Sammelformrohre in ovaler Ausführungmit integri
Harreither HITHERM Leistungs-Wärme-und
Kühlregister bestehend aus:
2 Stk Spezial-Heizwasserverteil- und
Sammelformrohren in ovaler Ausführung
mit integrierten Abgängen und
Übergangs-
muffen zur untrennbaren Verbindung der
Wärmeregister.
5 Hochleistungsrohre 10 x 1,5 mm für
gleichmäßige, hohe Wärmeabgabe des
Wärmeregisters.
Material: PP-R grau,
Abstand der Leistungsrohre: 100 mm,
Wärmeregister-Breite: 515 mm,
Wärmeregister-Höhe 500-4500 mm
TGM geprüft:60 Grad C bei 4 bar
Verpackungseinheit: 13 Stk
 
Registerhöhe über 3000 mm auf Anfrage,
werden auf Bestellung gefertigt.;bestehend aus:2 Stk. Spezial- Heizwasserverteil- und Sammelformrohre in ovaler Ausführungmit integri;HITHERM-Standardregister 1500/100 mm
bestehend aus:2 Stk. Spezial- Heizwasserverteil- und Sammelformrohre in ovaler Ausführungmit integri
Harreither HITHERM Leistungs-Wärme-und
Kühlregister bestehend aus:
2 Stk Spezial-Heizwasserverteil- und
Sammelformrohren in ovaler Ausführung
mit integrierten Abgängen und
Übergangs-
muffen zur untrennbaren Verbindung der
Wärmeregister.
5 Hochleistungsrohre 10 x 1,5 mm für
gleichmäßige, hohe Wärmeabgabe des
Wärmeregisters.
Material: PP-R grau,
Abstand der Leistungsrohre: 100 mm,
Wärmeregister-Breite: 515 mm,
Wärmeregister-Höhe 500-4500 mm
TGM geprüft:60 Grad C bei 4 bar
Verpackungseinheit: 13 Stk
 
Registerhöhe über 3000 mm auf Anfrage,
werden auf Bestellung gefertigt.;Stk;;;;;
HI20;HITHERM-Hochleistungsregister 2000/50 mm;86,8;Stk;13;bestehend aus:2 Stk. Spezial- Heizwasserverteil- und Sammelformrohre in ovaler Ausführungmit integri;HITHERM-Hochleistungsregister 2000/50 mm
bestehend aus:2 Stk. Spezial- Heizwasserverteil- und Sammelformrohre in ovaler Ausführungmit integri
bestehend aus:
2 Stk. Spezial- Heizwasserverteil- und 
Sammelformrohre in ovaler Ausführung
mit integrierten Abgängen und ange-
formten Übergangsmuffen zur untrenn-
baren Verbindung der Wärmeregister.
9 Hochleistungsrohre d 10 x 1,5 mm 
für gleichmäßige, hohe Wärmeabgabe des 
Wärmeregisters.
Material: PP-R grau 
Abstand der Leistungsrohre: 50 mm
Wärmeregister-Breite: 515 mm
Wärmeregister-Höhe:500-4500mm
TGM geprüft: 60 Grad C bei 4 bar
Verpackungseinheit: 13 Stk
 
Registerhöhe über 3000 mm auf Anfrage,
werden auf Bestellung gefertigt.;bestehend aus:2 Stk. Spezial- Heizwasserverteil- und Sammelformrohre in ovaler Ausführungmit integri;HITHERM-Hochleistungsregister 2000/50 mm
bestehend aus:2 Stk. Spezial- Heizwasserverteil- und Sammelformrohre in ovaler Ausführungmit integri
bestehend aus:
2 Stk. Spezial- Heizwasserverteil- und 
Sammelformrohre in ovaler Ausführung
mit integrierten Abgängen und ange-
formten Übergangsmuffen zur untrenn-
baren Verbindung der Wärmeregister.
9 Hochleistungsrohre d 10 x 1,5 mm 
für gleichmäßige, hohe Wärmeabgabe des 
Wärmeregisters.
Material: PP-R grau 
Abstand der Leistungsrohre: 50 mm
Wärmeregister-Breite: 515 mm
Wärmeregister-Höhe:500-4500mm
TGM geprüft: 60 Grad C bei 4 bar
Verpackungseinheit: 13 Stk
 
Registerhöhe über 3000 mm auf Anfrage,
werden auf Bestellung gefertigt.;Stk;;;;;
HI21;HITHERM-Standardregister 2000/100 mm;65;Stk;13;bestehend aus:2 Stk. Spezial- Heizwasserverteil- und Sammelformrohre in ovaler Ausführungmit integri;HITHERM-Standardregister 2000/100 mm
bestehend aus:2 Stk. Spezial- Heizwasserverteil- und Sammelformrohre in ovaler Ausführungmit integri
Harreither HITHERM Leistungs-Wärme-und
Kühlregister bestehend aus:
2 Stk Spezial-Heizwasserverteil- und
Sammelformrohren in ovaler Ausführung
mit integrierten Abgängen und
Übergangs-
muffen zur untrennbaren Verbindung der
Wärmeregister.
5 Hochleistungsrohre 10 x 1,5 mm für
gleichmäßige, hohe Wärmeabgabe des
Wärmeregisters.
Material: PP-R grau,
Abstand der Leistungsrohre: 100 mm,
Wärmeregister-Breite: 515 mm,
Wärmeregister-Höhe 500-4500 mm
TGM geprüft:60 Grad C bei 4 bar
Verpackungseinheit: 13 Stk
 
Registerhöhe über 3000 mm auf Anfrage,
werden auf Bestellung gefertigt.;bestehend aus:2 Stk. Spezial- Heizwasserverteil- und Sammelformrohre in ovaler Ausführungmit integri;HITHERM-Standardregister 2000/100 mm
bestehend aus:2 Stk. Spezial- Heizwasserverteil- und Sammelformrohre in ovaler Ausführungmit integri
Harreither HITHERM Leistungs-Wärme-und
Kühlregister bestehend aus:
2 Stk Spezial-Heizwasserverteil- und
Sammelformrohren in ovaler Ausführung
mit integrierten Abgängen und
Übergangs-
muffen zur untrennbaren Verbindung der
Wärmeregister.
5 Hochleistungsrohre 10 x 1,5 mm für
gleichmäßige, hohe Wärmeabgabe des
Wärmeregisters.
Material: PP-R grau,
Abstand der Leistungsrohre: 100 mm,
Wärmeregister-Breite: 515 mm,
Wärmeregister-Höhe 500-4500 mm
TGM geprüft:60 Grad C bei 4 bar
Verpackungseinheit: 13 Stk
 
Registerhöhe über 3000 mm auf Anfrage,
werden auf Bestellung gefertigt.;Stk;;;;;
HI25;HITHERM-Hochleistungsregister 2500/50 mm;107,3;Stk;13;bestehend aus:2 Stk. Spezial- Heizwasserverteil- und Sammelformrohre in ovaler Ausführungmit integri;HITHERM-Hochleistungsregister 2500/50 mm
bestehend aus:2 Stk. Spezial- Heizwasserverteil- und Sammelformrohre in ovaler Ausführungmit integri
bestehend aus:
2 Stk. Spezial- Heizwasserverteil- und 
Sammelformrohre in ovaler Ausführung
mit integrierten Abgängen und ange-
formten Übergangsmuffen zur untrenn-
baren Verbindung der Wärmeregister.
9 Hochleistungsrohre d 10 x 1,5 mm 
für gleichmäßige, hohe Wärmeabgabe des 
Wärmeregisters.
Material: PP-R grau 
Abstand der Leistungsrohre: 50 mm
Wärmeregister-Breite: 515 mm
Wärmeregister-Höhe:500-4500mm
TGM geprüft: 60 Grad C bei 4 bar
Verpackungseinheit: 13 Stk
 
Registerhöhe über 3000 mm auf Anfrage,
werden auf Bestellung gefertigt.;bestehend aus:2 Stk. Spezial- Heizwasserverteil- und Sammelformrohre in ovaler Ausführungmit integri;HITHERM-Hochleistungsregister 2500/50 mm
bestehend aus:2 Stk. Spezial- Heizwasserverteil- und Sammelformrohre in ovaler Ausführungmit integri
bestehend aus:
2 Stk. Spezial- Heizwasserverteil- und 
Sammelformrohre in ovaler Ausführung
mit integrierten Abgängen und ange-
formten Übergangsmuffen zur untrenn-
baren Verbindung der Wärmeregister.
9 Hochleistungsrohre d 10 x 1,5 mm 
für gleichmäßige, hohe Wärmeabgabe des 
Wärmeregisters.
Material: PP-R grau 
Abstand der Leistungsrohre: 50 mm
Wärmeregister-Breite: 515 mm
Wärmeregister-Höhe:500-4500mm
TGM geprüft: 60 Grad C bei 4 bar
Verpackungseinheit: 13 Stk
 
Registerhöhe über 3000 mm auf Anfrage,
werden auf Bestellung gefertigt.;Stk;;;;;
HI26;HITHERM-Standardregister 2500/100 mm;74;Stk;13;bestehend aus:2 Stk. Spezial- Heizwasserverteil- und Sammelformrohre in ovaler Ausführungmit integri;HITHERM-Standardregister 2500/100 mm
bestehend aus:2 Stk. Spezial- Heizwasserverteil- und Sammelformrohre in ovaler Ausführungmit integri
Harreither HITHERM Leistungs-Wärme-und
Kühlregister bestehend aus:
2 Stk Spezial-Heizwasserverteil- und
Sammelformrohren in ovaler Ausführung
mit integrierten Abgängen und
Übergangs-
muffen zur untrennbaren Verbindung der
Wärmeregister.
5 Hochleistungsrohre 10 x 1,5 mm für
gleichmäßige, hohe Wärmeabgabe des
Wärmeregisters.
Material: PP-R grau,
Abstand der Leistungsrohre: 100 mm,
Wärmeregister-Breite: 515 mm,
Wärmeregister-Höhe 500-4500 mm
TGM geprüft:60 Grad C bei 4 bar
Verpackungseinheit: 13 Stk
 
Registerhöhe über 3000 mm auf Anfrage,
werden auf Bestellung gefertigt.;bestehend aus:2 Stk. Spezial- Heizwasserverteil- und Sammelformrohre in ovaler Ausführungmit integri;HITHERM-Standardregister 2500/100 mm
bestehend aus:2 Stk. Spezial- Heizwasserverteil- und Sammelformrohre in ovaler Ausführungmit integri
Harreither HITHERM Leistungs-Wärme-und
Kühlregister bestehend aus:
2 Stk Spezial-Heizwasserverteil- und
Sammelformrohren in ovaler Ausführung
mit integrierten Abgängen und
Übergangs-
muffen zur untrennbaren Verbindung der
Wärmeregister.
5 Hochleistungsrohre 10 x 1,5 mm für
gleichmäßige, hohe Wärmeabgabe des
Wärmeregisters.
Material: PP-R grau,
Abstand der Leistungsrohre: 100 mm,
Wärmeregister-Breite: 515 mm,
Wärmeregister-Höhe 500-4500 mm
TGM geprüft:60 Grad C bei 4 bar
Verpackungseinheit: 13 Stk
 
Registerhöhe über 3000 mm auf Anfrage,
werden auf Bestellung gefertigt.;Stk;;;;;
HI30;HITHERM-Hochleistungsregister 3000/50 mm;127,1;Stk;13;bestehend aus:2 Stk. Spezial- Heizwasserverteil- und Sammelformrohre in ovaler Ausführungmit integri;HITHERM-Hochleistungsregister 3000/50 mm
bestehend aus:2 Stk. Spezial- Heizwasserverteil- und Sammelformrohre in ovaler Ausführungmit integri
bestehend aus:
2 Stk. Spezial- Heizwasserverteil- und 
Sammelformrohre in ovaler Ausführung
mit integrierten Abgängen und ange-
formten Übergangsmuffen zur untrenn-
baren Verbindung der Wärmeregister.
9 Hochleistungsrohre d 10 x 1,5 mm 
für gleichmäßige, hohe Wärmeabgabe des 
Wärmeregisters.
Material: PP-R grau 
Abstand der Leistungsrohre: 50 mm
Wärmeregister-Breite: 515 mm
Wärmeregister-Höhe:500-4500mm
TGM geprüft: 60 Grad C bei 4 bar
Verpackungseinheit: 13 Stk
 
Registerhöhe über 3000 mm auf Anfrage,
werden auf Bestellung gefertigt.;bestehend aus:2 Stk. Spezial- Heizwasserverteil- und Sammelformrohre in ovaler Ausführungmit integri;HITHERM-Hochleistungsregister 3000/50 mm
bestehend aus:2 Stk. Spezial- Heizwasserverteil- und Sammelformrohre in ovaler Ausführungmit integri
bestehend aus:
2 Stk. Spezial- Heizwasserverteil- und 
Sammelformrohre in ovaler Ausführung
mit integrierten Abgängen und ange-
formten Übergangsmuffen zur untrenn-
baren Verbindung der Wärmeregister.
9 Hochleistungsrohre d 10 x 1,5 mm 
für gleichmäßige, hohe Wärmeabgabe des 
Wärmeregisters.
Material: PP-R grau 
Abstand der Leistungsrohre: 50 mm
Wärmeregister-Breite: 515 mm
Wärmeregister-Höhe:500-4500mm
TGM geprüft: 60 Grad C bei 4 bar
Verpackungseinheit: 13 Stk
 
Registerhöhe über 3000 mm auf Anfrage,
werden auf Bestellung gefertigt.;Stk;;;;;
HI31;HITHERM-Standardregister 3000/100 mm;87,2;Stk;13;bestehend aus:2 Stk. Spezial- Heizwasserverteil- und Sammelformrohre in ovaler Ausführungmit integri;HITHERM-Standardregister 3000/100 mm
bestehend aus:2 Stk. Spezial- Heizwasserverteil- und Sammelformrohre in ovaler Ausführungmit integri
Harreither HITHERM Leistungs-Wärme-und
Kühlregister bestehend aus:
2 Stk Spezial-Heizwasserverteil- und
Sammelformrohren in ovaler Ausführung
mit integrierten Abgängen und
Übergangs-
muffen zur untrennbaren Verbindung der
Wärmeregister.
5 Hochleistungsrohre 10 x 1,5 mm für
gleichmäßige, hohe Wärmeabgabe des
Wärmeregisters.
Material: PP-R grau,
Abstand der Leistungsrohre: 100 mm,
Wärmeregister-Breite: 515 mm,
Wärmeregister-Höhe 500-4500 mm
TGM geprüft:60 Grad C bei 4 bar
Verpackungseinheit: 13 Stk
 
Registerhöhe über 3000 mm auf Anfrage,
werden auf Bestellung gefertigt.;bestehend aus:2 Stk. Spezial- Heizwasserverteil- und Sammelformrohre in ovaler Ausführungmit integri;HITHERM-Standardregister 3000/100 mm
bestehend aus:2 Stk. Spezial- Heizwasserverteil- und Sammelformrohre in ovaler Ausführungmit integri
Harreither HITHERM Leistungs-Wärme-und
Kühlregister bestehend aus:
2 Stk Spezial-Heizwasserverteil- und
Sammelformrohren in ovaler Ausführung
mit integrierten Abgängen und
Übergangs-
muffen zur untrennbaren Verbindung der
Wärmeregister.
5 Hochleistungsrohre 10 x 1,5 mm für
gleichmäßige, hohe Wärmeabgabe des
Wärmeregisters.
Material: PP-R grau,
Abstand der Leistungsrohre: 100 mm,
Wärmeregister-Breite: 515 mm,
Wärmeregister-Höhe 500-4500 mm
TGM geprüft:60 Grad C bei 4 bar
Verpackungseinheit: 13 Stk
 
Registerhöhe über 3000 mm auf Anfrage,
werden auf Bestellung gefertigt.;Stk;;;;;
HI35;HITHERM-Hochleistungsregister 3500/50 mm;153,7;Stk;13;bestehend aus:2 Stk. Spezial- Heizwasserverteil- und Sammelformrohre in ovaler Ausführungmit integri;HITHERM-Hochleistungsregister 3500/50 mm
bestehend aus:2 Stk. Spezial- Heizwasserverteil- und Sammelformrohre in ovaler Ausführungmit integri
bestehend aus:
2 Stk. Spezial- Heizwasserverteil- und 
Sammelformrohre in ovaler Ausführung
mit integrierten Abgängen und ange-
formten Übergangsmuffen zur untrenn-
baren Verbindung der Wärmeregister.
9 Hochleistungsrohre d 10 x 1,5 mm 
für gleichmäßige, hohe Wärmeabgabe des 
Wärmeregisters.
Material: PP-R grau 
Abstand der Leistungsrohre: 50 mm
Wärmeregister-Breite: 515 mm
Wärmeregister-Höhe:500-4500mm
TGM geprüft: 60 Grad C bei 4 bar
Verpackungseinheit: 13 Stk
 
Registerhöhe über 3000 mm auf Anfrage,
werden auf Bestellung gefertigt.;bestehend aus:2 Stk. Spezial- Heizwasserverteil- und Sammelformrohre in ovaler Ausführungmit integri;HITHERM-Hochleistungsregister 3500/50 mm
bestehend aus:2 Stk. Spezial- Heizwasserverteil- und Sammelformrohre in ovaler Ausführungmit integri
bestehend aus:
2 Stk. Spezial- Heizwasserverteil- und 
Sammelformrohre in ovaler Ausführung
mit integrierten Abgängen und ange-
formten Übergangsmuffen zur untrenn-
baren Verbindung der Wärmeregister.
9 Hochleistungsrohre d 10 x 1,5 mm 
für gleichmäßige, hohe Wärmeabgabe des 
Wärmeregisters.
Material: PP-R grau 
Abstand der Leistungsrohre: 50 mm
Wärmeregister-Breite: 515 mm
Wärmeregister-Höhe:500-4500mm
TGM geprüft: 60 Grad C bei 4 bar
Verpackungseinheit: 13 Stk
 
Registerhöhe über 3000 mm auf Anfrage,
werden auf Bestellung gefertigt.;Stk;;;;;
HI36;HITHERM-Standardregister 3500/100 mm;106,6;Stk;13;bestehend aus:2 Stk. Spezial- Heizwasserverteil- und Sammelformrohre in ovaler Ausführungmit integri;HITHERM-Standardregister 3500/100 mm
bestehend aus:2 Stk. Spezial- Heizwasserverteil- und Sammelformrohre in ovaler Ausführungmit integri
Harreither HITHERM Leistungs-Wärme-und
Kühlregister bestehend aus:
2 Stk Spezial-Heizwasserverteil- und
Sammelformrohren in ovaler Ausführung
mit integrierten Abgängen und
Übergangs-
muffen zur untrennbaren Verbindung der
Wärmeregister.
5 Hochleistungsrohre 10 x 1,5 mm für
gleichmäßige, hohe Wärmeabgabe des
Wärmeregisters.
Material: PP-R grau,
Abstand der Leistungsrohre: 100 mm,
Wärmeregister-Breite: 515 mm,
Wärmeregister-Höhe 500-4500 mm
TGM geprüft:60 Grad C bei 4 bar
Verpackungseinheit: 13 Stk
 
Registerhöhe über 3000 mm auf Anfrage,
werden auf Bestellung gefertigt.;bestehend aus:2 Stk. Spezial- Heizwasserverteil- und Sammelformrohre in ovaler Ausführungmit integri;HITHERM-Standardregister 3500/100 mm
bestehend aus:2 Stk. Spezial- Heizwasserverteil- und Sammelformrohre in ovaler Ausführungmit integri
Harreither HITHERM Leistungs-Wärme-und
Kühlregister bestehend aus:
2 Stk Spezial-Heizwasserverteil- und
Sammelformrohren in ovaler Ausführung
mit integrierten Abgängen und
Übergangs-
muffen zur untrennbaren Verbindung der
Wärmeregister.
5 Hochleistungsrohre 10 x 1,5 mm für
gleichmäßige, hohe Wärmeabgabe des
Wärmeregisters.
Material: PP-R grau,
Abstand der Leistungsrohre: 100 mm,
Wärmeregister-Breite: 515 mm,
Wärmeregister-Höhe 500-4500 mm
TGM geprüft:60 Grad C bei 4 bar
Verpackungseinheit: 13 Stk
 
Registerhöhe über 3000 mm auf Anfrage,
werden auf Bestellung gefertigt.;Stk;;;;;
HI37;HITHERM-Hochleistungsregister 4000/50 mm;175,7;Stk;13;bestehend aus:2 Stk. Spezial- Heizwasserverteil- und Sammelformrohre in ovaler Ausführungmit integri;HITHERM-Hochleistungsregister 4000/50 mm
bestehend aus:2 Stk. Spezial- Heizwasserverteil- und Sammelformrohre in ovaler Ausführungmit integri
bestehend aus:
2 Stk. Spezial- Heizwasserverteil- und 
Sammelformrohre in ovaler Ausführung
mit integrierten Abgängen und ange-
formten Übergangsmuffen zur untrenn-
baren Verbindung der Wärmeregister.
9 Hochleistungsrohre d 10 x 1,5 mm 
für gleichmäßige, hohe Wärmeabgabe des 
Wärmeregisters.
Material: PP-R grau 
Abstand der Leistungsrohre: 50 mm
Wärmeregister-Breite: 515 mm
Wärmeregister-Höhe:500-4500mm
TGM geprüft: 60 Grad C bei 4 bar
Verpackungseinheit: 13 Stk
 
Registerhöhe über 3000 mm auf Anfrage,
werden auf Bestellung gefertigt.;bestehend aus:2 Stk. Spezial- Heizwasserverteil- und Sammelformrohre in ovaler Ausführungmit integri;HITHERM-Hochleistungsregister 4000/50 mm
bestehend aus:2 Stk. Spezial- Heizwasserverteil- und Sammelformrohre in ovaler Ausführungmit integri
bestehend aus:
2 Stk. Spezial- Heizwasserverteil- und 
Sammelformrohre in ovaler Ausführung
mit integrierten Abgängen und ange-
formten Übergangsmuffen zur untrenn-
baren Verbindung der Wärmeregister.
9 Hochleistungsrohre d 10 x 1,5 mm 
für gleichmäßige, hohe Wärmeabgabe des 
Wärmeregisters.
Material: PP-R grau 
Abstand der Leistungsrohre: 50 mm
Wärmeregister-Breite: 515 mm
Wärmeregister-Höhe:500-4500mm
TGM geprüft: 60 Grad C bei 4 bar
Verpackungseinheit: 13 Stk
 
Registerhöhe über 3000 mm auf Anfrage,
werden auf Bestellung gefertigt.;Stk;;;;;
HI38;HITHERM-Standardregister 4000/100 mm;123,2;Stk;13;bestehend aus:2 Stk. Spezial- Heizwasserverteil- und Sammelformrohre in ovaler Ausführungmit integri;HITHERM-Standardregister 4000/100 mm
bestehend aus:2 Stk. Spezial- Heizwasserverteil- und Sammelformrohre in ovaler Ausführungmit integri
Harreither HITHERM Leistungs-Wärme-und
Kühlregister bestehend aus:
2 Stk Spezial-Heizwasserverteil- und
Sammelformrohren in ovaler Ausführung
mit integrierten Abgängen und
Übergangs-
muffen zur untrennbaren Verbindung der
Wärmeregister.
5 Hochleistungsrohre 10 x 1,5 mm für
gleichmäßige, hohe Wärmeabgabe des
Wärmeregisters.
Material: PP-R grau,
Abstand der Leistungsrohre: 100 mm,
Wärmeregister-Breite: 515 mm,
Wärmeregister-Höhe 500-4500 mm
TGM geprüft:60 Grad C bei 4 bar
Verpackungseinheit: 13 Stk
 
Registerhöhe über 3000 mm auf Anfrage,
werden auf Bestellung gefertigt.;bestehend aus:2 Stk. Spezial- Heizwasserverteil- und Sammelformrohre in ovaler Ausführungmit integri;HITHERM-Standardregister 4000/100 mm
bestehend aus:2 Stk. Spezial- Heizwasserverteil- und Sammelformrohre in ovaler Ausführungmit integri
Harreither HITHERM Leistungs-Wärme-und
Kühlregister bestehend aus:
2 Stk Spezial-Heizwasserverteil- und
Sammelformrohren in ovaler Ausführung
mit integrierten Abgängen und
Übergangs-
muffen zur untrennbaren Verbindung der
Wärmeregister.
5 Hochleistungsrohre 10 x 1,5 mm für
gleichmäßige, hohe Wärmeabgabe des
Wärmeregisters.
Material: PP-R grau,
Abstand der Leistungsrohre: 100 mm,
Wärmeregister-Breite: 515 mm,
Wärmeregister-Höhe 500-4500 mm
TGM geprüft:60 Grad C bei 4 bar
Verpackungseinheit: 13 Stk
 
Registerhöhe über 3000 mm auf Anfrage,
werden auf Bestellung gefertigt.;Stk;;;;;
HI39;HITHERM-Hochleistungsregister 4500/50 mm;196,8;Stk;13;bestehend aus:2 Stk. Spezial- Heizwasserverteil- und Sammelformrohre in ovaler Ausführungmit integri;HITHERM-Hochleistungsregister 4500/50 mm
bestehend aus:2 Stk. Spezial- Heizwasserverteil- und Sammelformrohre in ovaler Ausführungmit integri
bestehend aus:
2 Stk. Spezial- Heizwasserverteil- und 
Sammelformrohre in ovaler Ausführung
mit integrierten Abgängen und ange-
formten Übergangsmuffen zur untrenn-
baren Verbindung der Wärmeregister.
9 Hochleistungsrohre d 10 x 1,5 mm 
für gleichmäßige, hohe Wärmeabgabe des 
Wärmeregisters.
Material: PP-R grau 
Abstand der Leistungsrohre: 50 mm
Wärmeregister-Breite: 515 mm
Wärmeregister-Höhe:500-4500mm
TGM geprüft: 60 Grad C bei 4 bar
Verpackungseinheit: 13 Stk
 
Registerhöhe über 3000 mm auf Anfrage,
werden auf Bestellung gefertigt.;bestehend aus:2 Stk. Spezial- Heizwasserverteil- und Sammelformrohre in ovaler Ausführungmit integri;HITHERM-Hochleistungsregister 4500/50 mm
bestehend aus:2 Stk. Spezial- Heizwasserverteil- und Sammelformrohre in ovaler Ausführungmit integri
bestehend aus:
2 Stk. Spezial- Heizwasserverteil- und 
Sammelformrohre in ovaler Ausführung
mit integrierten Abgängen und ange-
formten Übergangsmuffen zur untrenn-
baren Verbindung der Wärmeregister.
9 Hochleistungsrohre d 10 x 1,5 mm 
für gleichmäßige, hohe Wärmeabgabe des 
Wärmeregisters.
Material: PP-R grau 
Abstand der Leistungsrohre: 50 mm
Wärmeregister-Breite: 515 mm
Wärmeregister-Höhe:500-4500mm
TGM geprüft: 60 Grad C bei 4 bar
Verpackungseinheit: 13 Stk
 
Registerhöhe über 3000 mm auf Anfrage,
werden auf Bestellung gefertigt.;Stk;;;;;
HI40;Dübelhaken einfach;0,49;Stk;50;Verpackungseinheit: 50 Stk.;Dübelhaken einfach
Verpackungseinheit: 50 Stk.;Verpackungseinheit: 50 Stk.;Dübelhaken einfach
Verpackungseinheit: 50 Stk.;Stk;;;;;
HI41;Armierungsgewebe (m²);4,05;m2;50;Spezialgewebe für Wandheizungen;Armierungsgewebe (m²)
Spezialgewebe für Wandheizungen;Spezialgewebe für Wandheizungen;Armierungsgewebe (m²)
Spezialgewebe für Wandheizungen;m2;;;;;
HI47;HITHERM-Hochleistungsregister 5000/50 mm;220,3;Stk;;bestehend aus:2 Stk. Spezial- Heizwasserverteil- und Sammelformrohre in ovaler Ausführungmit integri;HITHERM-Hochleistungsregister 5000/50 mm
bestehend aus:2 Stk. Spezial- Heizwasserverteil- und Sammelformrohre in ovaler Ausführungmit integri;bestehend aus:2 Stk. Spezial- Heizwasserverteil- und Sammelformrohre in ovaler Ausführungmit integri;HITHERM-Hochleistungsregister 5000/50 mm
bestehend aus:2 Stk. Spezial- Heizwasserverteil- und Sammelformrohre in ovaler Ausführungmit integri;Stk;;;;;
HI51;Sicherheitsrohr 21 x 2,4 mm, grau, H;3,91;Lfm;100;für Anbindeleitungen,aus schweißbarem, hochdruckfestem undwärmebeständigem Kunststoff.Stange zu 5 lf;Sicherheitsrohr 21 x 2,4 mm, grau, H
für Anbindeleitungen,aus schweißbarem, hochdruckfestem undwärmebeständigem Kunststoff.Stange zu 5 lf
aus schweißbarem, hochdruckfestem und
wärmebeständigem Kunststoff;für Anbindeleitungen,aus schweißbarem, hochdruckfestem undwärmebeständigem Kunststoff.Stange zu 5 lf;Sicherheitsrohr 21 x 2,4 mm, grau, H
für Anbindeleitungen,aus schweißbarem, hochdruckfestem undwärmebeständigem Kunststoff.Stange zu 5 lf
aus schweißbarem, hochdruckfestem und
wärmebeständigem Kunststoff;Lfm;;;;;
HI52;Sicherheitsrohr 21 x 2,4 mm (H) Rolle 200 lfm;3,91;Lfm;200;für Anbindeleitungen;Sicherheitsrohr 21 x 2,4 mm (H) Rolle 200 lfm
für Anbindeleitungen;für Anbindeleitungen;Sicherheitsrohr 21 x 2,4 mm (H) Rolle 200 lfm
für Anbindeleitungen;Lfm;;;;;
HI53;PP-R-Reparatur-Endkappe  10 mm,  grau;8,43;Stk;5;für Hitherm grauVerpackungseinheit: 5 Stück;PP-R-Reparatur-Endkappe  10 mm,  grau
für Hitherm grauVerpackungseinheit: 5 Stück;für Hitherm grauVerpackungseinheit: 5 Stück;PP-R-Reparatur-Endkappe  10 mm,  grau
für Hitherm grauVerpackungseinheit: 5 Stück;Stk;;;;;
HI54;PP-R-Reparatur-Muffe  10 mm, grau;8,43;Stk;5;für Hitherm grauVerpackungseinheit: 5 Stück;PP-R-Reparatur-Muffe  10 mm, grau
für Hitherm grauVerpackungseinheit: 5 Stück;für Hitherm grauVerpackungseinheit: 5 Stück;PP-R-Reparatur-Muffe  10 mm, grau
für Hitherm grauVerpackungseinheit: 5 Stück;Stk;;;;;
HI55;PP-R Schweißmuffe  21 mm;2,01;Stk;50;grau, für Anbindeleitungen;PP-R Schweißmuffe  21 mm
grau, für Anbindeleitungen;grau, für Anbindeleitungen;PP-R Schweißmuffe  21 mm
grau, für Anbindeleitungen;Stk;;;;;
HI56;PP-R Schweißwinkel 90°, 21 mm;2,39;Stk;50;grau, für Anbindeleitungen;PP-R Schweißwinkel 90°, 21 mm
grau, für Anbindeleitungen;grau, für Anbindeleitungen;PP-R Schweißwinkel 90°, 21 mm
grau, für Anbindeleitungen;Stk;;;;;
HI57;PP-R Schweißwinkel  45°, 21 mm;2,39;Stk;20;grau, für Anbindeleitungen;PP-R Schweißwinkel  45°, 21 mm
grau, für Anbindeleitungen;grau, für Anbindeleitungen;PP-R Schweißwinkel  45°, 21 mm
grau, für Anbindeleitungen;Stk;;;;;
HI58;PP-R Schweißkappe  21 mm;2,01;Stk;50;grau, für Anbindeleitungen;PP-R Schweißkappe  21 mm
grau, für Anbindeleitungen;grau, für Anbindeleitungen;PP-R Schweißkappe  21 mm
grau, für Anbindeleitungen;Stk;;;;;
HI59;PP-R Schweißwinkel  21 mm, 90°  I-A;2,39;Stk;20;;PP-R Schweißwinkel  21 mm, 90°  I-A
;;PP-R Schweißwinkel  21 mm, 90°  I-A
;Stk;;;;;
HI60;HITHERM-PP-R Sicherheitsrohr grau 24 x 17 x 3/2,5;4,18;Lfm;100;in ovaler AusführungStange zu 5 lfmVPE: 100 lfm;HITHERM-PP-R Sicherheitsrohr grau 24 x 17 x 3/2,5
in ovaler AusführungStange zu 5 lfmVPE: 100 lfm
in ovaler Ausführung, grau 
Stange zu 5 lfm
Verpackungseinheit: 100 lfm;in ovaler AusführungStange zu 5 lfmVPE: 100 lfm;HITHERM-PP-R Sicherheitsrohr grau 24 x 17 x 3/2,5
in ovaler AusführungStange zu 5 lfmVPE: 100 lfm
in ovaler Ausführung, grau 
Stange zu 5 lfm
Verpackungseinheit: 100 lfm;Lfm;;;;;
HI61;HITHERM-PP-R Sicherheitsrohr grau 24 x 17 x 3/2,5 Rolle 200m;4,18;Lfm;200;ovale Ausführung;HITHERM-PP-R Sicherheitsrohr grau 24 x 17 x 3/2,5 Rolle 200m
ovale Ausführung;ovale Ausführung;HITHERM-PP-R Sicherheitsrohr grau 24 x 17 x 3/2,5 Rolle 200m
ovale Ausführung;Lfm;;;;;
HI65;HITHERM-PP-R Ovalendkappe 24 x 17 mm;2,01;Stk;20;;HITHERM-PP-R Ovalendkappe 24 x 17 mm
;;HITHERM-PP-R Ovalendkappe 24 x 17 mm
;Stk;;;;;
HI66;HITHERM-PP-R Wandwinkel 24 x 17 mm, oval/oval;3,46;Stk;10;gau, Übergang vertikal/horizontal;HITHERM-PP-R Wandwinkel 24 x 17 mm, oval/oval
gau, Übergang vertikal/horizontal
Hitherm PP-R Wandwinkel 24x17mm
oval auf oval, grau
Übergang vertikal/horizontal;gau, Übergang vertikal/horizontal;HITHERM-PP-R Wandwinkel 24 x 17 mm, oval/oval
gau, Übergang vertikal/horizontal
Hitherm PP-R Wandwinkel 24x17mm
oval auf oval, grau
Übergang vertikal/horizontal;Stk;;;;;
HI67;HITHERM-PP-R Eckwinkel  24 x 17 mm, oval/oval;3,46;Stk;10;grau;HITHERM-PP-R Eckwinkel  24 x 17 mm, oval/oval
grau;grau;HITHERM-PP-R Eckwinkel  24 x 17 mm, oval/oval
grau;Stk;;;;;
HI68;HITHERM-PP-R Bodenwinkel  oval/rund 21 mm;3,46;Stk;10;oval auf rund, grau;HITHERM-PP-R Bodenwinkel  oval/rund 21 mm
oval auf rund, grau;oval auf rund, grau;HITHERM-PP-R Bodenwinkel  oval/rund 21 mm
oval auf rund, grau;Stk;;;;;
HI69;HITHERM-PP-R Ovalmuffe 24 x 17 mm;2,18;Stk;10;grau;HITHERM-PP-R Ovalmuffe 24 x 17 mm
grau;grau;HITHERM-PP-R Ovalmuffe 24 x 17 mm
grau;Stk;;;;;
HI70;HITHERM-PP-R Übergangsmuffe oval/rund 21 mm;2,65;Stk;10;;HITHERM-PP-R Übergangsmuffe oval/rund 21 mm
;;HITHERM-PP-R Übergangsmuffe oval/rund 21 mm
;Stk;;;;;
HI71;HITHERM-PP-R Übergangswinkel 90° oval/rund 21 mm;3,46;Stk;10;Hitherm PP-R Übergangswinkel 90°24x17/21 mmoval auf rund, grau fürSonderanwendungen;HITHERM-PP-R Übergangswinkel 90° oval/rund 21 mm
Hitherm PP-R Übergangswinkel 90°24x17/21 mmoval auf rund, grau fürSonderanwendungen
Hitherm PP-R Übergangswinkel 90°
24x17/21 mm
oval auf rund, grau für
Sonderanwendungen;Hitherm PP-R Übergangswinkel 90°24x17/21 mmoval auf rund, grau fürSonderanwendungen;HITHERM-PP-R Übergangswinkel 90° oval/rund 21 mm
Hitherm PP-R Übergangswinkel 90°24x17/21 mmoval auf rund, grau fürSonderanwendungen
Hitherm PP-R Übergangswinkel 90°
24x17/21 mm
oval auf rund, grau für
Sonderanwendungen;Stk;;;;;
HI80;Reparatur-Aufschweissteil für Ovalsammler, grau;8,15;Stk;1;;Reparatur-Aufschweissteil für Ovalsammler, grau
;;Reparatur-Aufschweissteil für Ovalsammler, grau
;Stk;;;;;
HI81;Reparatur-Aufschweissteil für Anbinderohr 21 mm, grau;8,15;Stk;1;für geringfügige Reparaturen am Anbinderohr ø 21 mm;Reparatur-Aufschweissteil für Anbinderohr 21 mm, grau
für geringfügige Reparaturen am Anbinderohr ø 21 mm;für geringfügige Reparaturen am Anbinderohr ø 21 mm;Reparatur-Aufschweissteil für Anbinderohr 21 mm, grau
für geringfügige Reparaturen am Anbinderohr ø 21 mm;Stk;;;;;
HM01;HISAN Muffe  16 mm;1,65;Stk;20;;HISAN Muffe  16 mm
;;HISAN Muffe  16 mm
;Stk;;;;;
HM02;HISAN-Muffe  20 mm;1,71;Stk;20;;HISAN-Muffe  20 mm
;;HISAN-Muffe  20 mm
;Stk;;;;;
HM03;HISAN-Muffe  25 mm;2,39;Stk;20;;HISAN-Muffe  25 mm
;;HISAN-Muffe  25 mm
;Stk;;;;;
HM04;HISAN-Muffe  32 mm;2,87;Stk;10;;HISAN-Muffe  32 mm
;;HISAN-Muffe  32 mm
;Stk;;;;;
HM05;HISAN-Muffe  40 mm;4,92;Stk;5;;HISAN-Muffe  40 mm
;;HISAN-Muffe  40 mm
;Stk;;;;;
HM06;HISAN-Muffe  50 mm;10,2;Stk;5;;HISAN-Muffe  50 mm
;;HISAN-Muffe  50 mm
;Stk;;;;;
HM07;HISAN-Muffe  63 mm;14,1;Stk;1;;HISAN-Muffe  63 mm
;;HISAN-Muffe  63 mm
;Stk;;;;;
HM08;HISAN-Muffe  75 mm;19,4;Stk;1;;HISAN-Muffe  75 mm
;;HISAN-Muffe  75 mm
;Stk;;;;;
HM11;HISAN-Reduktionsmuffe  20/16 mm;1,81;Stk;20;;HISAN-Reduktionsmuffe  20/16 mm
;;HISAN-Reduktionsmuffe  20/16 mm
;Stk;;;;;
HM12;HISAN-Reduktionsmuffe  25/16 mm;2,19;Stk;20;;HISAN-Reduktionsmuffe  25/16 mm
;;HISAN-Reduktionsmuffe  25/16 mm
;Stk;;;;;
HM13;HISAN-Reduktionsmuffe  25/20 mm;2,19;Stk;20;;HISAN-Reduktionsmuffe  25/20 mm
;;HISAN-Reduktionsmuffe  25/20 mm
;Stk;;;;;
HM14;HISAN-Reduktionsmuffe  32/20 mm;2,4;Stk;10;;HISAN-Reduktionsmuffe  32/20 mm
;;HISAN-Reduktionsmuffe  32/20 mm
;Stk;;;;;
HM15;HISAN-Reduktionsmuffe  32/25 mm;2,4;Stk;10;;HISAN-Reduktionsmuffe  32/25 mm
;;HISAN-Reduktionsmuffe  32/25 mm
;Stk;;;;;
HM16;HISAN-Reduktionsmuffe  40/20 mm;5,03;Stk;5;;HISAN-Reduktionsmuffe  40/20 mm
;;HISAN-Reduktionsmuffe  40/20 mm
;Stk;;;;;
HM17;HISAN-Reduktionsmuffe  40/25 mm;5,03;Stk;5;;HISAN-Reduktionsmuffe  40/25 mm
;;HISAN-Reduktionsmuffe  40/25 mm
;Stk;;;;;
HM18;HISAN-Reduktionsmuffe  40/32 mm;5,03;Stk;5;;HISAN-Reduktionsmuffe  40/32 mm
;;HISAN-Reduktionsmuffe  40/32 mm
;Stk;;;;;
HM19;HISAN-Reduktionsmuffe  50/20 mm;8,05;Stk;5;;HISAN-Reduktionsmuffe  50/20 mm
;;HISAN-Reduktionsmuffe  50/20 mm
;Stk;;;;;
HM20;HISAN-Reduktionsmuffe  50/25 mm;8,05;Stk;5;;HISAN-Reduktionsmuffe  50/25 mm
;;HISAN-Reduktionsmuffe  50/25 mm
;Stk;;;;;
HM21;HISAN-Reduktionsmuffe  50/32 mm;8,05;Stk;5;;HISAN-Reduktionsmuffe  50/32 mm
;;HISAN-Reduktionsmuffe  50/32 mm
;Stk;;;;;
HM22;HISAN-Reduktionsmuffe  50/40 mm;8,05;Stk;5;;HISAN-Reduktionsmuffe  50/40 mm
;;HISAN-Reduktionsmuffe  50/40 mm
;Stk;;;;;
HM23;HISAN-Reduktionsmuffe  63/25 mm;13;Stk;1;;HISAN-Reduktionsmuffe  63/25 mm
;;HISAN-Reduktionsmuffe  63/25 mm
;Stk;;;;;
HM24;HISAN-Reduktionsmuffe  63/32 mm;13;Stk;1;;HISAN-Reduktionsmuffe  63/32 mm
;;HISAN-Reduktionsmuffe  63/32 mm
;Stk;;;;;
HM25;HISAN-Reduktionsmuffe  63/40 mm;13;Stk;1;;HISAN-Reduktionsmuffe  63/40 mm
;;HISAN-Reduktionsmuffe  63/40 mm
;Stk;;;;;
HM26;HISAN-Reduktionsmuffe  63/50 mm;13;Stk;1;;HISAN-Reduktionsmuffe  63/50 mm
;;HISAN-Reduktionsmuffe  63/50 mm
;Stk;;;;;
HM27;HISAN-Reduktionsmuffe  75/25 mm;16,8;Stk;1;;HISAN-Reduktionsmuffe  75/25 mm
;;HISAN-Reduktionsmuffe  75/25 mm
;Stk;;;;;
HM28;HISAN-Reduktionsmuffe  75/40 mm;16,8;Stk;1;;HISAN-Reduktionsmuffe  75/40 mm
;;HISAN-Reduktionsmuffe  75/40 mm
;Stk;;;;;
HM29;HISAN-Reduktionsmuffe  75/50 mm;16,8;Stk;1;;HISAN-Reduktionsmuffe  75/50 mm
;;HISAN-Reduktionsmuffe  75/50 mm
;Stk;;;;;
HM30;HISAN-Reduktionsmuffe  75/63 mm;16,8;Stk;1;;HISAN-Reduktionsmuffe  75/63 mm
;;HISAN-Reduktionsmuffe  75/63 mm
;Stk;;;;;
HM42;HISAN-Elektromuffen  20 mm;31,9;Stk;10;;HISAN-Elektromuffen  20 mm
;;HISAN-Elektromuffen  20 mm
;Stk;;;;;
HM43;HISAN-Elektromuffen  25 mm;38,4;Stk;10;;HISAN-Elektromuffen  25 mm
;;HISAN-Elektromuffen  25 mm
;Stk;;;;;
HM44;HISAN-Elektromuffen  32 mm;40,5;Stk;5;;HISAN-Elektromuffen  32 mm
;;HISAN-Elektromuffen  32 mm
;Stk;;;;;
HM45;HISAN-Elektromuffen  40 mm;49,2;Stk;5;;HISAN-Elektromuffen  40 mm
;;HISAN-Elektromuffen  40 mm
;Stk;;;;;
HM46;HISAN-Elektromuffen  50 mm;55,8;Stk;5;;HISAN-Elektromuffen  50 mm
;;HISAN-Elektromuffen  50 mm
;Stk;;;;;
HM47;HISAN-Elektromuffen  63 mm;62,1;Stk;1;;HISAN-Elektromuffen  63 mm
;;HISAN-Elektromuffen  63 mm
;Stk;;;;;
HM48;HISAN-Elektromuffen  75 mm;77,5;Stk;1;;HISAN-Elektromuffen  75 mm
;;HISAN-Elektromuffen  75 mm
;Stk;;;;;
HP05;Hitherm+ Hochleistungsreg. 500/750 mm;74;Stk;10;2 Stk. Spezial-Sammler mit schlankerOvalgeometrie 24 x 17 mm und angeformtenMuffenabgängen für unlös;Hitherm+ Hochleistungsreg. 500/750 mm
2 Stk. Spezial-Sammler mit schlankerOvalgeometrie 24 x 17 mm und angeformtenMuffenabgängen für unlös
2 Stk. Spezial- Sammler mit schlanker
Ovalgeometrie 24x17mm und angeformten
Muffenabgängen für unlösbare
Schweißverbindungen mit den
Leistungsrohren, kompatibel mit dem
Euroval ® System u. allen zugehörigen
Ovalfittingen
 
14 Stk. Ø 10x1,5 mm mit intergrierter
Sauerstoffsperrschicht, durch
Polyfusionsschweißung mit den
Ovalsammlern in Registerbauweise
untrennbar verbunden, hohe Leistung im
Heiz - wie im Kühlbetrieb u. äußerst
geringem hydraulischen Widerstand 
inkl. Befestigungsschienen
 
Material: PP-R rot
Abstand der Leistungsrohre: 50 mm
Wärmeregisterbreite 750 mm
Wärmeregisterhöhe 500-3000 mm
TGM geprüft: für Zustandsverhalten und
Sauerstoffdichtheit
Zulässige Betriebsbeding.: 60°C
Dauertemp bei 4 bar
Verpackungseinheit: 10 Stk/Karton;2 Stk. Spezial-Sammler mit schlankerOvalgeometrie 24 x 17 mm und angeformtenMuffenabgängen für unlös;Hitherm+ Hochleistungsreg. 500/750 mm
2 Stk. Spezial-Sammler mit schlankerOvalgeometrie 24 x 17 mm und angeformtenMuffenabgängen für unlös
2 Stk. Spezial- Sammler mit schlanker
Ovalgeometrie 24x17mm und angeformten
Muffenabgängen für unlösbare
Schweißverbindungen mit den
Leistungsrohren, kompatibel mit dem
Euroval ® System u. allen zugehörigen
Ovalfittingen
 
14 Stk. Ø 10x1,5 mm mit intergrierter
Sauerstoffsperrschicht, durch
Polyfusionsschweißung mit den
Ovalsammlern in Registerbauweise
untrennbar verbunden, hohe Leistung im
Heiz - wie im Kühlbetrieb u. äußerst
geringem hydraulischen Widerstand 
inkl. Befestigungsschienen
 
Material: PP-R rot
Abstand der Leistungsrohre: 50 mm
Wärmeregisterbreite 750 mm
Wärmeregisterhöhe 500-3000 mm
TGM geprüft: für Zustandsverhalten und
Sauerstoffdichtheit
Zulässige Betriebsbeding.: 60°C
Dauertemp bei 4 bar
Verpackungseinheit: 10 Stk/Karton;Stk;;;;;
HP10;Hitherm+ Hochleistungsreg. 1000/750 mm;86,5;Stk;10;2 Stk. Spezial-Sammler mit schlankerOvalgeometrie 24 x 17 mm und angeformtenMuffenabgängen für unlös;Hitherm+ Hochleistungsreg. 1000/750 mm
2 Stk. Spezial-Sammler mit schlankerOvalgeometrie 24 x 17 mm und angeformtenMuffenabgängen für unlös
2 Stk. Spezial- Sammler mit schlanker
Ovalgeometrie 24x17mm und angeformten
Muffenabgängen für unlösbare
Schweißverbindungen mit den
Leistungsrohren, kompatibel mit dem
Euroval ® System u. allen zugehörigen
Ovalfittingen
 
14 Stk. Ø 10x1,5 mm mit intergrierter
Sauerstoffsperrschicht, durch
Polyfusionsschweißung mit den
Ovalsammlern in Registerbauweise
untrennbar verbunden, hohe Leistung im
Heiz - wie im Kühlbetrieb u. äußerst
geringem hydraulischen Widerstand 
inkl. Befestigungsschienen
 
Material: PP-R rot
Abstand der Leistungsrohre: 50 mm
Wärmeregisterbreite 750 mm
Wärmeregisterhöhe 500-3000 mm
TGM geprüft: für Zustandsverhalten und
Sauerstoffdichtheit
Zulässige Betriebsbeding.: 60°C
Dauertemp bei 4 bar
Verpackungseinheit: 10 Stk/Karton;2 Stk. Spezial-Sammler mit schlankerOvalgeometrie 24 x 17 mm und angeformtenMuffenabgängen für unlös;Hitherm+ Hochleistungsreg. 1000/750 mm
2 Stk. Spezial-Sammler mit schlankerOvalgeometrie 24 x 17 mm und angeformtenMuffenabgängen für unlös
2 Stk. Spezial- Sammler mit schlanker
Ovalgeometrie 24x17mm und angeformten
Muffenabgängen für unlösbare
Schweißverbindungen mit den
Leistungsrohren, kompatibel mit dem
Euroval ® System u. allen zugehörigen
Ovalfittingen
 
14 Stk. Ø 10x1,5 mm mit intergrierter
Sauerstoffsperrschicht, durch
Polyfusionsschweißung mit den
Ovalsammlern in Registerbauweise
untrennbar verbunden, hohe Leistung im
Heiz - wie im Kühlbetrieb u. äußerst
geringem hydraulischen Widerstand 
inkl. Befestigungsschienen
 
Material: PP-R rot
Abstand der Leistungsrohre: 50 mm
Wärmeregisterbreite 750 mm
Wärmeregisterhöhe 500-3000 mm
TGM geprüft: für Zustandsverhalten und
Sauerstoffdichtheit
Zulässige Betriebsbeding.: 60°C
Dauertemp bei 4 bar
Verpackungseinheit: 10 Stk/Karton;Stk;;;;;
HP15;Hitherm+ Hochleistungsreg. 1500/750 mm;112,2;Stk;10;2 Stk. Spezial-Sammler mit schlankerOvalgeometrie 24 x 17 mm und angeformtenMuffenabgängen für unlös;Hitherm+ Hochleistungsreg. 1500/750 mm
2 Stk. Spezial-Sammler mit schlankerOvalgeometrie 24 x 17 mm und angeformtenMuffenabgängen für unlös
2 Stk. Spezial- Sammler mit schlanker
Ovalgeometrie 24x17mm und angeformten
Muffenabgängen für unlösbare
Schweißverbindungen mit den
Leistungsrohren, kompatibel mit dem
Euroval ® System u. allen zugehörigen
Ovalfittingen
 
14 Stk. Ø 10x1,5 mm mit intergrierter
Sauerstoffsperrschicht, durch
Polyfusionsschweißung mit den
Ovalsammlern in Registerbauweise
untrennbar verbunden, hohe Leistung im
Heiz - wie im Kühlbetrieb u. äußerst
geringem hydraulischen Widerstand 
inkl. Befestigungsschienen
 
Material: PP-R rot
Abstand der Leistungsrohre: 50 mm
Wärmeregisterbreite 750 mm
Wärmeregisterhöhe 500-3000 mm
TGM geprüft: für Zustandsverhalten und
Sauerstoffdichtheit
Zulässige Betriebsbeding.: 60°C
Dauertemp bei 4 bar
Verpackungseinheit: 10 Stk/Karton;2 Stk. Spezial-Sammler mit schlankerOvalgeometrie 24 x 17 mm und angeformtenMuffenabgängen für unlös;Hitherm+ Hochleistungsreg. 1500/750 mm
2 Stk. Spezial-Sammler mit schlankerOvalgeometrie 24 x 17 mm und angeformtenMuffenabgängen für unlös
2 Stk. Spezial- Sammler mit schlanker
Ovalgeometrie 24x17mm und angeformten
Muffenabgängen für unlösbare
Schweißverbindungen mit den
Leistungsrohren, kompatibel mit dem
Euroval ® System u. allen zugehörigen
Ovalfittingen
 
14 Stk. Ø 10x1,5 mm mit intergrierter
Sauerstoffsperrschicht, durch
Polyfusionsschweißung mit den
Ovalsammlern in Registerbauweise
untrennbar verbunden, hohe Leistung im
Heiz - wie im Kühlbetrieb u. äußerst
geringem hydraulischen Widerstand 
inkl. Befestigungsschienen
 
Material: PP-R rot
Abstand der Leistungsrohre: 50 mm
Wärmeregisterbreite 750 mm
Wärmeregisterhöhe 500-3000 mm
TGM geprüft: für Zustandsverhalten und
Sauerstoffdichtheit
Zulässige Betriebsbeding.: 60°C
Dauertemp bei 4 bar
Verpackungseinheit: 10 Stk/Karton;Stk;;;;;
HP20;Hitherm+ Hochleistungsreg. 2000/750 mm;138,3;Stk;10;2 Stk. Spezial-Sammler mit schlankerOvalgeometrie 24 x 17 mm und angeformtenMuffenabgängen für unlös;Hitherm+ Hochleistungsreg. 2000/750 mm
2 Stk. Spezial-Sammler mit schlankerOvalgeometrie 24 x 17 mm und angeformtenMuffenabgängen für unlös
2 Stk. Spezial- Sammler mit schlanker
Ovalgeometrie 24x17mm und angeformten
Muffenabgängen für unlösbare
Schweißverbindungen mit den
Leistungsrohren, kompatibel mit dem
Euroval ® System u. allen zugehörigen
Ovalfittingen
 
14 Stk. Ø 10x1,5 mm mit intergrierter
Sauerstoffsperrschicht, durch
Polyfusionsschweißung mit den
Ovalsammlern in Registerbauweise
untrennbar verbunden, hohe Leistung im
Heiz - wie im Kühlbetrieb u. äußerst
geringem hydraulischen Widerstand 
inkl. Befestigungsschienen
 
Material: PP-R rot
Abstand der Leistungsrohre: 50 mm
Wärmeregisterbreite 750 mm
Wärmeregisterhöhe 500-3000 mm
TGM geprüft: für Zustandsverhalten und
Sauerstoffdichtheit
Zulässige Betriebsbeding.: 60°C
Dauertemp bei 4 bar
Verpackungseinheit: 10 Stk/Karton;2 Stk. Spezial-Sammler mit schlankerOvalgeometrie 24 x 17 mm und angeformtenMuffenabgängen für unlös;Hitherm+ Hochleistungsreg. 2000/750 mm
2 Stk. Spezial-Sammler mit schlankerOvalgeometrie 24 x 17 mm und angeformtenMuffenabgängen für unlös
2 Stk. Spezial- Sammler mit schlanker
Ovalgeometrie 24x17mm und angeformten
Muffenabgängen für unlösbare
Schweißverbindungen mit den
Leistungsrohren, kompatibel mit dem
Euroval ® System u. allen zugehörigen
Ovalfittingen
 
14 Stk. Ø 10x1,5 mm mit intergrierter
Sauerstoffsperrschicht, durch
Polyfusionsschweißung mit den
Ovalsammlern in Registerbauweise
untrennbar verbunden, hohe Leistung im
Heiz - wie im Kühlbetrieb u. äußerst
geringem hydraulischen Widerstand 
inkl. Befestigungsschienen
 
Material: PP-R rot
Abstand der Leistungsrohre: 50 mm
Wärmeregisterbreite 750 mm
Wärmeregisterhöhe 500-3000 mm
TGM geprüft: für Zustandsverhalten und
Sauerstoffdichtheit
Zulässige Betriebsbeding.: 60°C
Dauertemp bei 4 bar
Verpackungseinheit: 10 Stk/Karton;Stk;;;;;
HP25;Hitherm+ Hochleistungsreg. 2500/750 mm;171,4;Stk;10;2 Stk. Spezial-Sammler mit schlankerOvalgeometrie 24 x 17 mm und angeformtenMuffenabgängen für unlös;Hitherm+ Hochleistungsreg. 2500/750 mm
2 Stk. Spezial-Sammler mit schlankerOvalgeometrie 24 x 17 mm und angeformtenMuffenabgängen für unlös
2 Stk. Spezial- Sammler mit schlanker
Ovalgeometrie 24x17mm und angeformten
Muffenabgängen für unlösbare
Schweißverbindungen mit den
Leistungsrohren, kompatibel mit dem
Euroval ® System u. allen zugehörigen
Ovalfittingen
 
14 Stk. Ø 10x1,5 mm mit intergrierter
Sauerstoffsperrschicht, durch
Polyfusionsschweißung mit den
Ovalsammlern in Registerbauweise
untrennbar verbunden, hohe Leistung im
Heiz - wie im Kühlbetrieb u. äußerst
geringem hydraulischen Widerstand 
inkl. Befestigungsschienen
 
Material: PP-R rot
Abstand der Leistungsrohre: 50 mm
Wärmeregisterbreite 750 mm
Wärmeregisterhöhe 500-3000 mm
TGM geprüft: für Zustandsverhalten und
Sauerstoffdichtheit
Zulässige Betriebsbeding.: 60°C
Dauertemp bei 4 bar
Verpackungseinheit: 10 Stk/Karton;2 Stk. Spezial-Sammler mit schlankerOvalgeometrie 24 x 17 mm und angeformtenMuffenabgängen für unlös;Hitherm+ Hochleistungsreg. 2500/750 mm
2 Stk. Spezial-Sammler mit schlankerOvalgeometrie 24 x 17 mm und angeformtenMuffenabgängen für unlös
2 Stk. Spezial- Sammler mit schlanker
Ovalgeometrie 24x17mm und angeformten
Muffenabgängen für unlösbare
Schweißverbindungen mit den
Leistungsrohren, kompatibel mit dem
Euroval ® System u. allen zugehörigen
Ovalfittingen
 
14 Stk. Ø 10x1,5 mm mit intergrierter
Sauerstoffsperrschicht, durch
Polyfusionsschweißung mit den
Ovalsammlern in Registerbauweise
untrennbar verbunden, hohe Leistung im
Heiz - wie im Kühlbetrieb u. äußerst
geringem hydraulischen Widerstand 
inkl. Befestigungsschienen
 
Material: PP-R rot
Abstand der Leistungsrohre: 50 mm
Wärmeregisterbreite 750 mm
Wärmeregisterhöhe 500-3000 mm
TGM geprüft: für Zustandsverhalten und
Sauerstoffdichtheit
Zulässige Betriebsbeding.: 60°C
Dauertemp bei 4 bar
Verpackungseinheit: 10 Stk/Karton;Stk;;;;;
HP30;Hitherm+ Hochleistungsreg. 3000/750 mm;202,7;Stk;10;Inkl. 4 BefestigungsschienenAnfertigung auf Bestellung!;Hitherm+ Hochleistungsreg. 3000/750 mm
Inkl. 4 BefestigungsschienenAnfertigung auf Bestellung!
2 Stk. Spezial- Sammler mit schlanker
Ovalgeometrie 24x17mm und angeformten
Muffenabgängen für unlösbare
Schweißverbindungen mit den
Leistungsrohren, kompatibel mit dem
Euroval ® System u. allen zugehörigen
Ovalfittingen
 
14 Stk. Ø 10x1,5 mm mit intergrierter
Sauerstoffsperrschicht, durch
Polyfusionsschweißung mit den
Ovalsammlern in Registerbauweise
untrennbar verbunden, hohe Leistung im
Heiz - wie im Kühlbetrieb u. äußerst
geringem hydraulischen Widerstand 
inkl. Befestigungsschienen
 
Material: PP-R rot
Abstand der Leistungsrohre: 50 mm
Wärmeregisterbreite 750 mm
Wärmeregisterhöhe 500-3000 mm
TGM geprüft: für Zustandsverhalten und
Sauerstoffdichtheit
Zulässige Betriebsbeding.: 60°C
Dauertemp bei 4 bar
Verpackungseinheit: 10 Stk/Karton
Anfertigung auf Bestellung 
Lieferzeit ca.10 Tage;Inkl. 4 BefestigungsschienenAnfertigung auf Bestellung!;Hitherm+ Hochleistungsreg. 3000/750 mm
Inkl. 4 BefestigungsschienenAnfertigung auf Bestellung!
2 Stk. Spezial- Sammler mit schlanker
Ovalgeometrie 24x17mm und angeformten
Muffenabgängen für unlösbare
Schweißverbindungen mit den
Leistungsrohren, kompatibel mit dem
Euroval ® System u. allen zugehörigen
Ovalfittingen
 
14 Stk. Ø 10x1,5 mm mit intergrierter
Sauerstoffsperrschicht, durch
Polyfusionsschweißung mit den
Ovalsammlern in Registerbauweise
untrennbar verbunden, hohe Leistung im
Heiz - wie im Kühlbetrieb u. äußerst
geringem hydraulischen Widerstand 
inkl. Befestigungsschienen
 
Material: PP-R rot
Abstand der Leistungsrohre: 50 mm
Wärmeregisterbreite 750 mm
Wärmeregisterhöhe 500-3000 mm
TGM geprüft: für Zustandsverhalten und
Sauerstoffdichtheit
Zulässige Betriebsbeding.: 60°C
Dauertemp bei 4 bar
Verpackungseinheit: 10 Stk/Karton
Anfertigung auf Bestellung 
Lieferzeit ca.10 Tage;Stk;;;;;
HP35;Hitherm+ Hochleistungsreg. 3500/750 mm;245,1;Stk;10;Inkl. 5 BefestigungsschienenAnfertigung auf Bestellung!;Hitherm+ Hochleistungsreg. 3500/750 mm
Inkl. 5 BefestigungsschienenAnfertigung auf Bestellung!;Inkl. 5 BefestigungsschienenAnfertigung auf Bestellung!;Hitherm+ Hochleistungsreg. 3500/750 mm
Inkl. 5 BefestigungsschienenAnfertigung auf Bestellung!;Stk;;;;;
HP40;Hitherm+ Hochleistungsreg. 4000/750 mm;269,4;Stk;10;2 Stk. Spezial-Sammler mit schlankerOvalgeometrie 24 x 17 mm und angeformtenMuffenabgängen für unlös;Hitherm+ Hochleistungsreg. 4000/750 mm
2 Stk. Spezial-Sammler mit schlankerOvalgeometrie 24 x 17 mm und angeformtenMuffenabgängen für unlös;2 Stk. Spezial-Sammler mit schlankerOvalgeometrie 24 x 17 mm und angeformtenMuffenabgängen für unlös;Hitherm+ Hochleistungsreg. 4000/750 mm
2 Stk. Spezial-Sammler mit schlankerOvalgeometrie 24 x 17 mm und angeformtenMuffenabgängen für unlös;Stk;;;;;
HP45;Hitherm+ Hochleistungsreg. 4500/750 mm;303,1;Stk;10;Inkl. 6 Befestigungsschienen;Hitherm+ Hochleistungsreg. 4500/750 mm
Inkl. 6 Befestigungsschienen;Inkl. 6 Befestigungsschienen;Hitherm+ Hochleistungsreg. 4500/750 mm
Inkl. 6 Befestigungsschienen;Stk;;;;;
HP98;HITHERM-Befestigungsschiene schwarzmit Klebeband;5,26;Stk;;;HITHERM-Befestigungsschiene schwarzmit Klebeband
;;HITHERM-Befestigungsschiene schwarzmit Klebeband
;Stk;;;;;
HP99;HITHERM-Befestigungsschiene schwarz;4,06;Stk;;;HITHERM-Befestigungsschiene schwarz
;;HITHERM-Befestigungsschiene schwarz
;Stk;;;;;
HR51;Hitherm+ Sicherheitsrohr 21 x 2,4 mm;4,01;Lfm;100;in sauerstoffdichter Ausführung für Anbindeleitungen,Material: PP-R, rotStange zu 5 Lfm.VPE: 100 Lfm;Hitherm+ Sicherheitsrohr 21 x 2,4 mm
in sauerstoffdichter Ausführung für Anbindeleitungen,Material: PP-R, rotStange zu 5 Lfm.VPE: 100 Lfm
in sauerstoffdichter Ausführung für
Anbindeleitungen,
Material: PP-R rot
Stange zu 5lfm
VPE: 100 lfm;in sauerstoffdichter Ausführung für Anbindeleitungen,Material: PP-R, rotStange zu 5 Lfm.VPE: 100 Lfm;Hitherm+ Sicherheitsrohr 21 x 2,4 mm
in sauerstoffdichter Ausführung für Anbindeleitungen,Material: PP-R, rotStange zu 5 Lfm.VPE: 100 Lfm
in sauerstoffdichter Ausführung für
Anbindeleitungen,
Material: PP-R rot
Stange zu 5lfm
VPE: 100 lfm;Lfm;;;;;
HR52;Hitherm+ Sicherheitsrohr 21x2,4 mm (200lfm/Rolle);802;rol;1;in sauerstoffdichter Ausführung für Anbindeleitungen,Material: PP-R, rotRolle zu  200 Lfm.;Hitherm+ Sicherheitsrohr 21x2,4 mm (200lfm/Rolle)
in sauerstoffdichter Ausführung für Anbindeleitungen,Material: PP-R, rotRolle zu  200 Lfm.
in sauerstoffdichter Ausführung für Anbi
Material: PP-R, rot
Rolle zu  200 Lfm.;in sauerstoffdichter Ausführung für Anbindeleitungen,Material: PP-R, rotRolle zu  200 Lfm.;Hitherm+ Sicherheitsrohr 21x2,4 mm (200lfm/Rolle)
in sauerstoffdichter Ausführung für Anbindeleitungen,Material: PP-R, rotRolle zu  200 Lfm.
in sauerstoffdichter Ausführung für Anbi
Material: PP-R, rot
Rolle zu  200 Lfm.;rol;;;;;
HR55;Hitherm+ Schweißmuffe 21 mm;2,01;Stk;50;für Innenschweißung derVerbindungsleitungen,Material: PP-R rotVPE: 50 Stk.;Hitherm+ Schweißmuffe 21 mm
für Innenschweißung derVerbindungsleitungen,Material: PP-R rotVPE: 50 Stk.
für Innenschweißung der
Verbindungsleitungen,
Material: PP-R rot
VPE: 50 Stk.;für Innenschweißung derVerbindungsleitungen,Material: PP-R rotVPE: 50 Stk.;Hitherm+ Schweißmuffe 21 mm
für Innenschweißung derVerbindungsleitungen,Material: PP-R rotVPE: 50 Stk.
für Innenschweißung der
Verbindungsleitungen,
Material: PP-R rot
VPE: 50 Stk.;Stk;;;;;
HR56;Hitherm+ Winkel 90° 21 mm;2,39;Stk;50;für Innenschweißung derVerbindungsleitungen,Material: PP-R rotVPE: 50 Stk.;Hitherm+ Winkel 90° 21 mm
für Innenschweißung derVerbindungsleitungen,Material: PP-R rotVPE: 50 Stk.
für Innenschweißung der
Verbindungsleitungen,
Material: PP-R rot
VPE: 50 Stk.;für Innenschweißung derVerbindungsleitungen,Material: PP-R rotVPE: 50 Stk.;Hitherm+ Winkel 90° 21 mm
für Innenschweißung derVerbindungsleitungen,Material: PP-R rotVPE: 50 Stk.
für Innenschweißung der
Verbindungsleitungen,
Material: PP-R rot
VPE: 50 Stk.;Stk;;;;;
HR57;Hitherm+ Winkel 135° 21 mm;2,39;Stk;10;für Innenschweißung derVerbindungsleitungen,Material: PP-R rotVPE: 10 Stk.;Hitherm+ Winkel 135° 21 mm
für Innenschweißung derVerbindungsleitungen,Material: PP-R rotVPE: 10 Stk.
für Innenschweißungen der
Verbindungsleitungen,
Material: PP-R rot
VPE: 10 Stk.;für Innenschweißung derVerbindungsleitungen,Material: PP-R rotVPE: 10 Stk.;Hitherm+ Winkel 135° 21 mm
für Innenschweißung derVerbindungsleitungen,Material: PP-R rotVPE: 10 Stk.
für Innenschweißungen der
Verbindungsleitungen,
Material: PP-R rot
VPE: 10 Stk.;Stk;;;;;
HR58;Hitherm+ Endkappe 21 mm;2;Stk;10;für Verschluss von Rundrohr 21 mm (sauerstoffdicht) durch Polyfusions-InnenschweißungVPE: 10 Stk.;Hitherm+ Endkappe 21 mm
für Verschluss von Rundrohr 21 mm (sauerstoffdicht) durch Polyfusions-InnenschweißungVPE: 10 Stk.;für Verschluss von Rundrohr 21 mm (sauerstoffdicht) durch Polyfusions-InnenschweißungVPE: 10 Stk.;Hitherm+ Endkappe 21 mm
für Verschluss von Rundrohr 21 mm (sauerstoffdicht) durch Polyfusions-InnenschweißungVPE: 10 Stk.;Stk;;;;;
HR60;Hitherm+ Sicherheits - Ovalrohr;4,21;Lfm;100;Dimension: 24/17 x 3/2 mm,ident mit Euroval - Rohr,Material: PP-R, rotStange zu 5 Lfm,VPE: 100 Lfm.;Hitherm+ Sicherheits - Ovalrohr
Dimension: 24/17 x 3/2 mm,ident mit Euroval - Rohr,Material: PP-R, rotStange zu 5 Lfm,VPE: 100 Lfm.
Dimension: 24/17 x 3/2 mm
ident mit Euroval - Rohr,
Material PP-R, rot
Stange zu 5 lfm
VPE: 100 lfm;Dimension: 24/17 x 3/2 mm,ident mit Euroval - Rohr,Material: PP-R, rotStange zu 5 Lfm,VPE: 100 Lfm.;Hitherm+ Sicherheits - Ovalrohr
Dimension: 24/17 x 3/2 mm,ident mit Euroval - Rohr,Material: PP-R, rotStange zu 5 Lfm,VPE: 100 Lfm.
Dimension: 24/17 x 3/2 mm
ident mit Euroval - Rohr,
Material PP-R, rot
Stange zu 5 lfm
VPE: 100 lfm;Lfm;;;;;
HR65;Hitherm+ Endkappe oval;2,35;Stk;10;für sicheren Verschluss von Hitherm+Sammlern durch Polyfusionschweißung,güteüberwachtMaterial PP-R,;Hitherm+ Endkappe oval
für sicheren Verschluss von Hitherm+Sammlern durch Polyfusionschweißung,güteüberwachtMaterial PP-R,
für sicheren Verschluss von Hitherm+
Sammlern durch Polyfusionschweißung,
güteüberwacht
Material PP-R, rot;für sicheren Verschluss von Hitherm+Sammlern durch Polyfusionschweißung,güteüberwachtMaterial PP-R,;Hitherm+ Endkappe oval
für sicheren Verschluss von Hitherm+Sammlern durch Polyfusionschweißung,güteüberwachtMaterial PP-R,
für sicheren Verschluss von Hitherm+
Sammlern durch Polyfusionschweißung,
güteüberwacht
Material PP-R, rot;Stk;;;;;
HR66;Hitherm+ Wandwinkel 90° oval/oval kurz;4,15;Stk;10;Zu 90° Verbindung von Hitherm+Systemteilen mit ovalem Querschnitt imPolyfusionsschweißverfahren, ins;Hitherm+ Wandwinkel 90° oval/oval kurz
Zu 90° Verbindung von Hitherm+Systemteilen mit ovalem Querschnitt imPolyfusionsschweißverfahren, ins
zu 90° Verbindung von Hitherm+
Systemteilen mit ovalem Querschnitt im
Polyfusionsschweißverfahren,
insbesondere für Verbindungen zwischen
den Sammelrohren der Hitherm Registern
mit Hitherm Sicherheitsrohren oval,
24/17 x 3/2 mm, sowie für Verbindungen
von vertikal angeordneten Hitherm -
Sicherheitsrohren mit horizontal
führenden Leitungen
inkl. Stützhülsen für Ovalrohr 24/17 x
3/2 mm
Material: PP-R rot;Zu 90° Verbindung von Hitherm+Systemteilen mit ovalem Querschnitt imPolyfusionsschweißverfahren, ins;Hitherm+ Wandwinkel 90° oval/oval kurz
Zu 90° Verbindung von Hitherm+Systemteilen mit ovalem Querschnitt imPolyfusionsschweißverfahren, ins
zu 90° Verbindung von Hitherm+
Systemteilen mit ovalem Querschnitt im
Polyfusionsschweißverfahren,
insbesondere für Verbindungen zwischen
den Sammelrohren der Hitherm Registern
mit Hitherm Sicherheitsrohren oval,
24/17 x 3/2 mm, sowie für Verbindungen
von vertikal angeordneten Hitherm -
Sicherheitsrohren mit horizontal
führenden Leitungen
inkl. Stützhülsen für Ovalrohr 24/17 x
3/2 mm
Material: PP-R rot;Stk;;;;;
HR67;Hitherm+ Eckwinkel 90° oval/oval;4,15;Stk;10;Für Verbindungen vonHitherm-Systemteilen mit ovalem Querschnitt durch Polyfusionsschweißung,insbeson;Hitherm+ Eckwinkel 90° oval/oval
Für Verbindungen vonHitherm-Systemteilen mit ovalem Querschnitt durch Polyfusionsschweißung,insbeson
für Verbindungen von
Hitherm-Systemteilen mit ovalem
Querschnitt durch Polyfusionsschweißung,
insbesondere für Verbindungen von
horizontalen Hitherm
Verbindungsleitungen (24/17 x 3/2 mm)
über 90° Raumecken
güteüberwacht, inkl. Stützhülsen
Material: PP-R rot;Für Verbindungen vonHitherm-Systemteilen mit ovalem Querschnitt durch Polyfusionsschweißung,insbeson;Hitherm+ Eckwinkel 90° oval/oval
Für Verbindungen vonHitherm-Systemteilen mit ovalem Querschnitt durch Polyfusionsschweißung,insbeson
für Verbindungen von
Hitherm-Systemteilen mit ovalem
Querschnitt durch Polyfusionsschweißung,
insbesondere für Verbindungen von
horizontalen Hitherm
Verbindungsleitungen (24/17 x 3/2 mm)
über 90° Raumecken
güteüberwacht, inkl. Stützhülsen
Material: PP-R rot;Stk;;;;;
HR68;Hitherm+ Winkel 135° oval/oval stehend;4,15;Stk;10;Für Rohrverbindungen imPolyfusionsschweißverfahren,güteüberwacht, inkl. Stützhülse für Ovalrohr 24/1;Hitherm+ Winkel 135° oval/oval stehend
Für Rohrverbindungen imPolyfusionsschweißverfahren,güteüberwacht, inkl. Stützhülse für Ovalrohr 24/1
für Rohrverbindungen im
Polyfusionsschweißverfahren,
güteüberwacht,
inkl. Stützhülse für Ovalrohr 24/17 x
3/2mm,
Material PP-R rot;Für Rohrverbindungen imPolyfusionsschweißverfahren,güteüberwacht, inkl. Stützhülse für Ovalrohr 24/1;Hitherm+ Winkel 135° oval/oval stehend
Für Rohrverbindungen imPolyfusionsschweißverfahren,güteüberwacht, inkl. Stützhülse für Ovalrohr 24/1
für Rohrverbindungen im
Polyfusionsschweißverfahren,
güteüberwacht,
inkl. Stützhülse für Ovalrohr 24/17 x
3/2mm,
Material PP-R rot;Stk;;;;;
HR69;Hitherm+ Übergangswinkel 90° r/o stehend;3,8;Stk;10;als Übergangswinkel von z.B vertikalen Ovalrohren 24/17 (innen) auf horizontaleAnbindeleitungen rund;Hitherm+ Übergangswinkel 90° r/o stehend
als Übergangswinkel von z.B vertikalen Ovalrohren 24/17 (innen) auf horizontaleAnbindeleitungen rund
als Übergangswinkel von z.B vertikalen
Ovalrohren 24/17 (innen) auf horizontale
Anbindeleitungen rund 21x2,5 mm,
(beidseitig als Innenbeschweißung
güteüberwacht,
inkl. Stützhülse für Ovalrohr 24/17 x
3/2 mm,
Material: PP-R rot;als Übergangswinkel von z.B vertikalen Ovalrohren 24/17 (innen) auf horizontaleAnbindeleitungen rund;Hitherm+ Übergangswinkel 90° r/o stehend
als Übergangswinkel von z.B vertikalen Ovalrohren 24/17 (innen) auf horizontaleAnbindeleitungen rund
als Übergangswinkel von z.B vertikalen
Ovalrohren 24/17 (innen) auf horizontale
Anbindeleitungen rund 21x2,5 mm,
(beidseitig als Innenbeschweißung
güteüberwacht,
inkl. Stützhülse für Ovalrohr 24/17 x
3/2 mm,
Material: PP-R rot;Stk;;;;;
HR70;Hitherm+ Übergangsmuffe (innen-innen);2,98;Stk;10;für Übergang Ovalrohr 24/17 x 3/2 mm aufRundrohr 21 mm (innen-innen), schweißbar,güteüberwacht, inkl;Hitherm+ Übergangsmuffe (innen-innen)
für Übergang Ovalrohr 24/17 x 3/2 mm aufRundrohr 21 mm (innen-innen), schweißbar,güteüberwacht, inkl
für Übergang Ovalrohr 24/17 x 3/2 mm auf
Rundrohr 21mm (innen-innen), schweißbar,
güteüberwacht, 
inkl. Stützhülse für Ovalrohr 24/17 x
3/2mm,
Material: PP-R rot;für Übergang Ovalrohr 24/17 x 3/2 mm aufRundrohr 21 mm (innen-innen), schweißbar,güteüberwacht, inkl;Hitherm+ Übergangsmuffe (innen-innen)
für Übergang Ovalrohr 24/17 x 3/2 mm aufRundrohr 21 mm (innen-innen), schweißbar,güteüberwacht, inkl
für Übergang Ovalrohr 24/17 x 3/2 mm auf
Rundrohr 21mm (innen-innen), schweißbar,
güteüberwacht, 
inkl. Stützhülse für Ovalrohr 24/17 x
3/2mm,
Material: PP-R rot;Stk;;;;;
HR75;Hitherm+ Muffe 10 mm rund/rund;8,43;Stk;5;für Hitherm und Hitherm PlusVPE: 5 Stk.;Hitherm+ Muffe 10 mm rund/rund
für Hitherm und Hitherm PlusVPE: 5 Stk.;für Hitherm und Hitherm PlusVPE: 5 Stk.;Hitherm+ Muffe 10 mm rund/rund
für Hitherm und Hitherm PlusVPE: 5 Stk.;Stk;;;;;
HR76;Hitherm+ Endkappe 10 mm;8,43;Stk;5;für Hitherm und Hitherm PlusVPE: 5 Stk.;Hitherm+ Endkappe 10 mm
für Hitherm und Hitherm PlusVPE: 5 Stk.;für Hitherm und Hitherm PlusVPE: 5 Stk.;Hitherm+ Endkappe 10 mm
für Hitherm und Hitherm PlusVPE: 5 Stk.;Stk;;;;;
HR90;Hitherm+ Wandwinkel Compact 90° oval/oval lang;4,15;Stk;1;;Hitherm+ Wandwinkel Compact 90° oval/oval lang
;;Hitherm+ Wandwinkel Compact 90° oval/oval lang
;Stk;;;;;
HR91;Hitherm+ T-Stück oval/oval/oval x I/A/I;4,15;Stk;10;für Rohrverbindungen imPolyfusionsschweiß-verfahren, vornehmlich für Anbindeleitung,güteüberwacht,Ma;Hitherm+ T-Stück oval/oval/oval x I/A/I
für Rohrverbindungen imPolyfusionsschweiß-verfahren, vornehmlich für Anbindeleitung,güteüberwacht,Ma;für Rohrverbindungen imPolyfusionsschweiß-verfahren, vornehmlich für Anbindeleitung,güteüberwacht,Ma;Hitherm+ T-Stück oval/oval/oval x I/A/I
für Rohrverbindungen imPolyfusionsschweiß-verfahren, vornehmlich für Anbindeleitung,güteüberwacht,Ma;Stk;;;;;
HR92;Hitherm+ Winkel  45° oval/oval x A/A;2,39;Stk;10;für normgerechte EUROVAL-Rohrverbindung in Verbindung mit der Euroval-Schweißmuffe(EV10) im Polyfusi;Hitherm+ Winkel  45° oval/oval x A/A
für normgerechte EUROVAL-Rohrverbindung in Verbindung mit der Euroval-Schweißmuffe(EV10) im Polyfusi;für normgerechte EUROVAL-Rohrverbindung in Verbindung mit der Euroval-Schweißmuffe(EV10) im Polyfusi;Hitherm+ Winkel  45° oval/oval x A/A
für normgerechte EUROVAL-Rohrverbindung in Verbindung mit der Euroval-Schweißmuffe(EV10) im Polyfusi;Stk;;;;;
HR93;Hitherm+ Winkel  90° oval/oval x I/A;3,8;Stk;10;Material: PP-R, rotVPE: 10 Stk.;Hitherm+ Winkel  90° oval/oval x I/A
Material: PP-R, rotVPE: 10 Stk.;Material: PP-R, rotVPE: 10 Stk.;Hitherm+ Winkel  90° oval/oval x I/A
Material: PP-R, rotVPE: 10 Stk.;Stk;;;;;
HR-REP01;Reparaturpaket Hitherm Wandheizung 1;231,3;Stk;50;für beschädigtes 10 Rohrbestehend aus:- 5 Stk. Endkappen 10mm- 5 Stk. Muffen 10mm- 1 lfm Rohr 10x1,5;Reparaturpaket Hitherm Wandheizung 1
für beschädigtes 10 Rohrbestehend aus:- 5 Stk. Endkappen 10mm- 5 Stk. Muffen 10mm- 1 lfm Rohr 10x1,5;für beschädigtes 10 Rohrbestehend aus:- 5 Stk. Endkappen 10mm- 5 Stk. Muffen 10mm- 1 lfm Rohr 10x1,5;Reparaturpaket Hitherm Wandheizung 1
für beschädigtes 10 Rohrbestehend aus:- 5 Stk. Endkappen 10mm- 5 Stk. Muffen 10mm- 1 lfm Rohr 10x1,5;Stk;;;;;
HR-REP02;Reparaturpaket Hitherm Wandheizung 2;206,5;Stk;50;für beschädigte Sammelleitung (oval)bestehend aus:- 5 Stk. Reparatur Aufschweißteile (oval)- 1 Stk.;Reparaturpaket Hitherm Wandheizung 2
für beschädigte Sammelleitung (oval)bestehend aus:- 5 Stk. Reparatur Aufschweißteile (oval)- 1 Stk.;für beschädigte Sammelleitung (oval)bestehend aus:- 5 Stk. Reparatur Aufschweißteile (oval)- 1 Stk.;Reparaturpaket Hitherm Wandheizung 2
für beschädigte Sammelleitung (oval)bestehend aus:- 5 Stk. Reparatur Aufschweißteile (oval)- 1 Stk.;Stk;;;;;
HR-REP03;Reparaturpaket Hitherm Wandheizung 3;219,6;Stk;50;für beschädigte Anbindeleitung rundbestehend aus:- 5 Stk. Reparatur Aufschweißteile (rund)- 1 Stk. R;Reparaturpaket Hitherm Wandheizung 3
für beschädigte Anbindeleitung rundbestehend aus:- 5 Stk. Reparatur Aufschweißteile (rund)- 1 Stk. R;für beschädigte Anbindeleitung rundbestehend aus:- 5 Stk. Reparatur Aufschweißteile (rund)- 1 Stk. R;Reparaturpaket Hitherm Wandheizung 3
für beschädigte Anbindeleitung rundbestehend aus:- 5 Stk. Reparatur Aufschweißteile (rund)- 1 Stk. R;Stk;;;;;
HS01;HISAN Rohr SDR 6 (PN 20) 16x2,7 mm;3,31;Lfm;100;HISAN Rohr PN 20 für Heiß- undKaltwasser, Trinkwasser. Stangenlänge5m, Material: PP-R grau. PN 20, S;HISAN Rohr SDR 6 (PN 20) 16x2,7 mm
HISAN Rohr PN 20 für Heiß- undKaltwasser, Trinkwasser. Stangenlänge5m, Material: PP-R grau. PN 20, S
HISAN Rohr PN 20 für Heiß- und
Kaltwasser, Trinkwasser. Stangenlänge
5m, Material: PP-R grau. PN 20, SDR 6.
Betriebsdruck 10 bar bei 70 °C. DVGW +
ÖVGW geprüft.;HISAN Rohr PN 20 für Heiß- undKaltwasser, Trinkwasser. Stangenlänge5m, Material: PP-R grau. PN 20, S;HISAN Rohr SDR 6 (PN 20) 16x2,7 mm
HISAN Rohr PN 20 für Heiß- undKaltwasser, Trinkwasser. Stangenlänge5m, Material: PP-R grau. PN 20, S
HISAN Rohr PN 20 für Heiß- und
Kaltwasser, Trinkwasser. Stangenlänge
5m, Material: PP-R grau. PN 20, SDR 6.
Betriebsdruck 10 bar bei 70 °C. DVGW +
ÖVGW geprüft.;Lfm;;;;;
HS02;HISAN Rohr SDR 6 (PN 20) 20x3,4 mm;4;Lfm;100;HISAN Rohr PN 20 für Heiß- undKaltwasser, Trinkwasser. Stangenlänge5m, Material: PP-R grau. PN 20, S;HISAN Rohr SDR 6 (PN 20) 20x3,4 mm
HISAN Rohr PN 20 für Heiß- undKaltwasser, Trinkwasser. Stangenlänge5m, Material: PP-R grau. PN 20, S
HISAN Rohr PN 20 für Heiß- und
Kaltwasser, Trinkwasser. Stangenlänge
5m, Material: PP-R grau. PN 20, SDR 6.
Betriebsdruck 10 bar bei 70 °C. DVGW +
ÖVGW geprüft.;HISAN Rohr PN 20 für Heiß- undKaltwasser, Trinkwasser. Stangenlänge5m, Material: PP-R grau. PN 20, S;HISAN Rohr SDR 6 (PN 20) 20x3,4 mm
HISAN Rohr PN 20 für Heiß- undKaltwasser, Trinkwasser. Stangenlänge5m, Material: PP-R grau. PN 20, S
HISAN Rohr PN 20 für Heiß- und
Kaltwasser, Trinkwasser. Stangenlänge
5m, Material: PP-R grau. PN 20, SDR 6.
Betriebsdruck 10 bar bei 70 °C. DVGW +
ÖVGW geprüft.;Lfm;;;;;
HS03;HISAN Rohr SDR 6 (PN 20)  25x4,2 mm;6,85;Lfm;100;HISAN Rohr PN 20 für Heiß- undKaltwasser, Trinkwasser. Stangenlänge5m, Material: PP-R grau. PN 20, S;HISAN Rohr SDR 6 (PN 20)  25x4,2 mm
HISAN Rohr PN 20 für Heiß- undKaltwasser, Trinkwasser. Stangenlänge5m, Material: PP-R grau. PN 20, S
HISAN Rohr PN 20 für Heiß- und
Kaltwasser, Trinkwasser. Stangenlänge
5m, Material: PP-R grau. PN 20, SDR 6.
Betriebsdruck 10 bar bei 70 °C. DVGW +
ÖVGW geprüft.;HISAN Rohr PN 20 für Heiß- undKaltwasser, Trinkwasser. Stangenlänge5m, Material: PP-R grau. PN 20, S;HISAN Rohr SDR 6 (PN 20)  25x4,2 mm
HISAN Rohr PN 20 für Heiß- undKaltwasser, Trinkwasser. Stangenlänge5m, Material: PP-R grau. PN 20, S
HISAN Rohr PN 20 für Heiß- und
Kaltwasser, Trinkwasser. Stangenlänge
5m, Material: PP-R grau. PN 20, SDR 6.
Betriebsdruck 10 bar bei 70 °C. DVGW +
ÖVGW geprüft.;Lfm;;;;;
HS04;HISAN Rohr SDR 6 (PN 20)  32x5,4 mm;10,9;Lfm;50;HISAN Rohr PN 20 für Heiß- undKaltwasser, Trinkwasser. Stangenlänge5m, Material: PP-R grau. PN 20, S;HISAN Rohr SDR 6 (PN 20)  32x5,4 mm
HISAN Rohr PN 20 für Heiß- undKaltwasser, Trinkwasser. Stangenlänge5m, Material: PP-R grau. PN 20, S
HISAN Rohr PN 20 für Heiß- und
Kaltwasser, Trinkwasser. Stangenlänge
5m, Material: PP-R grau. PN 20, SDR 6.
Betriebsdruck 10 bar bei 70 °C. DVGW +
ÖVGW geprüft.;HISAN Rohr PN 20 für Heiß- undKaltwasser, Trinkwasser. Stangenlänge5m, Material: PP-R grau. PN 20, S;HISAN Rohr SDR 6 (PN 20)  32x5,4 mm
HISAN Rohr PN 20 für Heiß- undKaltwasser, Trinkwasser. Stangenlänge5m, Material: PP-R grau. PN 20, S
HISAN Rohr PN 20 für Heiß- und
Kaltwasser, Trinkwasser. Stangenlänge
5m, Material: PP-R grau. PN 20, SDR 6.
Betriebsdruck 10 bar bei 70 °C. DVGW +
ÖVGW geprüft.;Lfm;;;;;
HS05;HISAN Rohr SDR 6 (PN 20) 40x6,7 mm;16,4;Lfm;50;HISAN Rohr PN 20 für Heiß- undKaltwasser, Trinkwasser. Stangenlänge5m, Material: PP-R grau. PN 20, S;HISAN Rohr SDR 6 (PN 20) 40x6,7 mm
HISAN Rohr PN 20 für Heiß- undKaltwasser, Trinkwasser. Stangenlänge5m, Material: PP-R grau. PN 20, S
HISAN Rohr PN 20 für Heiß- und
Kaltwasser, Trinkwasser. Stangenlänge
5m, Material: PP-R grau. PN 20, SDR 6.
Betriebsdruck 10 bar bei 70 °C. DVGW +
ÖVGW geprüft.;HISAN Rohr PN 20 für Heiß- undKaltwasser, Trinkwasser. Stangenlänge5m, Material: PP-R grau. PN 20, S;HISAN Rohr SDR 6 (PN 20) 40x6,7 mm
HISAN Rohr PN 20 für Heiß- undKaltwasser, Trinkwasser. Stangenlänge5m, Material: PP-R grau. PN 20, S
HISAN Rohr PN 20 für Heiß- und
Kaltwasser, Trinkwasser. Stangenlänge
5m, Material: PP-R grau. PN 20, SDR 6.
Betriebsdruck 10 bar bei 70 °C. DVGW +
ÖVGW geprüft.;Lfm;;;;;
HS06;HISAN Rohr SDR 6 (PN 20) 50x8,4 mm;22,4;Lfm;25;HISAN Rohr PN 20 für Heiß- undKaltwasser, Trinkwasser. Stangenlänge5m, Material: PP-R grau. PN 20, S;HISAN Rohr SDR 6 (PN 20) 50x8,4 mm
HISAN Rohr PN 20 für Heiß- undKaltwasser, Trinkwasser. Stangenlänge5m, Material: PP-R grau. PN 20, S
HISAN Rohr PN 20 für Heiß- und
Kaltwasser, Trinkwasser. Stangenlänge
5m, Material: PP-R grau. PN 20, SDR 6.
Betriebsdruck 10 bar bei 70 °C. DVGW +
ÖVGW geprüft.;HISAN Rohr PN 20 für Heiß- undKaltwasser, Trinkwasser. Stangenlänge5m, Material: PP-R grau. PN 20, S;HISAN Rohr SDR 6 (PN 20) 50x8,4 mm
HISAN Rohr PN 20 für Heiß- undKaltwasser, Trinkwasser. Stangenlänge5m, Material: PP-R grau. PN 20, S
HISAN Rohr PN 20 für Heiß- und
Kaltwasser, Trinkwasser. Stangenlänge
5m, Material: PP-R grau. PN 20, SDR 6.
Betriebsdruck 10 bar bei 70 °C. DVGW +
ÖVGW geprüft.;Lfm;;;;;
HS07;HISAN Rohr SDR 6 (PN 20) 63x10,5 mm;34,9;Lfm;20;HISAN Rohr PN 20 für Heiß- undKaltwasser, Trinkwasser. Stangenlänge5m, Material: PP-R grau. PN 20, S;HISAN Rohr SDR 6 (PN 20) 63x10,5 mm
HISAN Rohr PN 20 für Heiß- undKaltwasser, Trinkwasser. Stangenlänge5m, Material: PP-R grau. PN 20, S
HISAN Rohr PN 20 für Heiß- und
Kaltwasser, Trinkwasser. Stangenlänge
5m, Material: PP-R grau. PN 20, SDR 6.
Betriebsdruck 10 bar bei 70 °C. DVGW +
ÖVGW geprüft.;HISAN Rohr PN 20 für Heiß- undKaltwasser, Trinkwasser. Stangenlänge5m, Material: PP-R grau. PN 20, S;HISAN Rohr SDR 6 (PN 20) 63x10,5 mm
HISAN Rohr PN 20 für Heiß- undKaltwasser, Trinkwasser. Stangenlänge5m, Material: PP-R grau. PN 20, S
HISAN Rohr PN 20 für Heiß- und
Kaltwasser, Trinkwasser. Stangenlänge
5m, Material: PP-R grau. PN 20, SDR 6.
Betriebsdruck 10 bar bei 70 °C. DVGW +
ÖVGW geprüft.;Lfm;;;;;
HS08;HISAN Rohr SDR 6 (PN 20) 75x12,5 mm;51;Lfm;5;HISAN Rohr PN 20 für Heiß- undKaltwasser, Trinkwasser. Stangenlänge5m, Material: PP-R grau. PN 20, S;HISAN Rohr SDR 6 (PN 20) 75x12,5 mm
HISAN Rohr PN 20 für Heiß- undKaltwasser, Trinkwasser. Stangenlänge5m, Material: PP-R grau. PN 20, S
HISAN Rohr PN 20 für Heiß- und
Kaltwasser, Trinkwasser. Stangenlänge
5m, Material: PP-R grau. PN 20, SDR 6.
Betriebsdruck 10 bar bei 70 °C. DVGW +
ÖVGW geprüft.;HISAN Rohr PN 20 für Heiß- undKaltwasser, Trinkwasser. Stangenlänge5m, Material: PP-R grau. PN 20, S;HISAN Rohr SDR 6 (PN 20) 75x12,5 mm
HISAN Rohr PN 20 für Heiß- undKaltwasser, Trinkwasser. Stangenlänge5m, Material: PP-R grau. PN 20, S
HISAN Rohr PN 20 für Heiß- und
Kaltwasser, Trinkwasser. Stangenlänge
5m, Material: PP-R grau. PN 20, SDR 6.
Betriebsdruck 10 bar bei 70 °C. DVGW +
ÖVGW geprüft.;Lfm;;;;;
HS11;HISAN Rohr PN 25 20x4 mm;4,27;Lfm;100;HISAN Rohr PN 25 für Heiß- undKaltwasser, Trinkwasser. Stangenlänge5m, Material: PP-R grau. PN 25, S;HISAN Rohr PN 25 20x4 mm
HISAN Rohr PN 25 für Heiß- undKaltwasser, Trinkwasser. Stangenlänge5m, Material: PP-R grau. PN 25, S
HISAN Rohr PN 25 für Heiß- und
Kaltwasser, Trinkwasser. Stangenlänge
5m, Material: PP-R grau. PN 25, SDR 6.
Betriebsdruck 10 bar bei 70 °C. DVGW +
ÖVGW geprüft.;HISAN Rohr PN 25 für Heiß- undKaltwasser, Trinkwasser. Stangenlänge5m, Material: PP-R grau. PN 25, S;HISAN Rohr PN 25 20x4 mm
HISAN Rohr PN 25 für Heiß- undKaltwasser, Trinkwasser. Stangenlänge5m, Material: PP-R grau. PN 25, S
HISAN Rohr PN 25 für Heiß- und
Kaltwasser, Trinkwasser. Stangenlänge
5m, Material: PP-R grau. PN 25, SDR 6.
Betriebsdruck 10 bar bei 70 °C. DVGW +
ÖVGW geprüft.;Lfm;;;;;
HS12;HISAN Rohr PN 25 25x5 mm;6,67;Lfm;100;HISAN Rohr PN 25 für Heiß- undKaltwasser, Trinkwasser. Stangenlänge5m, Material: PP-R grau. PN 25, S;HISAN Rohr PN 25 25x5 mm
HISAN Rohr PN 25 für Heiß- undKaltwasser, Trinkwasser. Stangenlänge5m, Material: PP-R grau. PN 25, S
HISAN Rohr PN 25 für Heiß- und
Kaltwasser, Trinkwasser. Stangenlänge
5m, Material: PP-R grau. PN 25, SDR 6.
Betriebsdruck 10 bar bei 70 °C. DVGW +
ÖVGW geprüft.;HISAN Rohr PN 25 für Heiß- undKaltwasser, Trinkwasser. Stangenlänge5m, Material: PP-R grau. PN 25, S;HISAN Rohr PN 25 25x5 mm
HISAN Rohr PN 25 für Heiß- undKaltwasser, Trinkwasser. Stangenlänge5m, Material: PP-R grau. PN 25, S
HISAN Rohr PN 25 für Heiß- und
Kaltwasser, Trinkwasser. Stangenlänge
5m, Material: PP-R grau. PN 25, SDR 6.
Betriebsdruck 10 bar bei 70 °C. DVGW +
ÖVGW geprüft.;Lfm;;;;;
HS13;HISAN Rohr PN 25 32x6,4 mm;10,3;Lfm;50;HISAN Rohr PN 25 für Heiß- undKaltwasser, Trinkwasser. Stangenlänge5m, Material: PP-R grau. PN 25, S;HISAN Rohr PN 25 32x6,4 mm
HISAN Rohr PN 25 für Heiß- undKaltwasser, Trinkwasser. Stangenlänge5m, Material: PP-R grau. PN 25, S
HISAN Rohr PN 25 für Heiß- und
Kaltwasser, Trinkwasser. Stangenlänge
5m, Material: PP-R grau. PN 25, SDR 6.
Betriebsdruck 10 bar bei 70 °C. DVGW +
ÖVGW geprüft.;HISAN Rohr PN 25 für Heiß- undKaltwasser, Trinkwasser. Stangenlänge5m, Material: PP-R grau. PN 25, S;HISAN Rohr PN 25 32x6,4 mm
HISAN Rohr PN 25 für Heiß- undKaltwasser, Trinkwasser. Stangenlänge5m, Material: PP-R grau. PN 25, S
HISAN Rohr PN 25 für Heiß- und
Kaltwasser, Trinkwasser. Stangenlänge
5m, Material: PP-R grau. PN 25, SDR 6.
Betriebsdruck 10 bar bei 70 °C. DVGW +
ÖVGW geprüft.;Lfm;;;;;
HS14;HISAN Rohr PN 25 40x8 mm;16,6;Lfm;50;HISAN Rohr PN 25 für Heiß- undKaltwasser, Trinkwasser. Stangenlänge5m, Material: PP-R grau. PN 25, S;HISAN Rohr PN 25 40x8 mm
HISAN Rohr PN 25 für Heiß- undKaltwasser, Trinkwasser. Stangenlänge5m, Material: PP-R grau. PN 25, S
HISAN Rohr PN 25 für Heiß- und
Kaltwasser, Trinkwasser. Stangenlänge
5m, Material: PP-R grau. PN 25, SDR 6.
Betriebsdruck 10 bar bei 70 °C. DVGW +
ÖVGW geprüft.;HISAN Rohr PN 25 für Heiß- undKaltwasser, Trinkwasser. Stangenlänge5m, Material: PP-R grau. PN 25, S;HISAN Rohr PN 25 40x8 mm
HISAN Rohr PN 25 für Heiß- undKaltwasser, Trinkwasser. Stangenlänge5m, Material: PP-R grau. PN 25, S
HISAN Rohr PN 25 für Heiß- und
Kaltwasser, Trinkwasser. Stangenlänge
5m, Material: PP-R grau. PN 25, SDR 6.
Betriebsdruck 10 bar bei 70 °C. DVGW +
ÖVGW geprüft.;Lfm;;;;;
HS31;HISAN Rohr SDR 11 (PN 10) 16x1,8 mm;3,15;Lfm;100;Hisan Rohr für Heiß- undKaltwasser. Stangenlänge 5m.Material:PP-R grau, SDR 11.Betriebsdruck 5 bar b;HISAN Rohr SDR 11 (PN 10) 16x1,8 mm
Hisan Rohr für Heiß- undKaltwasser. Stangenlänge 5m.Material:PP-R grau, SDR 11.Betriebsdruck 5 bar b
Hisan Rohr PN10 für Heiß- und
Kaltwasser. Stangenlänge 5m.
Material:PP-P grau, SDR 11.
Betriebsdruck 5 bar bei 70°C;Hisan Rohr für Heiß- undKaltwasser. Stangenlänge 5m.Material:PP-R grau, SDR 11.Betriebsdruck 5 bar b;HISAN Rohr SDR 11 (PN 10) 16x1,8 mm
Hisan Rohr für Heiß- undKaltwasser. Stangenlänge 5m.Material:PP-R grau, SDR 11.Betriebsdruck 5 bar b
Hisan Rohr PN10 für Heiß- und
Kaltwasser. Stangenlänge 5m.
Material:PP-P grau, SDR 11.
Betriebsdruck 5 bar bei 70°C;Lfm;;;;;
HS32;HISAN Rohr SDR 11 (PN 10) 20x1,9 mm;3,41;Lfm;100;Hisan Rohr für Heiß- undKaltwasser. Stangenlänge 5m.Material:PP-R grau, SDR 11.Betriebsdruck 5 bar b;HISAN Rohr SDR 11 (PN 10) 20x1,9 mm
Hisan Rohr für Heiß- undKaltwasser. Stangenlänge 5m.Material:PP-R grau, SDR 11.Betriebsdruck 5 bar b
Hisan Rohr PN10 für Heiß- und
Kaltwasser. Stangenlänge 5m.
Material:PP-P grau, SDR 11.
Betriebsdruck 5 bar bei 70°C;Hisan Rohr für Heiß- undKaltwasser. Stangenlänge 5m.Material:PP-R grau, SDR 11.Betriebsdruck 5 bar b;HISAN Rohr SDR 11 (PN 10) 20x1,9 mm
Hisan Rohr für Heiß- undKaltwasser. Stangenlänge 5m.Material:PP-R grau, SDR 11.Betriebsdruck 5 bar b
Hisan Rohr PN10 für Heiß- und
Kaltwasser. Stangenlänge 5m.
Material:PP-P grau, SDR 11.
Betriebsdruck 5 bar bei 70°C;Lfm;;;;;
HS33;HISAN Rohr SDR 11 (PN 10) 25x2,3 mm;4,6;Lfm;100;Hisan Rohr für Heiß- undKaltwasser. Stangenlänge 5m.Material:PP-R grau, SDR 11.Betriebsdruck 5 bar b;HISAN Rohr SDR 11 (PN 10) 25x2,3 mm
Hisan Rohr für Heiß- undKaltwasser. Stangenlänge 5m.Material:PP-R grau, SDR 11.Betriebsdruck 5 bar b
Hisan Rohr PN10 für Heiß- und
Kaltwasser. Stangenlänge 5m.
Material:PP-P grau, SDR 11.
Betriebsdruck 5 bar bei 70°C;Hisan Rohr für Heiß- undKaltwasser. Stangenlänge 5m.Material:PP-R grau, SDR 11.Betriebsdruck 5 bar b;HISAN Rohr SDR 11 (PN 10) 25x2,3 mm
Hisan Rohr für Heiß- undKaltwasser. Stangenlänge 5m.Material:PP-R grau, SDR 11.Betriebsdruck 5 bar b
Hisan Rohr PN10 für Heiß- und
Kaltwasser. Stangenlänge 5m.
Material:PP-P grau, SDR 11.
Betriebsdruck 5 bar bei 70°C;Lfm;;;;;
HS34;HISAN Rohr SDR 11 (PN10) 32x2,9 mm;6,45;Lfm;50;Hisan Rohr für Heiß- undKaltwasser. Stangenlänge 5m.Material:PP-R grau, SDR 11.Betriebsdruck 5 bar b;HISAN Rohr SDR 11 (PN10) 32x2,9 mm
Hisan Rohr für Heiß- undKaltwasser. Stangenlänge 5m.Material:PP-R grau, SDR 11.Betriebsdruck 5 bar b
Hisan Rohr PN10 für Heiß- und
Kaltwasser. Stangenlänge 5m.
Material:PP-P grau, SDR 11.
Betriebsdruck 5 bar bei 70°C;Hisan Rohr für Heiß- undKaltwasser. Stangenlänge 5m.Material:PP-R grau, SDR 11.Betriebsdruck 5 bar b;HISAN Rohr SDR 11 (PN10) 32x2,9 mm
Hisan Rohr für Heiß- undKaltwasser. Stangenlänge 5m.Material:PP-R grau, SDR 11.Betriebsdruck 5 bar b
Hisan Rohr PN10 für Heiß- und
Kaltwasser. Stangenlänge 5m.
Material:PP-P grau, SDR 11.
Betriebsdruck 5 bar bei 70°C;Lfm;;;;;
HS35;HISAN Rohr SDR 11 (PN10) 40x3,7 mm;9,82;Lfm;50;Hisan Rohr für Heiß- undKaltwasser. Stangenlänge 5m.Material:PP-R grau, SDR 11.Betriebsdruck 5 bar b;HISAN Rohr SDR 11 (PN10) 40x3,7 mm
Hisan Rohr für Heiß- undKaltwasser. Stangenlänge 5m.Material:PP-R grau, SDR 11.Betriebsdruck 5 bar b
Hisan Rohr PN10 für Heiß- und
Kaltwasser. Stangenlänge 5m.
Material:PP-P grau, SDR 11.
Betriebsdruck 5 bar bei 70°C;Hisan Rohr für Heiß- undKaltwasser. Stangenlänge 5m.Material:PP-R grau, SDR 11.Betriebsdruck 5 bar b;HISAN Rohr SDR 11 (PN10) 40x3,7 mm
Hisan Rohr für Heiß- undKaltwasser. Stangenlänge 5m.Material:PP-R grau, SDR 11.Betriebsdruck 5 bar b
Hisan Rohr PN10 für Heiß- und
Kaltwasser. Stangenlänge 5m.
Material:PP-P grau, SDR 11.
Betriebsdruck 5 bar bei 70°C;Lfm;;;;;
HS36;HISAN Rohr SDR 11 (PN 10) 50 x 4,6 mm;15,9;Lfm;25;Hisan Rohr für Heiß- undKaltwasser. Stangenlänge 5m.Material:PP-R grau, SDR 11.Betriebsdruck 5 bar b;HISAN Rohr SDR 11 (PN 10) 50 x 4,6 mm
Hisan Rohr für Heiß- undKaltwasser. Stangenlänge 5m.Material:PP-R grau, SDR 11.Betriebsdruck 5 bar b
Hisan Rohr PN10 für Heiß- und
Kaltwasser. Stangenlänge 5m.
Material:PP-P grau, SDR 11.
Betriebsdruck 5 bar bei 70°C;Hisan Rohr für Heiß- undKaltwasser. Stangenlänge 5m.Material:PP-R grau, SDR 11.Betriebsdruck 5 bar b;HISAN Rohr SDR 11 (PN 10) 50 x 4,6 mm
Hisan Rohr für Heiß- undKaltwasser. Stangenlänge 5m.Material:PP-R grau, SDR 11.Betriebsdruck 5 bar b
Hisan Rohr PN10 für Heiß- und
Kaltwasser. Stangenlänge 5m.
Material:PP-P grau, SDR 11.
Betriebsdruck 5 bar bei 70°C;Lfm;;;;;
HS37;HISAN Rohr SDR 11 (PN 10) 63x5,8 mm;25,7;Lfm;20;Hisan Rohr für Heiß- undKaltwasser. Stangenlänge 5m.Material:PP-R grau, SDR 11.Betriebsdruck 5 bar b;HISAN Rohr SDR 11 (PN 10) 63x5,8 mm
Hisan Rohr für Heiß- undKaltwasser. Stangenlänge 5m.Material:PP-R grau, SDR 11.Betriebsdruck 5 bar b
Hisan Rohr PN10 für Heiß- und
Kaltwasser. Stangenlänge 5m.
Material:PP-P grau, SDR 11.
Betriebsdruck 5 bar bei 70°C;Hisan Rohr für Heiß- undKaltwasser. Stangenlänge 5m.Material:PP-R grau, SDR 11.Betriebsdruck 5 bar b;HISAN Rohr SDR 11 (PN 10) 63x5,8 mm
Hisan Rohr für Heiß- undKaltwasser. Stangenlänge 5m.Material:PP-R grau, SDR 11.Betriebsdruck 5 bar b
Hisan Rohr PN10 für Heiß- und
Kaltwasser. Stangenlänge 5m.
Material:PP-P grau, SDR 11.
Betriebsdruck 5 bar bei 70°C;Lfm;;;;;
HS38;HISAN Rohr SDR 11  (PN 10) 75x6,8 mm;33,7;Lfm;5;;HISAN Rohr SDR 11  (PN 10) 75x6,8 mm

Hisan Rohr PN10 für Heiß- und
Kaltwasser. Stangenlänge 5m.
Material:PP-P grau, SDR 11.
Betriebsdruck 5 bar bei 70°C;;HISAN Rohr SDR 11  (PN 10) 75x6,8 mm

Hisan Rohr PN10 für Heiß- und
Kaltwasser. Stangenlänge 5m.
Material:PP-P grau, SDR 11.
Betriebsdruck 5 bar bei 70°C;Lfm;;;;;
HS39;HISAN Rohr SDR 11 ( PN10) 90x8,2 mm;42,2;lfm;5;;HISAN Rohr SDR 11 ( PN10) 90x8,2 mm

Hisan Rohr PN10 für Heiß- und
Kaltwasser. Stangenlänge 5m.
Material:PP-P grau, SDR 11.
Betriebsdruck 5 bar bei 70°C;;HISAN Rohr SDR 11 ( PN10) 90x8,2 mm

Hisan Rohr PN10 für Heiß- und
Kaltwasser. Stangenlänge 5m.
Material:PP-P grau, SDR 11.
Betriebsdruck 5 bar bei 70°C;lfm;;;;;
HS41;HISAN-Endkappe  16 mm;1,81;Stk;20;;HISAN-Endkappe  16 mm
;;HISAN-Endkappe  16 mm
;Stk;;;;;
HS42;HISAN-Endkappe  20 mm;1,98;Stk;20;;HISAN-Endkappe  20 mm
;;HISAN-Endkappe  20 mm
;Stk;;;;;
HS43;HISAN-Endkappe  25 mm;2,42;Stk;20;;HISAN-Endkappe  25 mm
;;HISAN-Endkappe  25 mm
;Stk;;;;;
HS44;HISAN-Endkappe  32 mm;2,96;Stk;10;;HISAN-Endkappe  32 mm
;;HISAN-Endkappe  32 mm
;Stk;;;;;
HS45;HISAN-Endkappe  40 mm;5,71;Stk;5;;HISAN-Endkappe  40 mm
;;HISAN-Endkappe  40 mm
;Stk;;;;;
HS46;HISAN-Endkappe  50 mm;10,2;Stk;5;;HISAN-Endkappe  50 mm
;;HISAN-Endkappe  50 mm
;Stk;;;;;
HS47;HISAN-Endkappe  63 mm;13,2;Stk;1;;HISAN-Endkappe  63 mm
;;HISAN-Endkappe  63 mm
;Stk;;;;;
HS48;HISAN-Endkappe  75 mm;18,6;Stk;1;;HISAN-Endkappe  75 mm
;;HISAN-Endkappe  75 mm
;Stk;;;;;
HS51;HISAN-Überspringbogen  16 mm;6,7;Stk;1;;HISAN-Überspringbogen  16 mm
;;HISAN-Überspringbogen  16 mm
;Stk;;;;;
HS52;HISAN-Überspringbogen  20 mm;7,96;Stk;1;;HISAN-Überspringbogen  20 mm
;;HISAN-Überspringbogen  20 mm
;Stk;;;;;
HS53;HISAN-Überspringbogen  25 mm;8,76;Stk;1;;HISAN-Überspringbogen  25 mm
;;HISAN-Überspringbogen  25 mm
;Stk;;;;;
HS54;HISAN-Überspringbogen  32 mm;9,99;Stk;1;;HISAN-Überspringbogen  32 mm
;;HISAN-Überspringbogen  32 mm
;Stk;;;;;
HS55;HISAN ÜBERSPRINGBOGEN Ý 40 mm;13;Stk;1;;HISAN ÜBERSPRINGBOGEN Ý 40 mm
;;HISAN ÜBERSPRINGBOGEN Ý 40 mm
;Stk;;;;;
HS61;HISAN-PPR-Kugelhahn 20 mm;12,7;Stk;1;;HISAN-PPR-Kugelhahn 20 mm
;;HISAN-PPR-Kugelhahn 20 mm
;Stk;;;;;
HS62;HISAN-PPR-Kugelhahn 25 mm;17,9;Stk;1;;HISAN-PPR-Kugelhahn 25 mm
;;HISAN-PPR-Kugelhahn 25 mm
;Stk;;;;;
HS63;HISAN-PPR-Kugelhahn 32 mm;22,5;Stk;1;;HISAN-PPR-Kugelhahn 32 mm
;;HISAN-PPR-Kugelhahn 32 mm
;Stk;;;;;
HS64;HISAN-PPR-Kugelhahn 40 mm;44,7;Stk;1;;HISAN-PPR-Kugelhahn 40 mm
;;HISAN-PPR-Kugelhahn 40 mm
;Stk;;;;;
HS66;DICHTUNG für HOLLÄNDER 20x1 (E628 - EPDM);1,82;Stk;;;DICHTUNG für HOLLÄNDER 20x1 (E628 - EPDM)
;;DICHTUNG für HOLLÄNDER 20x1 (E628 - EPDM)
;Stk;;;;;
HS67;DICHTUNG für HOLLÄNDER 25x5/4 (E628 - EPDM);2,06;Stk;;;DICHTUNG für HOLLÄNDER 25x5/4 (E628 - EPDM)
;;DICHTUNG für HOLLÄNDER 25x5/4 (E628 - EPDM)
;Stk;;;;;
HS68;DICHTUNG für HOLLÄNDER 32x6/4 (E628 - EPDM);0,94;Stk;;;DICHTUNG für HOLLÄNDER 32x6/4 (E628 - EPDM)
;;DICHTUNG für HOLLÄNDER 32x6/4 (E628 - EPDM)
;Stk;;;;;
HS69;DICHTUNG für HOLLÄNDER 40x2  (E628 - EPDM);2,58;Stk;;;DICHTUNG für HOLLÄNDER 40x2  (E628 - EPDM)
;;DICHTUNG für HOLLÄNDER 40x2  (E628 - EPDM)
;Stk;;;;;
HS71;HISAN-Kunststoffholländerteil DA 20;14,1;Stk;10;mit Messingverschraubung 20x1 AGund Dichtung;HISAN-Kunststoffholländerteil DA 20
mit Messingverschraubung 20x1 AGund Dichtung;mit Messingverschraubung 20x1 AGund Dichtung;HISAN-Kunststoffholländerteil DA 20
mit Messingverschraubung 20x1 AGund Dichtung;Stk;;;;;
HS72;HISAN-Kunststoffholländerteil DA 25;17,1;Stk;10;für HISAN® Anschlussgarniturinkl. Verschraubung und Dichtung;HISAN-Kunststoffholländerteil DA 25
für HISAN® Anschlussgarniturinkl. Verschraubung und Dichtung;für HISAN® Anschlussgarniturinkl. Verschraubung und Dichtung;HISAN-Kunststoffholländerteil DA 25
für HISAN® Anschlussgarniturinkl. Verschraubung und Dichtung;Stk;;;;;
HS73;HISAN-Kunststoffholländerteil DA 32;23,9;Stk;5;mit Messingverschraubung 32x1 1/2 AGund Dichtung;HISAN-Kunststoffholländerteil DA 32
mit Messingverschraubung 32x1 1/2 AGund Dichtung;mit Messingverschraubung 32x1 1/2 AGund Dichtung;HISAN-Kunststoffholländerteil DA 32
mit Messingverschraubung 32x1 1/2 AGund Dichtung;Stk;;;;;
HS74;HISAN-Kunststoffholländerteil DA 40;31,3;Stk;5;mit Messingverschraubung 40x2 AGund Dichtung;HISAN-Kunststoffholländerteil DA 40
mit Messingverschraubung 40x2 AGund Dichtung;mit Messingverschraubung 40x2 AGund Dichtung;HISAN-Kunststoffholländerteil DA 40
mit Messingverschraubung 40x2 AGund Dichtung;Stk;;;;;
HS75;HISAN-Kunststoffholländerteil DA 20;17,1;Stk;10;mit Messingverschraubung 20x1 IGund Dichtung;HISAN-Kunststoffholländerteil DA 20
mit Messingverschraubung 20x1 IGund Dichtung;mit Messingverschraubung 20x1 IGund Dichtung;HISAN-Kunststoffholländerteil DA 20
mit Messingverschraubung 20x1 IGund Dichtung;Stk;;;;;
HS76;HISAN-Kunststoffholländerteil DA 25;21,9;Stk;10;für HISAN® Anschlussgarnitur;HISAN-Kunststoffholländerteil DA 25
für HISAN® Anschlussgarnitur;für HISAN® Anschlussgarnitur;HISAN-Kunststoffholländerteil DA 25
für HISAN® Anschlussgarnitur;Stk;;;;;
HS77;HISAN-Kunststoffholländerteil DA 32;25,4;Stk;5;mit Messingverschraubung 32x1 1/2 IGund Dichtung;HISAN-Kunststoffholländerteil DA 32
mit Messingverschraubung 32x1 1/2 IGund Dichtung;mit Messingverschraubung 32x1 1/2 IGund Dichtung;HISAN-Kunststoffholländerteil DA 32
mit Messingverschraubung 32x1 1/2 IGund Dichtung;Stk;;;;;
HS78;HISAN-Kunststoffholländerteil DA 40;34,9;Stk;5;mit Messingverschraubung 40x2 IGund Dichtung;HISAN-Kunststoffholländerteil DA 40
mit Messingverschraubung 40x2 IGund Dichtung;mit Messingverschraubung 40x2 IGund Dichtung;HISAN-Kunststoffholländerteil DA 40
mit Messingverschraubung 40x2 IGund Dichtung;Stk;;;;;
HS81;HISAN-Tragschale  20 mm (lfm);4,28;Lfm;1;;HISAN-Tragschale  20 mm (lfm)
;;HISAN-Tragschale  20 mm (lfm)
;Lfm;;;;;
HS82;HISAN-Tragschale  25 mm (lfm);4,93;Lfm;1;;HISAN-Tragschale  25 mm (lfm)
;;HISAN-Tragschale  25 mm (lfm)
;Lfm;;;;;
HS83;HISAN-Tragschale  32 mm (lfm);5,52;Lfm;1;;HISAN-Tragschale  32 mm (lfm)
;;HISAN-Tragschale  32 mm (lfm)
;Lfm;;;;;
HS84;HISAN-Tragschale  40 mm (lfm);8,1;Lfm;1;;HISAN-Tragschale  40 mm (lfm)
;;HISAN-Tragschale  40 mm (lfm)
;Lfm;;;;;
HS85;HISAN-Tragschale  50 mm (lfm);9,27;Lfm;1;;HISAN-Tragschale  50 mm (lfm)
;;HISAN-Tragschale  50 mm (lfm)
;Lfm;;;;;
HS86;HISAN-Tragschale  63 mm (lfm);11,1;Lfm;1;;HISAN-Tragschale  63 mm (lfm)
;;HISAN-Tragschale  63 mm (lfm)
;Lfm;;;;;
HS91;HISAN-Rohrschelle Ý 16 mm;2,52;Stk;;;HISAN-Rohrschelle Ý 16 mm
;;HISAN-Rohrschelle Ý 16 mm
;Stk;;;;;
HS92;HISAN-Rohrschelle Ý 20 mm;2,55;Stk;;;HISAN-Rohrschelle Ý 20 mm
;;HISAN-Rohrschelle Ý 20 mm
;Stk;;;;;
HS93;HISAN-Rohrschelle Ý 25 mm;2,61;Stk;;;HISAN-Rohrschelle Ý 25 mm
;;HISAN-Rohrschelle Ý 25 mm
;Stk;;;;;
HS94;HISAN-Rohrschelle Ý 32 mm;3,04;Stk;;;HISAN-Rohrschelle Ý 32 mm
;;HISAN-Rohrschelle Ý 32 mm
;Stk;;;;;
HS95;HISAN-Rohrschelle Ý 40 mm;4,23;Stk;;;HISAN-Rohrschelle Ý 40 mm
;;HISAN-Rohrschelle Ý 40 mm
;Stk;;;;;
HS96;HISAN-Rohrschelle Ý 50 mm;4,37;Stk;;;HISAN-Rohrschelle Ý 50 mm
;;HISAN-Rohrschelle Ý 50 mm
;Stk;;;;;
HS97;HISAN-Rohrschelle Ý 63 mm;4,63;Stk;;;HISAN-Rohrschelle Ý 63 mm
;;HISAN-Rohrschelle Ý 63 mm
;Stk;;;;;
HS98;HISAN-Rohrschelle Ý 75 mm;5,2;Stk;;;HISAN-Rohrschelle Ý 75 mm
;;HISAN-Rohrschelle Ý 75 mm
;Stk;;;;;
HT01;HISAN-T-Stück  16 mm;2,49;Stk;20;;HISAN-T-Stück  16 mm
;;HISAN-T-Stück  16 mm
;Stk;;;;;
HT02;HISAN-T-Stück  20 mm;2,69;Stk;20;;HISAN-T-Stück  20 mm
;;HISAN-T-Stück  20 mm
;Stk;;;;;
HT03;HISAN-T-Stück  25 mm;3,33;Stk;20;;HISAN-T-Stück  25 mm
;;HISAN-T-Stück  25 mm
;Stk;;;;;
HT04;HISAN-T-Stück  32 mm;4,62;Stk;10;;HISAN-T-Stück  32 mm
;;HISAN-T-Stück  32 mm
;Stk;;;;;
HT05;HISAN-T-Stück  40 mm;7,92;Stk;5;;HISAN-T-Stück  40 mm
;;HISAN-T-Stück  40 mm
;Stk;;;;;
HT06;HISAN-T-Stück  50 mm;17,1;Stk;5;;HISAN-T-Stück  50 mm
;;HISAN-T-Stück  50 mm
;Stk;;;;;
HT07;HISAN-T-Stück  63 mm;21,8;Stk;1;;HISAN-T-Stück  63 mm
;;HISAN-T-Stück  63 mm
;Stk;;;;;
HT08;HISAN-T-Stück  75 mm;27,8;Stk;1;;HISAN-T-Stück  75 mm
;;HISAN-T-Stück  75 mm
;Stk;;;;;
HT11;HISAN-Reduktions-T-Stück 20x16x20 mm;3,98;Stk;20;;HISAN-Reduktions-T-Stück 20x16x20 mm
;;HISAN-Reduktions-T-Stück 20x16x20 mm
;Stk;;;;;
HT12;HISAN-Reduktions-T-Stück 25x16x25 mm;3,81;Stk;20;;HISAN-Reduktions-T-Stück 25x16x25 mm
;;HISAN-Reduktions-T-Stück 25x16x25 mm
;Stk;;;;;
HT13;HISAN-Reduktions-T-Stück 25x20x20 mm;4,9;Stk;20;;HISAN-Reduktions-T-Stück 25x20x20 mm
;;HISAN-Reduktions-T-Stück 25x20x20 mm
;Stk;;;;;
HT14;HISAN-Reduktions-T-Stück 25x20x25 mm;4,9;Stk;20;;HISAN-Reduktions-T-Stück 25x20x25 mm
;;HISAN-Reduktions-T-Stück 25x20x25 mm
;Stk;;;;;
HT15;HISAN-Reduktions-T-Stück 32x20x32 mm;5,1;Stk;10;;HISAN-Reduktions-T-Stück 32x20x32 mm
;;HISAN-Reduktions-T-Stück 32x20x32 mm
;Stk;;;;;
HT16;HISAN-Reduktions-T-Stück 32x25x32 mm;5,1;Stk;10;;HISAN-Reduktions-T-Stück 32x25x32 mm
;;HISAN-Reduktions-T-Stück 32x25x32 mm
;Stk;;;;;
HT17;HISAN-Reduktions-T-Stück 40x20x40 mm;10,9;Stk;5;;HISAN-Reduktions-T-Stück 40x20x40 mm
;;HISAN-Reduktions-T-Stück 40x20x40 mm
;Stk;;;;;
HT18;HISAN-Reduktions-T-Stück 40x25x40 mm;10,9;Stk;5;;HISAN-Reduktions-T-Stück 40x25x40 mm
;;HISAN-Reduktions-T-Stück 40x25x40 mm
;Stk;;;;;
HT19;HISAN-Reduktions-T-Stück 40x32x40 mm;10,9;Stk;5;;HISAN-Reduktions-T-Stück 40x32x40 mm
;;HISAN-Reduktions-T-Stück 40x32x40 mm
;Stk;;;;;
HT20;HISAN-Reduktions-T-Stück 50x20x50 mm;19,4;Stk;5;;HISAN-Reduktions-T-Stück 50x20x50 mm
;;HISAN-Reduktions-T-Stück 50x20x50 mm
;Stk;;;;;
HT21;HISAN-Reduktions-T-Stück 50x25x50 mm;19,4;Stk;5;;HISAN-Reduktions-T-Stück 50x25x50 mm
;;HISAN-Reduktions-T-Stück 50x25x50 mm
;Stk;;;;;
HT22;HISAN-Reduktions-T-Stück 50x32x50 mm;19,4;Stk;5;;HISAN-Reduktions-T-Stück 50x32x50 mm
;;HISAN-Reduktions-T-Stück 50x32x50 mm
;Stk;;;;;
HT23;HISAN-Reduktions-T-Stück 50x40x50 mm;19,4;Stk;5;;HISAN-Reduktions-T-Stück 50x40x50 mm
;;HISAN-Reduktions-T-Stück 50x40x50 mm
;Stk;;;;;
HT24;HISAN-Reduktions-T-Stück 63x50x63 mm;25,4;Stk;1;;HISAN-Reduktions-T-Stück 63x50x63 mm
;;HISAN-Reduktions-T-Stück 63x50x63 mm
;Stk;;;;;
HT25;HISAN-Reduktions-T-Stück 75x63x75 mm;34,1;Stk;1;;HISAN-Reduktions-T-Stück 75x63x75 mm
;;HISAN-Reduktions-T-Stück 75x63x75 mm
;Stk;;;;;
HT31;HISAN-Übergangs-T-Stück mit AG 16x1/2;14,5;Stk;10;;HISAN-Übergangs-T-Stück mit AG 16x1/2
;;HISAN-Übergangs-T-Stück mit AG 16x1/2
;Stk;;;;;
HT32;HISAN-Übergangs-T-Stück mit AG 20x1/2;16,4;Stk;10;;HISAN-Übergangs-T-Stück mit AG 20x1/2
;;HISAN-Übergangs-T-Stück mit AG 20x1/2
;Stk;;;;;
HT33;HISAN-Übergangs-T-Stück mit AG 20x3/4;19,4;Stk;10;;HISAN-Übergangs-T-Stück mit AG 20x3/4
;;HISAN-Übergangs-T-Stück mit AG 20x3/4
;Stk;;;;;
HT34;HISAN-Übergangs-T-Stück mit AG 25x1/2;14,5;Stk;10;;HISAN-Übergangs-T-Stück mit AG 25x1/2
;;HISAN-Übergangs-T-Stück mit AG 25x1/2
;Stk;;;;;
HT35;HISAN-Übergangs-T-Stück mit AG 25x3/4;22,4;Stk;10;;HISAN-Übergangs-T-Stück mit AG 25x3/4
;;HISAN-Übergangs-T-Stück mit AG 25x3/4
;Stk;;;;;
HT36;HISAN-Übergangs-T-Stück mit AG 32x3/4;23,9;Stk;5;;HISAN-Übergangs-T-Stück mit AG 32x3/4
;;HISAN-Übergangs-T-Stück mit AG 32x3/4
;Stk;;;;;
HT37;HISAN-Übergangs-T-Stück mit AG 32x1;26,5;Stk;5;;HISAN-Übergangs-T-Stück mit AG 32x1
;;HISAN-Übergangs-T-Stück mit AG 32x1
;Stk;;;;;
HT41;HISAN-Übergangs-T-Stück mit IG 16x1/2;14,1;Stk;10;;HISAN-Übergangs-T-Stück mit IG 16x1/2
;;HISAN-Übergangs-T-Stück mit IG 16x1/2
;Stk;;;;;
HT42;HISAN-Übergangs-T-Stück mit IG 20x1/2;15,1;Stk;10;;HISAN-Übergangs-T-Stück mit IG 20x1/2
;;HISAN-Übergangs-T-Stück mit IG 20x1/2
;Stk;;;;;
HT43;HISAN-Übergangs-T-Stück mit IG 20x3/4;19,4;Stk;10;;HISAN-Übergangs-T-Stück mit IG 20x3/4
;;HISAN-Übergangs-T-Stück mit IG 20x3/4
;Stk;;;;;
HT44;HISAN-Übergangs-T-Stück mit IG 25x1/2;18,6;Stk;10;;HISAN-Übergangs-T-Stück mit IG 25x1/2
;;HISAN-Übergangs-T-Stück mit IG 25x1/2
;Stk;;;;;
HT45;HISAN-Übergangs-T-Stück mit IG 25x3/4;19,4;Stk;10;;HISAN-Übergangs-T-Stück mit IG 25x3/4
;;HISAN-Übergangs-T-Stück mit IG 25x3/4
;Stk;;;;;
HT46;HISAN-Übergangs-T-Stück mit IG 32x3/4;20;Stk;5;;HISAN-Übergangs-T-Stück mit IG 32x3/4
;;HISAN-Übergangs-T-Stück mit IG 32x3/4
;Stk;;;;;
HT47;HISAN-Übergangs-T-Stück mit IG 32x1;21,3;Stk;5;;HISAN-Übergangs-T-Stück mit IG 32x1
;;HISAN-Übergangs-T-Stück mit IG 32x1
;Stk;;;;;
HT49;HISAN-Übergangs-T-Stück IG 40x1;29,5;Stk;5;;HISAN-Übergangs-T-Stück IG 40x1
;;HISAN-Übergangs-T-Stück IG 40x1
;Stk;;;;;
HT60;HISAN-Übergangs-T-Stück mit IG 32x1/2;20;Stk;5;;HISAN-Übergangs-T-Stück mit IG 32x1/2
;;HISAN-Übergangs-T-Stück mit IG 32x1/2
;Stk;;;;;
HT61;HISAN-Übergangs-T-Stück mit IG 40x1/2;26,8;Stk;5;;HISAN-Übergangs-T-Stück mit IG 40x1/2
;;HISAN-Übergangs-T-Stück mit IG 40x1/2
;Stk;;;;;
HU01;HISAN-Übergangsstück mit AG 16x1/2;11,9;Stk;10;;HISAN-Übergangsstück mit AG 16x1/2
;;HISAN-Übergangsstück mit AG 16x1/2
;Stk;;;;;
HU02;HISAN-Übergangsstück mit AG 20x1/2;13;Stk;10;;HISAN-Übergangsstück mit AG 20x1/2
;;HISAN-Übergangsstück mit AG 20x1/2
;Stk;;;;;
HU03;HISAN-Übergangsstück mit AG 20x3/4;15,9;Stk;10;;HISAN-Übergangsstück mit AG 20x3/4
;;HISAN-Übergangsstück mit AG 20x3/4
;Stk;;;;;
HU04;HISAN-Übergangsstück mit AG 25x1/2;14,1;Stk;10;;HISAN-Übergangsstück mit AG 25x1/2
;;HISAN-Übergangsstück mit AG 25x1/2
;Stk;;;;;
HU05;HISAN-Übergangsstück mit AG 25x3/4;15,1;Stk;10;;HISAN-Übergangsstück mit AG 25x3/4
;;HISAN-Übergangsstück mit AG 25x3/4
;Stk;;;;;
HU06;HISAN-Übergangsstück mit AG 32x3/4;16,4;Stk;10;;HISAN-Übergangsstück mit AG 32x3/4
;;HISAN-Übergangsstück mit AG 32x3/4
;Stk;;;;;
HU07;HISAN-Übergangsstück mit AG 32x1;26,5;Stk;10;;HISAN-Übergangsstück mit AG 32x1
;;HISAN-Übergangsstück mit AG 32x1
;Stk;;;;;
HU08;HISAN-Übergangsstück mit AG 40x5/4;41,6;Stk;5;;HISAN-Übergangsstück mit AG 40x5/4
;;HISAN-Übergangsstück mit AG 40x5/4
;Stk;;;;;
HU09;HISAN-Übergangsstück mit AG 50x6/4;56,8;Stk;5;;HISAN-Übergangsstück mit AG 50x6/4
;;HISAN-Übergangsstück mit AG 50x6/4
;Stk;;;;;
HU10;HISAN-Übergangsstück mit AG 63x2;96,5;Stk;1;;HISAN-Übergangsstück mit AG 63x2
;;HISAN-Übergangsstück mit AG 63x2
;Stk;;;;;
HU11;HISAN-Übergangsstück mit AG 75x2 1/2;132,9;Stk;1;;HISAN-Übergangsstück mit AG 75x2 1/2
;;HISAN-Übergangsstück mit AG 75x2 1/2
;Stk;;;;;
HU21;HISAN-Übergangsstück mit IG 16x1/2;11,2;Stk;10;;HISAN-Übergangsstück mit IG 16x1/2
;;HISAN-Übergangsstück mit IG 16x1/2
;Stk;;;;;
HU22;HISAN-Übergangsstück mit IG 20x1/2;12,4;Stk;10;;HISAN-Übergangsstück mit IG 20x1/2
;;HISAN-Übergangsstück mit IG 20x1/2
;Stk;;;;;
HU23;HISAN-Übergangsstück mit IG 20x3/4;14,1;Stk;10;;HISAN-Übergangsstück mit IG 20x3/4
;;HISAN-Übergangsstück mit IG 20x3/4
;Stk;;;;;
HU24;HISAN-Übergangsstück mit IG 25x1/2;14,1;Stk;10;;HISAN-Übergangsstück mit IG 25x1/2
;;HISAN-Übergangsstück mit IG 25x1/2
;Stk;;;;;
HU25;HISAN-Übergangsstück mit IG 25x3/4;14,1;Stk;10;;HISAN-Übergangsstück mit IG 25x3/4
;;HISAN-Übergangsstück mit IG 25x3/4
;Stk;;;;;
HU26;HISAN-Übergangsstück mit IG 32x3/4;14,5;Stk;10;;HISAN-Übergangsstück mit IG 32x3/4
;;HISAN-Übergangsstück mit IG 32x3/4
;Stk;;;;;
HU27;HISAN-Übergangsstück mit IG 32x1;23,5;Stk;10;;HISAN-Übergangsstück mit IG 32x1
;;HISAN-Übergangsstück mit IG 32x1
;Stk;;;;;
HU28;HISAN-Übergangsstück mit IG 40x5/4;37,3;Stk;5;;HISAN-Übergangsstück mit IG 40x5/4
;;HISAN-Übergangsstück mit IG 40x5/4
;Stk;;;;;
HU29;HISAN-Übergangsstück mit IG 50x6/4;52,9;Stk;5;;HISAN-Übergangsstück mit IG 50x6/4
;;HISAN-Übergangsstück mit IG 50x6/4
;Stk;;;;;
HU30;HISAN-Übergangsstück mit IG 63x2;82,1;Stk;1;;HISAN-Übergangsstück mit IG 63x2
;;HISAN-Übergangsstück mit IG 63x2
;Stk;;;;;
HU31;HISAN-Übergangsstück mit IG 75x2 1/2;108,8;Stk;1;;HISAN-Übergangsstück mit IG 75x2 1/2
;;HISAN-Übergangsstück mit IG 75x2 1/2
;Stk;;;;;
HU32;HISAN-Übergangsstück mit IG 75x2N;108,8;Stk;1;;HISAN-Übergangsstück mit IG 75x2N
;;HISAN-Übergangsstück mit IG 75x2N
;Stk;;;;;
HU33;HISAN-Übergangsstück IG 63x1 1/2;82;Stk;1;;HISAN-Übergangsstück IG 63x1 1/2
;;HISAN-Übergangsstück IG 63x1 1/2
;Stk;;;;;
HU51;Rohrverschraubung 20 x 1/2AG;31,5;Stk;1;;Rohrverschraubung 20 x 1/2AG
;;Rohrverschraubung 20 x 1/2AG
;Stk;;;;;
HU52;Rohrverschraubung 25 x3/4AG;40,5;Stk;1;;Rohrverschraubung 25 x3/4AG
;;Rohrverschraubung 25 x3/4AG
;Stk;;;;;
HU53;Rohrverschraubung 32 x 1AG;49,3;Stk;1;;Rohrverschraubung 32 x 1AG
;;Rohrverschraubung 32 x 1AG
;Stk;;;;;
HU54;Rohrverschraubung 40 x 5/4AG;103,3;Stk;1;;Rohrverschraubung 40 x 5/4AG
;;Rohrverschraubung 40 x 5/4AG
;Stk;;;;;
HU61;Rohrverschraubung 20 x 1/2IG;28,6;Stk;1;;Rohrverschraubung 20 x 1/2IG
;;Rohrverschraubung 20 x 1/2IG
;Stk;;;;;
HU62;Rohrverschraubung 25 x3/4IG;36,7;Stk;1;;Rohrverschraubung 25 x3/4IG
;;Rohrverschraubung 25 x3/4IG
;Stk;;;;;
HU63;Rohrverschraubung 32 x 1IG;44,8;Stk;1;;Rohrverschraubung 32 x 1IG
;;Rohrverschraubung 32 x 1IG
;Stk;;;;;
HU64;Rohrverschraubung 40 x 5/4IG;91;Stk;1;;Rohrverschraubung 40 x 5/4IG
;;Rohrverschraubung 40 x 5/4IG
;Stk;;;;;
HV01;HISAN-Absperrventil UT 20 x 1/2;21,3;Stk;5;;HISAN-Absperrventil UT 20 x 1/2
;;HISAN-Absperrventil UT 20 x 1/2
;Stk;;;;;
HV02;HISAN-Absperrventil UT 25 x 3/4;22,4;Stk;5;;HISAN-Absperrventil UT 25 x 3/4
;;HISAN-Absperrventil UT 25 x 3/4
;Stk;;;;;
HV03;HISAN-Absperrventil UT 32 x 1;52,9;Stk;1;;HISAN-Absperrventil UT 32 x 1
;;HISAN-Absperrventil UT 32 x 1
;Stk;;;;;
HV04;HISAN-Absperrventil UT 40 x 1 1/4;64,4;Stk;;;HISAN-Absperrventil UT 40 x 1 1/4
;;HISAN-Absperrventil UT 40 x 1 1/4
;Stk;;;;;
HV11;HISAN-Absperrventil OT 1/2;7,94;Stk;5;;HISAN-Absperrventil OT 1/2
;;HISAN-Absperrventil OT 1/2
;Stk;;;;;
HV12;HISAN Absperrventil OT 3/4;16;Stk;5;;HISAN Absperrventil OT 3/4
;;HISAN Absperrventil OT 3/4
;Stk;;;;;
HV13;HISAN-Absperrventil OT 1;20,9;Stk;1;;HISAN-Absperrventil OT 1
;;HISAN-Absperrventil OT 1
;Stk;;;;;
HV14;HISAN-Absperrventil OT 5/4;22,7;Stk;1;;HISAN-Absperrventil OT 5/4
;;HISAN-Absperrventil OT 5/4
;Stk;;;;;
HV21;HISAN-Schrägsitzventil UT 20x3/4;43;Stk;5;;HISAN-Schrägsitzventil UT 20x3/4
;;HISAN-Schrägsitzventil UT 20x3/4
;Stk;;;;;
HV22;HISAN-Schrägsitzventil UT 25x3/4;45,2;Stk;5;;HISAN-Schrägsitzventil UT 25x3/4
;;HISAN-Schrägsitzventil UT 25x3/4
;Stk;;;;;
HV23;HISAN-Schrägsitzventil UT 32x5/4;70,6;Stk;1;;HISAN-Schrägsitzventil UT 32x5/4
;;HISAN-Schrägsitzventil UT 32x5/4
;Stk;;;;;
HV24;HISAN-Schrägsitzventil UT 40x5/4;74;Stk;1;;HISAN-Schrägsitzventil UT 40x5/4
;;HISAN-Schrägsitzventil UT 40x5/4
;Stk;;;;;
HV33;ENTLEERUNGSHÄHNCHEN 1/4;5,83;Stk;1;;ENTLEERUNGSHÄHNCHEN 1/4
;;ENTLEERUNGSHÄHNCHEN 1/4
;Stk;;;;;
HW01;HISAN-Winkel 90°,  16 mm;2,16;Stk;20;;HISAN-Winkel 90°,  16 mm
;;HISAN-Winkel 90°,  16 mm
;Stk;;;;;
HW02;HISAN-Winkel 90°,  20 mm;2,42;Stk;20;;HISAN-Winkel 90°,  20 mm
;;HISAN-Winkel 90°,  20 mm
;Stk;;;;;
HW03;HISAN-Winkel 90°,  25 mm;2,87;Stk;20;;HISAN-Winkel 90°,  25 mm
;;HISAN-Winkel 90°,  25 mm
;Stk;;;;;
HW04;HISAN-Winkel 90°,  32 mm;3,9;Stk;10;;HISAN-Winkel 90°,  32 mm
;;HISAN-Winkel 90°,  32 mm
;Stk;;;;;
HW05;HISAN-Winkel 90°,  40 mm;7,08;Stk;5;;HISAN-Winkel 90°,  40 mm
;;HISAN-Winkel 90°,  40 mm
;Stk;;;;;
HW06;HISAN-Winkel 90°,  50 mm;14,1;Stk;5;;HISAN-Winkel 90°,  50 mm
;;HISAN-Winkel 90°,  50 mm
;Stk;;;;;
HW07;HISAN-Winkel 90°,  63 mm;18,2;Stk;1;;HISAN-Winkel 90°,  63 mm
;;HISAN-Winkel 90°,  63 mm
;Stk;;;;;
HW08;HISAN-Winkel 90°,  75 mm;25,4;Stk;1;;HISAN-Winkel 90°,  75 mm
;;HISAN-Winkel 90°,  75 mm
;Stk;;;;;
HW11;HISAN-Winkel 45°,  16 mm;2,16;Stk;20;;HISAN-Winkel 45°,  16 mm
;;HISAN-Winkel 45°,  16 mm
;Stk;;;;;
HW12;HISAN-Winkel 45°,  20 mm;2,42;Stk;20;;HISAN-Winkel 45°,  20 mm
;;HISAN-Winkel 45°,  20 mm
;Stk;;;;;
HW13;HISAN-Winkel 45°,  25 mm;2,87;Stk;20;;HISAN-Winkel 45°,  25 mm
;;HISAN-Winkel 45°,  25 mm
;Stk;;;;;
HW14;HISAN-Winkel 45°,  32 mm;3,9;Stk;10;;HISAN-Winkel 45°,  32 mm
;;HISAN-Winkel 45°,  32 mm
;Stk;;;;;
HW15;HISAN-Winkel 45°,  40 mm;7,96;Stk;5;;HISAN-Winkel 45°,  40 mm
;;HISAN-Winkel 45°,  40 mm
;Stk;;;;;
HW16;HISAN-Winkel 45°,  50 mm;14,5;Stk;5;;HISAN-Winkel 45°,  50 mm
;;HISAN-Winkel 45°,  50 mm
;Stk;;;;;
HW17;HISAN-Winkel 45°,  63 mm;19,4;Stk;1;;HISAN-Winkel 45°,  63 mm
;;HISAN-Winkel 45°,  63 mm
;Stk;;;;;
HW18;HISAN-Winkel 45°,  75 mm;26,5;Stk;1;;HISAN-Winkel 45°,  75 mm
;;HISAN-Winkel 45°,  75 mm
;Stk;;;;;
HW22;HISAN-Winkel 90° I/A, 20 mm;3,37;Stk;20;;HISAN-Winkel 90° I/A, 20 mm
;;HISAN-Winkel 90° I/A, 20 mm
;Stk;;;;;
HW23;HISAN-Winkel 90° I/A, 25 mm;3,63;Stk;20;;HISAN-Winkel 90° I/A, 25 mm
;;HISAN-Winkel 90° I/A, 25 mm
;Stk;;;;;
HW24;HISAN-Winkel 90° I/A, 32 mm;5,54;Stk;10;;HISAN-Winkel 90° I/A, 32 mm
;;HISAN-Winkel 90° I/A, 32 mm
;Stk;;;;;
HW25;HISAN-Winkel 90° I/A, 40 mm;10;Stk;5;;HISAN-Winkel 90° I/A, 40 mm
;;HISAN-Winkel 90° I/A, 40 mm
;Stk;;;;;
HW31;HISAN-Übergangswinkel mit AG 16x1/2;14,5;Stk;10;;HISAN-Übergangswinkel mit AG 16x1/2
;;HISAN-Übergangswinkel mit AG 16x1/2
;Stk;;;;;
HW32;HISAN-Übergangswinkel mit AG 20x1/2;15,1;Stk;10;;HISAN-Übergangswinkel mit AG 20x1/2
;;HISAN-Übergangswinkel mit AG 20x1/2
;Stk;;;;;
HW33;HISAN-Übergangswinkel mit AG 20x3/4;17,1;Stk;10;;HISAN-Übergangswinkel mit AG 20x3/4
;;HISAN-Übergangswinkel mit AG 20x3/4
;Stk;;;;;
HW34;HISAN-Übergangswinkel mit AG 25x1/2;15,9;Stk;10;;HISAN-Übergangswinkel mit AG 25x1/2
;;HISAN-Übergangswinkel mit AG 25x1/2
;Stk;;;;;
HW35;HISAN-Übergangswinkel mit AG 25x3/4;17,1;Stk;10;;HISAN-Übergangswinkel mit AG 25x3/4
;;HISAN-Übergangswinkel mit AG 25x3/4
;Stk;;;;;
HW36;HISAN-Übergangswinkel mit AG 32x3/4;19,4;Stk;5;;HISAN-Übergangswinkel mit AG 32x3/4
;;HISAN-Übergangswinkel mit AG 32x3/4
;Stk;;;;;
HW37;HISAN-Übergangswinkel mit AG 32x1;27,1;Stk;5;;HISAN-Übergangswinkel mit AG 32x1
;;HISAN-Übergangswinkel mit AG 32x1
;Stk;;;;;
HW41;HISAN-Übergangswinkel mit IG 16x1/2;12,3;Stk;10;;HISAN-Übergangswinkel mit IG 16x1/2
;;HISAN-Übergangswinkel mit IG 16x1/2
;Stk;;;;;
HW42;HISAN-Übergangswinkel mit IG 20x1/2;13;Stk;10;;HISAN-Übergangswinkel mit IG 20x1/2
;;HISAN-Übergangswinkel mit IG 20x1/2
;Stk;;;;;
HW43;HISAN-Übergangswinkel mit IG 20x3/4;16,4;Stk;10;;HISAN-Übergangswinkel mit IG 20x3/4
;;HISAN-Übergangswinkel mit IG 20x3/4
;Stk;;;;;
HW44;HISAN-Übergangswinkel mit IG 25x1/2;15,1;Stk;10;;HISAN-Übergangswinkel mit IG 25x1/2
;;HISAN-Übergangswinkel mit IG 25x1/2
;Stk;;;;;
HW45;HISAN-Übergangswinkel mit IG 25x3/4;16,4;Stk;10;;HISAN-Übergangswinkel mit IG 25x3/4
;;HISAN-Übergangswinkel mit IG 25x3/4
;Stk;;;;;
HW46;HISAN-Übergangswinkel mit IG 32x3/4;17,1;Stk;5;;HISAN-Übergangswinkel mit IG 32x3/4
;;HISAN-Übergangswinkel mit IG 32x3/4
;Stk;;;;;
HW47;HISAN-Übergangswinkel mit IG 32x1;22,4;Stk;5;;HISAN-Übergangswinkel mit IG 32x1
;;HISAN-Übergangswinkel mit IG 32x1
;Stk;;;;;
HW51;HISAN-Wandanschlussb. UP mit AG 16x1/2;14,5;Stk;10;;HISAN-Wandanschlussb. UP mit AG 16x1/2
;;HISAN-Wandanschlussb. UP mit AG 16x1/2
;Stk;;;;;
HW52;HISAN-Wandanschlussb. UP mit AG 20x1/2;14,5;Stk;10;;HISAN-Wandanschlussb. UP mit AG 20x1/2
;;HISAN-Wandanschlussb. UP mit AG 20x1/2
;Stk;;;;;
HW53;HISAN-Wandanschlussb. UP mit AG 20x3/4;15,9;Stk;10;;HISAN-Wandanschlussb. UP mit AG 20x3/4
;;HISAN-Wandanschlussb. UP mit AG 20x3/4
;Stk;;;;;
HW54;HISAN-Wandanschlussb. UP mit AG 25x1/2;15,1;Stk;10;;HISAN-Wandanschlussb. UP mit AG 25x1/2
;;HISAN-Wandanschlussb. UP mit AG 25x1/2
;Stk;;;;;
HW55;HISAN-Wandanschlussb. UP mit AG 25x3/4;15,9;Stk;10;;HISAN-Wandanschlussb. UP mit AG 25x3/4
;;HISAN-Wandanschlussb. UP mit AG 25x3/4
;Stk;;;;;
HW61;HISAN-Wandanschlussb. UP mit IG 16x1/2;12,1;Stk;10;;HISAN-Wandanschlussb. UP mit IG 16x1/2
;;HISAN-Wandanschlussb. UP mit IG 16x1/2
;Stk;;;;;
HW62;HISAN-Wandanschlussbogen UP m. IG 20x1/2;12,3;Stk;10;;HISAN-Wandanschlussbogen UP m. IG 20x1/2
;;HISAN-Wandanschlussbogen UP m. IG 20x1/2
;Stk;;;;;
HW63;HISAN-Wandanschlussb. UP mit IG 20x3/4;13,2;Stk;10;;HISAN-Wandanschlussb. UP mit IG 20x3/4
;;HISAN-Wandanschlussb. UP mit IG 20x3/4
;Stk;;;;;
HW64;HISAN-Wandanschlussb. UP mit IG 25x1/2;12,5;Stk;10;;HISAN-Wandanschlussb. UP mit IG 25x1/2
;;HISAN-Wandanschlussb. UP mit IG 25x1/2
;Stk;;;;;
HW65;HISAN-Wandanschlussb. UP mit IG 25x3/4;14,1;Stk;10;;HISAN-Wandanschlussb. UP mit IG 25x3/4
;;HISAN-Wandanschlussb. UP mit IG 25x3/4
;Stk;;;;;
HW71;HISAN-Wandanschlussb. UP m.IG 16x1/2 3-Loch;12,1;Stk;10;;HISAN-Wandanschlussb. UP m.IG 16x1/2 3-Loch
;;HISAN-Wandanschlussb. UP m.IG 16x1/2 3-Loch
;Stk;;;;;
HW72;Wandanschlussbogen UP m.IG 20x1/2 3-Loch;12,3;Stk;10;;Wandanschlussbogen UP m.IG 20x1/2 3-Loch
;;Wandanschlussbogen UP m.IG 20x1/2 3-Loch
;Stk;;;;;
HW74;Wandanschlussbogen UP m.IG 25x1/2 3-Loch;12,5;Stk;10;;Wandanschlussbogen UP m.IG 25x1/2 3-Loch
;;Wandanschlussbogen UP m.IG 25x1/2 3-Loch
;Stk;;;;;
HW80;1 Stk.HISAN-Wandanschlussbogen 20x1/2IG;21,3;Stk;10;vormontiert auf Befestigungsbügel;1 Stk.HISAN-Wandanschlussbogen 20x1/2IG
vormontiert auf Befestigungsbügel;vormontiert auf Befestigungsbügel;1 Stk.HISAN-Wandanschlussbogen 20x1/2IG
vormontiert auf Befestigungsbügel;Stk;;;;;
HW81;HISAN-Befestigungsbügel für 1 Stk. Wandanschlussbügel;8,47;Stk;10;für 1 Stk. Wandanschlußbogen;HISAN-Befestigungsbügel für 1 Stk. Wandanschlussbügel
für 1 Stk. Wandanschlußbogen;für 1 Stk. Wandanschlußbogen;HISAN-Befestigungsbügel für 1 Stk. Wandanschlussbügel
für 1 Stk. Wandanschlußbogen;Stk;;;;;
HW85;2 Stk.HISAN-Wandanschlussbogen 20x1/2IG;34,1;Stk;10;vormontiert im Abstand von 150 mm aufBefestigungsbügel;2 Stk.HISAN-Wandanschlussbogen 20x1/2IG
vormontiert im Abstand von 150 mm aufBefestigungsbügel;vormontiert im Abstand von 150 mm aufBefestigungsbügel;2 Stk.HISAN-Wandanschlussbogen 20x1/2IG
vormontiert im Abstand von 150 mm aufBefestigungsbügel;Stk;;;;;
HW86;HISAN-Befestigungsbügel für 2 Stk. Wandanschlussbogen;8,79;Stk;10;für 2 Stk. Wandanschlußbogen im Abstandvon 155 mm;HISAN-Befestigungsbügel für 2 Stk. Wandanschlussbogen
für 2 Stk. Wandanschlußbogen im Abstandvon 155 mm;für 2 Stk. Wandanschlußbogen im Abstandvon 155 mm;HISAN-Befestigungsbügel für 2 Stk. Wandanschlussbogen
für 2 Stk. Wandanschlußbogen im Abstandvon 155 mm;Stk;;;;;
HW92;HISAN-Winkel 45° I/A, 20 mm;3,31;Stk;20;;HISAN-Winkel 45° I/A, 20 mm
;;HISAN-Winkel 45° I/A, 20 mm
;Stk;;;;;
HW93;HISAN-Winkel 45° I/A, 25 mm;3,63;Stk;20;;HISAN-Winkel 45° I/A, 25 mm
;;HISAN-Winkel 45° I/A, 25 mm
;Stk;;;;;
HW94;HISAN-Winkel 45° I/A, 32 mm;5,49;Stk;10;;HISAN-Winkel 45° I/A, 32 mm
;;HISAN-Winkel 45° I/A, 32 mm
;Stk;;;;;
HX01;HISAN-Reduktionsmuffe Ý 20/21 mm;2,23;Stk;1;(Sonderanfertigung);HISAN-Reduktionsmuffe Ý 20/21 mm
(Sonderanfertigung);(Sonderanfertigung);HISAN-Reduktionsmuffe Ý 20/21 mm
(Sonderanfertigung);Stk;;;;;
HX02;HISAN-Reduktionsmuffe Ý 25/21 mm;2,36;Stk;1;(Sonderanfertigung);HISAN-Reduktionsmuffe Ý 25/21 mm
(Sonderanfertigung);(Sonderanfertigung);HISAN-Reduktionsmuffe Ý 25/21 mm
(Sonderanfertigung);Stk;;;;;
HX03;HISAN-Reduktionsmuffe Ý 32/21 mm;2,82;Stk;1;(Sonderanfertigung);HISAN-Reduktionsmuffe Ý 32/21 mm
(Sonderanfertigung);(Sonderanfertigung);HISAN-Reduktionsmuffe Ý 32/21 mm
(Sonderanfertigung);Stk;;;;;
HX04;HISAN-Reduktionswinkel 90° Ø 20/21 mm;3,18;Stk;1;;HISAN-Reduktionswinkel 90° Ø 20/21 mm
;;HISAN-Reduktionswinkel 90° Ø 20/21 mm
;Stk;;;;;
HX08;HISAN-Reduktions-T-Stück 25x21x25 mm;5,72;Stk;1;(Sonderanfertigung);HISAN-Reduktions-T-Stück 25x21x25 mm
(Sonderanfertigung);(Sonderanfertigung);HISAN-Reduktions-T-Stück 25x21x25 mm
(Sonderanfertigung);Stk;;;;;
HX09;HISAN-Reduktions-T-Stück 32x21x32 mm;6;Stk;1;(Sonderanfertigung);HISAN-Reduktions-T-Stück 32x21x32 mm
(Sonderanfertigung);(Sonderanfertigung);HISAN-Reduktions-T-Stück 32x21x32 mm
(Sonderanfertigung);Stk;;;;;
HX10;HISAN-Reduktions-T-Stück 40x21x40 mm;12,8;Stk;1;(Sonderanfertigung);HISAN-Reduktions-T-Stück 40x21x40 mm
(Sonderanfertigung);(Sonderanfertigung);HISAN-Reduktions-T-Stück 40x21x40 mm
(Sonderanfertigung);Stk;;;;;
HX11;HISAN-Reduktions-T-Stück 50x21x50 mm;22,7;Stk;1;(Sonderanfertigung);HISAN-Reduktions-T-Stück 50x21x50 mm
(Sonderanfertigung);(Sonderanfertigung);HISAN-Reduktions-T-Stück 50x21x50 mm
(Sonderanfertigung);Stk;;;;;
HX15;HISAN-Übergangsstück mit IG 21x1/2;14,6;Stk;1;(Sonderanfertigung);HISAN-Übergangsstück mit IG 21x1/2
(Sonderanfertigung);(Sonderanfertigung);HISAN-Übergangsstück mit IG 21x1/2
(Sonderanfertigung);Stk;;;;;
HX16;HISAN-Übergangsstück mit IG 21x3/4;18,6;Stk;1;(Sonderanfertigung);HISAN-Übergangsstück mit IG 21x3/4
(Sonderanfertigung);(Sonderanfertigung);HISAN-Übergangsstück mit IG 21x3/4
(Sonderanfertigung);Stk;;;;;
HX20;HISAN-Übergangsstück mit AG 21x1/2;15,5;Stk;1;(Sonderanfertigung);HISAN-Übergangsstück mit AG 21x1/2
(Sonderanfertigung);(Sonderanfertigung);HISAN-Übergangsstück mit AG 21x1/2
(Sonderanfertigung);Stk;;;;;
HX21;HISAN-Übergangsstück mit AG 21x3/4;18,8;Stk;1;(Sonderanfertigung);HISAN-Übergangsstück mit AG 21x3/4
(Sonderanfertigung);(Sonderanfertigung);HISAN-Übergangsstück mit AG 21x3/4
(Sonderanfertigung);Stk;;;;;
HX25;HISAN-Wandanschlussbogen UP m. IG 21x1/2;14,5;Stk;1;(Sonderanfertigung);HISAN-Wandanschlussbogen UP m. IG 21x1/2
(Sonderanfertigung);(Sonderanfertigung);HISAN-Wandanschlussbogen UP m. IG 21x1/2
(Sonderanfertigung);Stk;;;;;
HX26;HISAN-Wandanschlussb. UP mit IG 21x3/4;17,4;Stk;1;;HISAN-Wandanschlussb. UP mit IG 21x3/4
;;HISAN-Wandanschlussb. UP mit IG 21x3/4
;Stk;;;;;
HX30;HISAN-Übergangswinkel mit IG 21x1/2;15,7;Stk;1;(Sonderanfertigung);HISAN-Übergangswinkel mit IG 21x1/2
(Sonderanfertigung);(Sonderanfertigung);HISAN-Übergangswinkel mit IG 21x1/2
(Sonderanfertigung);Stk;;;;;
HX35M;HISAN-Übergangswinkel mit AG 21x1/2 kurze Ausführung;18,4;Stk;1;;HISAN-Übergangswinkel mit AG 21x1/2 kurze Ausführung
;;HISAN-Übergangswinkel mit AG 21x1/2 kurze Ausführung
;Stk;;;;;
HX40;HISAN-Übergangs-T-Stück mit IG 21x1/2;18,4;Stk;1;(Sonderanfertigung);HISAN-Übergangs-T-Stück mit IG 21x1/2
(Sonderanfertigung);(Sonderanfertigung);HISAN-Übergangs-T-Stück mit IG 21x1/2
(Sonderanfertigung);Stk;;;;;
HX41;HISAN-Übergangs-T-Stück mit AG 21x1/2;18,4;Stk;1;Sonderanfertigung;HISAN-Übergangs-T-Stück mit AG 21x1/2
Sonderanfertigung;Sonderanfertigung;HISAN-Übergangs-T-Stück mit AG 21x1/2
Sonderanfertigung;Stk;;;;;
HX72;Überwurfmutter 5/4IG lang (für Holländer);20,1;Stk;1;;Überwurfmutter 5/4IG lang (für Holländer)
;;Überwurfmutter 5/4IG lang (für Holländer)
;Stk;;;;;
HX73;Holländerverschraubung 5/4AG;15,4;Stk;1;;Holländerverschraubung 5/4AG
;;Holländerverschraubung 5/4AG
;Stk;;;;;
HX75;Überwurfmutter 6/4IG kurz;11,8;Stk;1;;Überwurfmutter 6/4IG kurz
;;Überwurfmutter 6/4IG kurz
;Stk;;;;;
HX76;Holländerverschraubung 6/4AG;18,5;Stk;1;;Holländerverschraubung 6/4AG
;;Holländerverschraubung 6/4AG
;Stk;;;;;
HX80;Adapter 1auf 1 1/2Ý 32 IG;18,5;Stk;1;;Adapter 1auf 1 1/2Ý 32 IG
;;Adapter 1auf 1 1/2Ý 32 IG
;Stk;;;;;
HX81;Adapter 1auf 1 1/2 Ý 32 AG;17,9;Stk;1;;Adapter 1auf 1 1/2 Ý 32 AG
;;Adapter 1auf 1 1/2 Ý 32 AG
;Stk;;;;;
JV01;JUMBOVAL-Sicherheitsrohr DD  Rolle zu 120 lfm;5,03;lfm;120;mit optimierter Geometrie, 32x 23 mm,PP-R sauerstoffdicht, schweißbar, ÖNORM B 5158 und EN15874 gepr;JUMBOVAL-Sicherheitsrohr DD  Rolle zu 120 lfm
mit optimierter Geometrie, 32x 23 mm,PP-R sauerstoffdicht, schweißbar, ÖNORM B 5158 und EN15874 gepr;mit optimierter Geometrie, 32x 23 mm,PP-R sauerstoffdicht, schweißbar, ÖNORM B 5158 und EN15874 gepr;JUMBOVAL-Sicherheitsrohr DD  Rolle zu 120 lfm
mit optimierter Geometrie, 32x 23 mm,PP-R sauerstoffdicht, schweißbar, ÖNORM B 5158 und EN15874 gepr;lfm;;;;;
JV02;JUMBOVAL-Sicherheitsrohr Ø21mm, Stange zu 5 lfm, OHNE;4,01;lfm;100;Sauerstoffsperre;JUMBOVAL-Sicherheitsrohr Ø21mm, Stange zu 5 lfm, OHNE
Sauerstoffsperre;Sauerstoffsperre;JUMBOVAL-Sicherheitsrohr Ø21mm, Stange zu 5 lfm, OHNE
Sauerstoffsperre;lfm;;;;;
JV03;JUMBOVAL-Sicherheitsrohr Ø25 mm (Stange zu 5 lfm);5,19;lfm;100;Rundrohr Ø25 mm x 2,7,PP-R, schweißbar, güteüberwachtVPE: 100 lfm;JUMBOVAL-Sicherheitsrohr Ø25 mm (Stange zu 5 lfm)
Rundrohr Ø25 mm x 2,7,PP-R, schweißbar, güteüberwachtVPE: 100 lfm;Rundrohr Ø25 mm x 2,7,PP-R, schweißbar, güteüberwachtVPE: 100 lfm;JUMBOVAL-Sicherheitsrohr Ø25 mm (Stange zu 5 lfm)
Rundrohr Ø25 mm x 2,7,PP-R, schweißbar, güteüberwachtVPE: 100 lfm;lfm;;;;;
JV10;JUMBOVAL-Schweißmuffe oval/oval, I/I;2,58;Stk;10;für normgerechte Polyfusionsschweisßverbindungen von Jumboval- Rohren, PP-R, güteüberwachtVPE 10 Stk;JUMBOVAL-Schweißmuffe oval/oval, I/I
für normgerechte Polyfusionsschweisßverbindungen von Jumboval- Rohren, PP-R, güteüberwachtVPE 10 Stk;für normgerechte Polyfusionsschweisßverbindungen von Jumboval- Rohren, PP-R, güteüberwachtVPE 10 Stk;JUMBOVAL-Schweißmuffe oval/oval, I/I
für normgerechte Polyfusionsschweisßverbindungen von Jumboval- Rohren, PP-R, güteüberwachtVPE 10 Stk;Stk;;;;;
JV11;JUMBOVAL-Schweißmuffe oval/rund Ø25 mm PN10, I/I;2,67;Stk;10;für normgerechte Polyfusionsschweißverbindung von Jumboval-Rohr mitJumboval-Rundrohr Ø 25 x 2,7 mm (;JUMBOVAL-Schweißmuffe oval/rund Ø25 mm PN10, I/I
für normgerechte Polyfusionsschweißverbindung von Jumboval-Rohr mitJumboval-Rundrohr Ø 25 x 2,7 mm (;für normgerechte Polyfusionsschweißverbindung von Jumboval-Rohr mitJumboval-Rundrohr Ø 25 x 2,7 mm (;JUMBOVAL-Schweißmuffe oval/rund Ø25 mm PN10, I/I
für normgerechte Polyfusionsschweißverbindung von Jumboval-Rohr mitJumboval-Rundrohr Ø 25 x 2,7 mm (;Stk;;;;;
JV12;JUMBOVAL-Schweißmuffe oval/rund Ø32 mm, I/A;2,89;Stk;10;für normgerechte Polyfusionsschweißverbindung von Jumboval-Rohr mit PP-R-Rohr Ø 32  mm, PP-R, güteüb;JUMBOVAL-Schweißmuffe oval/rund Ø32 mm, I/A
für normgerechte Polyfusionsschweißverbindung von Jumboval-Rohr mit PP-R-Rohr Ø 32  mm, PP-R, güteüb;für normgerechte Polyfusionsschweißverbindung von Jumboval-Rohr mit PP-R-Rohr Ø 32  mm, PP-R, güteüb;JUMBOVAL-Schweißmuffe oval/rund Ø32 mm, I/A
für normgerechte Polyfusionsschweißverbindung von Jumboval-Rohr mit PP-R-Rohr Ø 32  mm, PP-R, güteüb;Stk;;;;;
JV13;JUMBOVAL-Übergangswinkel 90°  oval/rund Ø21 mm, I/A;2,86;Stk;10;für normgerechte Polyfusionsschweißverbindung von Jumboval-Rohr mit Rundrohr Ø 21 mm (Art.Nr. JV02),;JUMBOVAL-Übergangswinkel 90°  oval/rund Ø21 mm, I/A
für normgerechte Polyfusionsschweißverbindung von Jumboval-Rohr mit Rundrohr Ø 21 mm (Art.Nr. JV02),;für normgerechte Polyfusionsschweißverbindung von Jumboval-Rohr mit Rundrohr Ø 21 mm (Art.Nr. JV02),;JUMBOVAL-Übergangswinkel 90°  oval/rund Ø21 mm, I/A
für normgerechte Polyfusionsschweißverbindung von Jumboval-Rohr mit Rundrohr Ø 21 mm (Art.Nr. JV02),;Stk;;;;;
JV14;JUMBOVAL-Übergangswinkel 90° oval/rund Ø25 mm, I/A;3,04;Stk;10;für normgerechte Polyfusionsschweißverbindung von Jumboval-Rohr mitJumboval-Rundrohr Ø 25 mm (Art.Nr;JUMBOVAL-Übergangswinkel 90° oval/rund Ø25 mm, I/A
für normgerechte Polyfusionsschweißverbindung von Jumboval-Rohr mitJumboval-Rundrohr Ø 25 mm (Art.Nr;für normgerechte Polyfusionsschweißverbindung von Jumboval-Rohr mitJumboval-Rundrohr Ø 25 mm (Art.Nr;JUMBOVAL-Übergangswinkel 90° oval/rund Ø25 mm, I/A
für normgerechte Polyfusionsschweißverbindung von Jumboval-Rohr mitJumboval-Rundrohr Ø 25 mm (Art.Nr;Stk;;;;;
JV16;JUMBOVAL-Clipschiene m. Klebeband 1000 mm 56 Stück je Karton;6,93;lfm;56;;JUMBOVAL-Clipschiene m. Klebeband 1000 mm 56 Stück je Karton
;;JUMBOVAL-Clipschiene m. Klebeband 1000 mm 56 Stück je Karton
;lfm;;;;;
JV17;JUMBOVA-Clipschiene o.  Klebeband 1000 mm 56 Stück je Karton;6,93;lfm;56;;JUMBOVA-Clipschiene o.  Klebeband 1000 mm 56 Stück je Karton
;;JUMBOVA-Clipschiene o.  Klebeband 1000 mm 56 Stück je Karton
;lfm;;;;;
JV20;JUMBOVAL-Verteileranschluss 50 cm 21 mm Rohr;6,26;Stk;20;bestehend aus Rundrohr Ø 21 mm und Übergangswinkel oval/rundPP-R, fertig konfektioniert, schweißbar,;JUMBOVAL-Verteileranschluss 50 cm 21 mm Rohr
bestehend aus Rundrohr Ø 21 mm und Übergangswinkel oval/rundPP-R, fertig konfektioniert, schweißbar,;bestehend aus Rundrohr Ø 21 mm und Übergangswinkel oval/rundPP-R, fertig konfektioniert, schweißbar,;JUMBOVAL-Verteileranschluss 50 cm 21 mm Rohr
bestehend aus Rundrohr Ø 21 mm und Übergangswinkel oval/rundPP-R, fertig konfektioniert, schweißbar,;Stk;;;;;
JV21;JUMBOVAL-Verteileranschluss 100 cm 21 mm Rohr;8,27;Stk;20;bestehend aus Rundrohr Ø 21 mm und Übergangswinkel oval/rundPP-R, fertig konfektioniert, schweißbar,;JUMBOVAL-Verteileranschluss 100 cm 21 mm Rohr
bestehend aus Rundrohr Ø 21 mm und Übergangswinkel oval/rundPP-R, fertig konfektioniert, schweißbar,;bestehend aus Rundrohr Ø 21 mm und Übergangswinkel oval/rundPP-R, fertig konfektioniert, schweißbar,;JUMBOVAL-Verteileranschluss 100 cm 21 mm Rohr
bestehend aus Rundrohr Ø 21 mm und Übergangswinkel oval/rundPP-R, fertig konfektioniert, schweißbar,;Stk;;;;;
JV97;JUMBOVAL-Rohrverschlußkappen schwarz;0,84;Stk;1;;JUMBOVAL-Rohrverschlußkappen schwarz
;;JUMBOVAL-Rohrverschlußkappen schwarz
;Stk;;;;;
JV98;JUMBOVAL-Sicherheitsrohr DD  (Stangen zu 5 lfm);5,03;lfm;200;;JUMBOVAL-Sicherheitsrohr DD  (Stangen zu 5 lfm)
;;JUMBOVAL-Sicherheitsrohr DD  (Stangen zu 5 lfm)
;lfm;;;;;
KDWL25;Abdeckhaube für Klima-Designwand E -elektrisch;232,6;Stk;1;;Abdeckhaube für Klima-Designwand E -elektrisch
;;Abdeckhaube für Klima-Designwand E -elektrisch
;Stk;;;;;
KDWL30;Klima-Designwand E elektrisch  einseitig beheizt 2kW;1550;Stk;1;2 kW, Glasfront 4 mm SG, Farbe anthrazit;Klima-Designwand E elektrisch  einseitig beheizt 2kW
2 kW, Glasfront 4 mm SG, Farbe anthrazit;2 kW, Glasfront 4 mm SG, Farbe anthrazit;Klima-Designwand E elektrisch  einseitig beheizt 2kW
2 kW, Glasfront 4 mm SG, Farbe anthrazit;Stk;;;;;
KE05;Harreither Komfortenergiestation 2 kW (Unterputz) 2 HK;1776;Stk;1;Behagliche Wärme auf KnopfdruckIndividuell regelbarMax. Effizienz und Komfort in Verbindung mit HARR;Harreither Komfortenergiestation 2 kW (Unterputz) 2 HK
Behagliche Wärme auf KnopfdruckIndividuell regelbarMax. Effizienz und Komfort in Verbindung mit HARR
Behagliche Wärme auf Knopfdruck
Individuell regelbar
Max. Effizienz und Komfort in Verbindung
mit HARREITHER Flächenheizung,
klein und kompakt vorgefertigte Einheit
für Bereiche ohne vorhandener
Wärmeerzeugung.
Bestehend aus Ovalverteiler für 2
Heizkreise, Umwälzpumpe, Außdehnung 2
Liter, E-Heizpatrone 2 kW,
Rückschlagventil, Sicherheitsventil 3
Bar, Lufabscheider, Manometer.
Lieferumfang:
1 x Eberle Raumtemperaturregler
2 Stk. Anschlussmodule
2 Stk. Endmodule
2 Stk. Scheibenthermometer
2 Stk. Entlüftungsventile
2 Stk. Füll- u. Entleerungshähne
2 Stk. Wandhalter
4 Stk. Schrauben u. Dübel
2 Stk. Adapter pro Gruppe ø 21 x 2,4;Behagliche Wärme auf KnopfdruckIndividuell regelbarMax. Effizienz und Komfort in Verbindung mit HARR;Harreither Komfortenergiestation 2 kW (Unterputz) 2 HK
Behagliche Wärme auf KnopfdruckIndividuell regelbarMax. Effizienz und Komfort in Verbindung mit HARR
Behagliche Wärme auf Knopfdruck
Individuell regelbar
Max. Effizienz und Komfort in Verbindung
mit HARREITHER Flächenheizung,
klein und kompakt vorgefertigte Einheit
für Bereiche ohne vorhandener
Wärmeerzeugung.
Bestehend aus Ovalverteiler für 2
Heizkreise, Umwälzpumpe, Außdehnung 2
Liter, E-Heizpatrone 2 kW,
Rückschlagventil, Sicherheitsventil 3
Bar, Lufabscheider, Manometer.
Lieferumfang:
1 x Eberle Raumtemperaturregler
2 Stk. Anschlussmodule
2 Stk. Endmodule
2 Stk. Scheibenthermometer
2 Stk. Entlüftungsventile
2 Stk. Füll- u. Entleerungshähne
2 Stk. Wandhalter
4 Stk. Schrauben u. Dübel
2 Stk. Adapter pro Gruppe ø 21 x 2,4;Stk;;;;;
KE06;Harreither Komfortenergiestation 3 kW (Unterputz) 2 HK;1902;Stk;1;;Harreither Komfortenergiestation 3 kW (Unterputz) 2 HK

Behagliche Wärme auf Knopfdruck
Individuell regelbar
Max. Effizienz und Komfort in Verbindung
mit HARREITHER Flächenheizung,
klein und kompakt vorgefertigte Einheit
für Bereiche ohne vorhandener
Wärmeerzeugung.
Bestehend aus Ovalverteiler für 2
Heizkreise, Umwälzpumpe, Außdehnung 2
Liter, E-Heizpatrone 3 kW,
Rückschlagventil, Sicherheitsventil 3
Bar, Lufabscheider, Manometer.
Lieferumfang:
1 x Eberle Raumtemperaturregler
2 Stk. Anschlussmodule
2 Stk. Endmodule
2 Stk. Scheibenthermometer
2 Stk. Entlüftungsventile
2 Stk. Füll- u. Entleerungshähne
2 Stk. Wandhalter
4 Stk. Schrauben u. Dübel
2 Stk. Adapter pro Gruppe ø 21 x 2,4;;Harreither Komfortenergiestation 3 kW (Unterputz) 2 HK

Behagliche Wärme auf Knopfdruck
Individuell regelbar
Max. Effizienz und Komfort in Verbindung
mit HARREITHER Flächenheizung,
klein und kompakt vorgefertigte Einheit
für Bereiche ohne vorhandener
Wärmeerzeugung.
Bestehend aus Ovalverteiler für 2
Heizkreise, Umwälzpumpe, Außdehnung 2
Liter, E-Heizpatrone 3 kW,
Rückschlagventil, Sicherheitsventil 3
Bar, Lufabscheider, Manometer.
Lieferumfang:
1 x Eberle Raumtemperaturregler
2 Stk. Anschlussmodule
2 Stk. Endmodule
2 Stk. Scheibenthermometer
2 Stk. Entlüftungsventile
2 Stk. Füll- u. Entleerungshähne
2 Stk. Wandhalter
4 Stk. Schrauben u. Dübel
2 Stk. Adapter pro Gruppe ø 21 x 2,4;Stk;;;;;
KE07;Harreither Komfortenergiestation 3 kW (Unterputz) 2 HK DUO;1966;Stk;1;Ausführung wie Komfortenergiestation mit der Möglichkeit einen zweiten Wärmeerzeuger anzuschließen,;Harreither Komfortenergiestation 3 kW (Unterputz) 2 HK DUO
Ausführung wie Komfortenergiestation mit der Möglichkeit einen zweiten Wärmeerzeuger anzuschließen,
Ausführung wie Komfortenergiestation mit
der Möglichkeit einen zweiten
Wärmeerzeuger anzuschließen,
zusätzliches Rückschlagventil+ 2 Stk.
Hisan PPR Kugelhahn 6/4" Überwurfmutter,
4 Stk. Anschlussmodule
2 Stk. Scheibenthermometer
4 Stk. Entlüftungsventile
4 Stk. Füll-u.Entleerungshähne
2 Stk. Wandhalter
4 Stk. Schrauben u. Dübel
2 Stk. Adapter pro Gruppe ø 21 x 2,4;Ausführung wie Komfortenergiestation mit der Möglichkeit einen zweiten Wärmeerzeuger anzuschließen,;Harreither Komfortenergiestation 3 kW (Unterputz) 2 HK DUO
Ausführung wie Komfortenergiestation mit der Möglichkeit einen zweiten Wärmeerzeuger anzuschließen,
Ausführung wie Komfortenergiestation mit
der Möglichkeit einen zweiten
Wärmeerzeuger anzuschließen,
zusätzliches Rückschlagventil+ 2 Stk.
Hisan PPR Kugelhahn 6/4" Überwurfmutter,
4 Stk. Anschlussmodule
2 Stk. Scheibenthermometer
4 Stk. Entlüftungsventile
4 Stk. Füll-u.Entleerungshähne
2 Stk. Wandhalter
4 Stk. Schrauben u. Dübel
2 Stk. Adapter pro Gruppe ø 21 x 2,4;Stk;;;;;
KE08;Harreither Komfortenergiestation 3 kW (Unterputz) 3 HK;1936;Stk;1;;Harreither Komfortenergiestation 3 kW (Unterputz) 3 HK
;;Harreither Komfortenergiestation 3 kW (Unterputz) 3 HK
;Stk;;;;;
KE09;Harreither Komfortenergiestation 3 kW (Unterputz) 3 HK DUO;2001;Stk;1;;Harreither Komfortenergiestation 3 kW (Unterputz) 3 HK DUO
;;Harreither Komfortenergiestation 3 kW (Unterputz) 3 HK DUO
;Stk;;;;;
KE10;Harreither Komfortenergiestation 2 kW (Aufputz) 2 HK;1776;Stk;1;;Harreither Komfortenergiestation 2 kW (Aufputz) 2 HK

Behagliche Wärme auf Knopfdruck
Individuell regelbar
Max. Effizienz und Komfort in Verbindung
mit HARREITHER Flächenheizung,
klein und kompakt vorgefertigte Einheit
für Bereiche ohne vorhandener
Wärmeerzeugung.
Bestehend aus Ovalverteiler für 2
Heizkreise, Umwälzpumpe, Außdehnung 2
Liter, E-Heizpatrone 2 kW,
Rückschlagventil, Sicherheitsventil 3
Bar, Lufabscheider, Manometer.
Lieferumfang:
1 x Eberle Raumtemperaturregler
2 Stk. Anschlussmodule
2 Stk. Endmodule
2 Stk. Scheibenthermometer
2 Stk. Entlüftungsventile
2 Stk. Füll- u. Entleerungshähne
2 Stk. Wandhalter
4 Stk. Schrauben u. Dübel
2 Stk. Adapter pro Gruppe ø 21 x 2,4;;Harreither Komfortenergiestation 2 kW (Aufputz) 2 HK

Behagliche Wärme auf Knopfdruck
Individuell regelbar
Max. Effizienz und Komfort in Verbindung
mit HARREITHER Flächenheizung,
klein und kompakt vorgefertigte Einheit
für Bereiche ohne vorhandener
Wärmeerzeugung.
Bestehend aus Ovalverteiler für 2
Heizkreise, Umwälzpumpe, Außdehnung 2
Liter, E-Heizpatrone 2 kW,
Rückschlagventil, Sicherheitsventil 3
Bar, Lufabscheider, Manometer.
Lieferumfang:
1 x Eberle Raumtemperaturregler
2 Stk. Anschlussmodule
2 Stk. Endmodule
2 Stk. Scheibenthermometer
2 Stk. Entlüftungsventile
2 Stk. Füll- u. Entleerungshähne
2 Stk. Wandhalter
4 Stk. Schrauben u. Dübel
2 Stk. Adapter pro Gruppe ø 21 x 2,4;Stk;;;;;
KE11;Harreither Komfortenergiestation 3 kW (Aufputz) 2 HK;1902;Stk;1;;Harreither Komfortenergiestation 3 kW (Aufputz) 2 HK

Behagliche Wärme auf Knopfdruck
Individuell regelbar
Max. Effizienz und Komfort in Verbindung
mit HARREITHER Flächenheizung,
klein und kompakt vorgefertigte Einheit
für Bereiche ohne vorhandener
Wärmeerzeugung.
Bestehend aus Ovalverteiler für 2
Heizkreise, Umwälzpumpe, Außdehnung 2
Liter, E-Heizpatrone 3 kW,
Rückschlagventil, Sicherheitsventil 3
Bar, Lufabscheider, Manometer.
Lieferumfang:
1 x Eberle Raumtemperaturregler
2 Stk. Anschlussmodule
2 Stk. Endmodule
2 Stk. Scheibenthermometer
2 Stk. Entlüftungsventile
2 Stk. Füll- u. Entleerungshähne
2 Stk. Wandhalter
4 Stk. Schrauben u. Dübel
2 Stk. Adapter pro Gruppe ø 21 x 2,4;;Harreither Komfortenergiestation 3 kW (Aufputz) 2 HK

Behagliche Wärme auf Knopfdruck
Individuell regelbar
Max. Effizienz und Komfort in Verbindung
mit HARREITHER Flächenheizung,
klein und kompakt vorgefertigte Einheit
für Bereiche ohne vorhandener
Wärmeerzeugung.
Bestehend aus Ovalverteiler für 2
Heizkreise, Umwälzpumpe, Außdehnung 2
Liter, E-Heizpatrone 3 kW,
Rückschlagventil, Sicherheitsventil 3
Bar, Lufabscheider, Manometer.
Lieferumfang:
1 x Eberle Raumtemperaturregler
2 Stk. Anschlussmodule
2 Stk. Endmodule
2 Stk. Scheibenthermometer
2 Stk. Entlüftungsventile
2 Stk. Füll- u. Entleerungshähne
2 Stk. Wandhalter
4 Stk. Schrauben u. Dübel
2 Stk. Adapter pro Gruppe ø 21 x 2,4;Stk;;;;;
KE12;Harreither Komfortenergiestation 3 kW (Aufputz) 2 HK DUO;1966;Stk;1;;Harreither Komfortenergiestation 3 kW (Aufputz) 2 HK DUO

Ausführung wie Komfortenergiestation mit
der Möglichkeit einen zweiten
Wärmeerzeuger anzuschließen,
zusätzliches Rückschlagventil+ 2 Stk.
Hisan PPR Kugelhahn 6/4" Überwurfmutter,
4 Stk. Anschlussmodule
2 Stk. Scheibenthermometer
4 Stk. Entlüftungsventile
4 Stk. Füll-u.Entleerungshähne
2 Stk. Wandhalter
4 Stk. Schrauben u. Dübel
2 Stk. Adapter pro Gruppe ø 21 x 2,4;;Harreither Komfortenergiestation 3 kW (Aufputz) 2 HK DUO

Ausführung wie Komfortenergiestation mit
der Möglichkeit einen zweiten
Wärmeerzeuger anzuschließen,
zusätzliches Rückschlagventil+ 2 Stk.
Hisan PPR Kugelhahn 6/4" Überwurfmutter,
4 Stk. Anschlussmodule
2 Stk. Scheibenthermometer
4 Stk. Entlüftungsventile
4 Stk. Füll-u.Entleerungshähne
2 Stk. Wandhalter
4 Stk. Schrauben u. Dübel
2 Stk. Adapter pro Gruppe ø 21 x 2,4;Stk;;;;;
KE14;Harreither Komfortenergiestation 3 kW (Aufputz) 3 HK;1936;Stk;1;;Harreither Komfortenergiestation 3 kW (Aufputz) 3 HK
;;Harreither Komfortenergiestation 3 kW (Aufputz) 3 HK
;Stk;;;;;
KE15;Harreither Komfortenergiestation 3 kW (Aufputz) 3HK DUO;2001;Stk;1;;Harreither Komfortenergiestation 3 kW (Aufputz) 3HK DUO
;;Harreither Komfortenergiestation 3 kW (Aufputz) 3HK DUO
;Stk;;;;;
KE18;Harreither Komfortenergiestation 3 kW (Unterputz) 4 HK DUO;2075;Stk;1;;Harreither Komfortenergiestation 3 kW (Unterputz) 4 HK DUO
;;Harreither Komfortenergiestation 3 kW (Unterputz) 4 HK DUO
;Stk;;;;;
KE19;Harreither Komfortenergiestation 3 kW (Aufputz) 4 HK DUO;2075;Stk;1;;Harreither Komfortenergiestation 3 kW (Aufputz) 4 HK DUO
;;Harreither Komfortenergiestation 3 kW (Aufputz) 4 HK DUO
;Stk;;;;;
KE20;Harreither Komfortenergiestation 2 kW (Unterputz ) 4 HK;1979;Stk;1;;Harreither Komfortenergiestation 2 kW (Unterputz ) 4 HK
;;Harreither Komfortenergiestation 2 kW (Unterputz ) 4 HK
;Stk;;;;;
KW08;Harreither Kaltwassersatz 8 KW;7715;Stk;1;Kaltwassersatz mit integrierter Inverter-Technologie;Harreither Kaltwassersatz 8 KW
Kaltwassersatz mit integrierter Inverter-Technologie;Kaltwassersatz mit integrierter Inverter-Technologie;Harreither Kaltwassersatz 8 KW
Kaltwassersatz mit integrierter Inverter-Technologie;Stk;;;;;
KW15;Harreither Kaltwassersatz 15 KW;11920;Stk;1;Kaltwassersatz mit integrierter Inverter-Technologie;Harreither Kaltwassersatz 15 KW
Kaltwassersatz mit integrierter Inverter-Technologie;Kaltwassersatz mit integrierter Inverter-Technologie;Harreither Kaltwassersatz 15 KW
Kaltwassersatz mit integrierter Inverter-Technologie;Stk;;;;;
KW30;Schallentkopplung FIX-it Foot 250 mm low für Kaltwassersatz;218,6;Stk;1;zur Freiaufstellung des zur Freiaufstellung des Kaltwassersatzes;Schallentkopplung FIX-it Foot 250 mm low für Kaltwassersatz
zur Freiaufstellung des zur Freiaufstellung des Kaltwassersatzes;zur Freiaufstellung des zur Freiaufstellung des Kaltwassersatzes;Schallentkopplung FIX-it Foot 250 mm low für Kaltwassersatz
zur Freiaufstellung des zur Freiaufstellung des Kaltwassersatzes;Stk;;;;;
KW31;Schallentkopplung Gummipuffer;41,7;Stk;1;zur Verschraubung des Kaltwassersatzes am Boden;Schallentkopplung Gummipuffer
zur Verschraubung des Kaltwassersatzes am Boden;zur Verschraubung des Kaltwassersatzes am Boden;Schallentkopplung Gummipuffer
zur Verschraubung des Kaltwassersatzes am Boden;Stk;;;;;
KW32;Anschlussset Kaltwassersatz;234;Stk;1;Anschlussset zum schallentkoppelten Anschluss;Anschlussset Kaltwassersatz
Anschlussset zum schallentkoppelten Anschluss;Anschlussset zum schallentkoppelten Anschluss;Anschlussset Kaltwassersatz
Anschlussset zum schallentkoppelten Anschluss;Stk;;;;;
KW35;Serviceeinheit für Kaltwassersatz  Comfort TM;348,3;Stk;1;Fernbedienung mit Display zur Programmierung von Zeitprogrammen, Klimakurven und Sollwerten, sowie d;Serviceeinheit für Kaltwassersatz  Comfort TM
Fernbedienung mit Display zur Programmierung von Zeitprogrammen, Klimakurven und Sollwerten, sowie d;Fernbedienung mit Display zur Programmierung von Zeitprogrammen, Klimakurven und Sollwerten, sowie d;Serviceeinheit für Kaltwassersatz  Comfort TM
Fernbedienung mit Display zur Programmierung von Zeitprogrammen, Klimakurven und Sollwerten, sowie d;Stk;;;;;
KW36;Regelung für Kaltwassersatz User Interface Remote Controller;195;Stk;1;;Regelung für Kaltwassersatz User Interface Remote Controller
;;Regelung für Kaltwassersatz User Interface Remote Controller
;Stk;;;;;
KW49;Hydraulikgruppe für Klima Star Compact KWS W/W 2-4 KW;1419;Stk;1;Hydraulikgruppe optional zu Kaltwassersatz, inkl. 2 Stk. Pumpen Wilo Yonos Para 25/7,5, Absperrungen;Hydraulikgruppe für Klima Star Compact KWS W/W 2-4 KW
Hydraulikgruppe optional zu Kaltwassersatz, inkl. 2 Stk. Pumpen Wilo Yonos Para 25/7,5, Absperrungen;Hydraulikgruppe optional zu Kaltwassersatz, inkl. 2 Stk. Pumpen Wilo Yonos Para 25/7,5, Absperrungen;Hydraulikgruppe für Klima Star Compact KWS W/W 2-4 KW
Hydraulikgruppe optional zu Kaltwassersatz, inkl. 2 Stk. Pumpen Wilo Yonos Para 25/7,5, Absperrungen;Stk;;;;;
KW50;Harreither Klima Star Compact KWS  W/W 2-4 kW;4895;Stk;1;Kompakte Systemkühleinheit für Neubau und Modernisierung.Für die Innenaufstellung konzipiert, Stecke;Harreither Klima Star Compact KWS  W/W 2-4 kW
Kompakte Systemkühleinheit für Neubau und Modernisierung.Für die Innenaufstellung konzipiert, Stecke;Kompakte Systemkühleinheit für Neubau und Modernisierung.Für die Innenaufstellung konzipiert, Stecke;Harreither Klima Star Compact KWS  W/W 2-4 kW
Kompakte Systemkühleinheit für Neubau und Modernisierung.Für die Innenaufstellung konzipiert, Stecke;Stk;;;;;
LWA09;Hocheffizienz Luft/Wasser-Wärmepumpe LA 9S-TU(R);9301;Stk;;;Hocheffizienz Luft/Wasser-Wärmepumpe LA 9S-TU(R)

Dimplex Hocheffizienz Luft/Wasser
Wärmepumpe LW 9S-TU
Heizungs-Wärmepumpe für Außenaufstellung
mit wandmontiertem Wärmepumpenmanager.
Schalloptimiert durch
strömungsoptimierte Luftführung mit
gekapseltem Verdichterraum, Axial-Lüfter
für natürlich leises Luftgeräusch und
frei schwingender Verdichtergrundplatte
zur Körperschallentkopplung. Hohe
Leistungszahlen (COP) durch
Hochleistungsverdampfer, COP-Booster,
elektronisches Expansionsventil,
EC-Lüfter zur Anpassung des
Luftvolumenstroms und
selbstoptimierender Leistungsregelung.
Maximale Betriebssicherheit durch
sensorische Überwachung des Kältekreises
mit selbstoptimierender Abtauung. Diese
ermöglicht die Nutzung der Standzeiten
im Taktbetrieb für eine natürliche
Abtauung  integrierte Wärmemengenzählung
(Anzeige der berechneten Wärmemenge für
Heizen und Warmwasserbereitung am
Wärmepumpenmanager). Einfache und
schnelle Montage durch wandnahe
Aufstellung mit einem minimalen
Wandabstand von 0,5 m auf der
Ansaugseite und einem für
Außenaufstellung optimierten
Gehäusekonzept. Nutzung lastvariabler
Tarife (SG Ready) Bei einer
Außentemperatur von -10 °C kann eine
maximale Vorlauftemperatur von 56 °C
erreicht werden. Schmutzfänger und
sensorische Durchflussmessung zur
Absicherung des
Mindestheizwasserdurchsatzes integriert.
Vor- und Rücklauffühler integriert 
Außenfühler (Norm NTC-2) im
Lieferumfang.Seitenteile lichtgrau
(ähnlich RAL 7035), Frontverkleidungen
weiß (ähnlich RAL 9016) weitere Farben
auf Anfrage lieferbar.
 
Untere Einsatzgrenze Wärmequelle: -22 °C
Obere Einsatzgrenze Wärmequelle: +35 °C
max. Vorlauftemperatur: 60 °C
Heizleistung / COP A2/W35 (EN 14511):
7,2 / 4,2
Schalleistungspegel: 53 dB(A)
Breite x Höhe x Tiefe: 910 x 1650 x 750
mm
Gewicht: 225 kg
Farbe weiß (weitere Farben auf Anfrage
lieferbar)
Kältemittel R410A
Anschluss-Spannung: 3/N/PE ~400 V, 50 Hz;;Hocheffizienz Luft/Wasser-Wärmepumpe LA 9S-TU(R)

Dimplex Hocheffizienz Luft/Wasser
Wärmepumpe LW 9S-TU
Heizungs-Wärmepumpe für Außenaufstellung
mit wandmontiertem Wärmepumpenmanager.
Schalloptimiert durch
strömungsoptimierte Luftführung mit
gekapseltem Verdichterraum, Axial-Lüfter
für natürlich leises Luftgeräusch und
frei schwingender Verdichtergrundplatte
zur Körperschallentkopplung. Hohe
Leistungszahlen (COP) durch
Hochleistungsverdampfer, COP-Booster,
elektronisches Expansionsventil,
EC-Lüfter zur Anpassung des
Luftvolumenstroms und
selbstoptimierender Leistungsregelung.
Maximale Betriebssicherheit durch
sensorische Überwachung des Kältekreises
mit selbstoptimierender Abtauung. Diese
ermöglicht die Nutzung der Standzeiten
im Taktbetrieb für eine natürliche
Abtauung  integrierte Wärmemengenzählung
(Anzeige der berechneten Wärmemenge für
Heizen und Warmwasserbereitung am
Wärmepumpenmanager). Einfache und
schnelle Montage durch wandnahe
Aufstellung mit einem minimalen
Wandabstand von 0,5 m auf der
Ansaugseite und einem für
Außenaufstellung optimierten
Gehäusekonzept. Nutzung lastvariabler
Tarife (SG Ready) Bei einer
Außentemperatur von -10 °C kann eine
maximale Vorlauftemperatur von 56 °C
erreicht werden. Schmutzfänger und
sensorische Durchflussmessung zur
Absicherung des
Mindestheizwasserdurchsatzes integriert.
Vor- und Rücklauffühler integriert 
Außenfühler (Norm NTC-2) im
Lieferumfang.Seitenteile lichtgrau
(ähnlich RAL 7035), Frontverkleidungen
weiß (ähnlich RAL 9016) weitere Farben
auf Anfrage lieferbar.
 
Untere Einsatzgrenze Wärmequelle: -22 °C
Obere Einsatzgrenze Wärmequelle: +35 °C
max. Vorlauftemperatur: 60 °C
Heizleistung / COP A2/W35 (EN 14511):
7,2 / 4,2
Schalleistungspegel: 53 dB(A)
Breite x Höhe x Tiefe: 910 x 1650 x 750
mm
Gewicht: 225 kg
Farbe weiß (weitere Farben auf Anfrage
lieferbar)
Kältemittel R410A
Anschluss-Spannung: 3/N/PE ~400 V, 50 Hz;Stk;;;;;
LWA12;Hocheffizienz Luft/Wasser-Wärmepumpe LA 12S-TU(R);11139;Stk;;;Hocheffizienz Luft/Wasser-Wärmepumpe LA 12S-TU(R)

Dimplex Hocheffizienz Luft/Wasser
Wärmepumpe LA 12S-TU
Heizungs-Wärmepumpe für Außenaufstellung
Schalloptimiert durch
strömungsoptimierte Luftführung mit
gekapseltem Verdichterraum, Axial-Lüfter
für natürlich leises Luftgeräusch und
frei schwingender Verdichtergrundplatte
zur Körperschallentkopplung. Hohe
Leistungszahlen (COP) durch
Hochleistungsverdampfer, COP-Booster,
elektronisches Expansionsventil,
EC-Lüfter zur Anpassung des
Luftvolumenstroms und
selbstoptimierender Leistungsregelung.
Maximale Betriebssicherheit durch
sensorische Überwachung des Kältekreises
mit selbstoptimierender Abtauung. Diese
ermöglicht die Nutzung der Standzeiten
im Taktbetrieb für eine natürliche
Abtauung  integrierte Wärmemengenzählung
(Anzeige der berechneten Wärmemenge für
Heizen und Warmwasserbereitung am
Wärmepumpenmanager). Einfache und
schnelle Montage durch wandnahe
Aufstellung mit einem minimalen
Wandabstand von 0,5 m auf der
Ansaugseite und einem für
Außenaufstellung optimierten
Gehäusekonzept.Bei Außentemperatur von
-10 °C kann eine maximale
Vorlauftemperatur von 56 °C erreicht
werden. Schmutzfänger und sensorische
Durchflussmessung zur Absicherung des
Mindestheizwasserdurchsatzes integriert.
Vor- und Rücklauffühler integriert 
Außenfühler (Norm NTC-2) im
Lieferumfang.Seitenteile lichtgrau
(ähnlich RAL 7035), Frontverkleidungen
weiß (ähnlich RAL 9016) weitere Farben
auf Anfrage lieferbar.
 
Untere Einsatzgrenze Wärmequelle: -22 °C
Obere Einsatzgrenze Wärmequelle: +35 °C
max. Vorlauftemperatur: 60 °C
Heizleistung / COP A2/W35 (EN 14511):
9,5 / 4,0
Schalleistungspegel: 54 dB(A)
Breite x Höhe x Tiefe: 910 x 1650 x 750
mm
Gewicht: 265 kg
Farbe weiß (weitere Farben auf Anfrage
lieferbar)
Kältemittel R410A
Anschluss-Spannung: 3/N/PE ~400 V, 50 Hz;;Hocheffizienz Luft/Wasser-Wärmepumpe LA 12S-TU(R)

Dimplex Hocheffizienz Luft/Wasser
Wärmepumpe LA 12S-TU
Heizungs-Wärmepumpe für Außenaufstellung
Schalloptimiert durch
strömungsoptimierte Luftführung mit
gekapseltem Verdichterraum, Axial-Lüfter
für natürlich leises Luftgeräusch und
frei schwingender Verdichtergrundplatte
zur Körperschallentkopplung. Hohe
Leistungszahlen (COP) durch
Hochleistungsverdampfer, COP-Booster,
elektronisches Expansionsventil,
EC-Lüfter zur Anpassung des
Luftvolumenstroms und
selbstoptimierender Leistungsregelung.
Maximale Betriebssicherheit durch
sensorische Überwachung des Kältekreises
mit selbstoptimierender Abtauung. Diese
ermöglicht die Nutzung der Standzeiten
im Taktbetrieb für eine natürliche
Abtauung  integrierte Wärmemengenzählung
(Anzeige der berechneten Wärmemenge für
Heizen und Warmwasserbereitung am
Wärmepumpenmanager). Einfache und
schnelle Montage durch wandnahe
Aufstellung mit einem minimalen
Wandabstand von 0,5 m auf der
Ansaugseite und einem für
Außenaufstellung optimierten
Gehäusekonzept.Bei Außentemperatur von
-10 °C kann eine maximale
Vorlauftemperatur von 56 °C erreicht
werden. Schmutzfänger und sensorische
Durchflussmessung zur Absicherung des
Mindestheizwasserdurchsatzes integriert.
Vor- und Rücklauffühler integriert 
Außenfühler (Norm NTC-2) im
Lieferumfang.Seitenteile lichtgrau
(ähnlich RAL 7035), Frontverkleidungen
weiß (ähnlich RAL 9016) weitere Farben
auf Anfrage lieferbar.
 
Untere Einsatzgrenze Wärmequelle: -22 °C
Obere Einsatzgrenze Wärmequelle: +35 °C
max. Vorlauftemperatur: 60 °C
Heizleistung / COP A2/W35 (EN 14511):
9,5 / 4,0
Schalleistungspegel: 54 dB(A)
Breite x Höhe x Tiefe: 910 x 1650 x 750
mm
Gewicht: 265 kg
Farbe weiß (weitere Farben auf Anfrage
lieferbar)
Kältemittel R410A
Anschluss-Spannung: 3/N/PE ~400 V, 50 Hz;Stk;;;;;
LWA18;Hocheffizienz Luft/Wasser-Wärmepumpe LA 18S-TU(R);15304;Stk;;;Hocheffizienz Luft/Wasser-Wärmepumpe LA 18S-TU(R)

Dimplex Hocheffizienz Luft/Wasser
Wärmepumpe LA 18S-TU
Heizungs-Wärmepumpe für Außenaufstellung
Schalloptimiert durch
strömungsoptimierte Luftführung mit
gekapseltem Verdichterraum, Axial-Lüfter
für natürlich leises Luftgeräusch und
frei schwingender Verdichtergrundplatte
zur Körperschallentkopplung. Hohe
Leistungszahlen (COP) durch
Hochleistungsverdampfer, COP-Booster,
elektronisches Expansionsventil,
EC-Lüfter zur Anpassung des
Luftvolumenstroms und
selbstoptimierender Leistungsregelung.
Maximale Betriebssicherheit durch
sensorische Überwachung des Kältekreises
mit selbstoptimierender Abtauung. Diese
ermöglicht die Nutzung der Standzeiten
im Taktbetrieb für eine natürliche
Abtauung Einfache und schnelle Montage
durch wandnahe Aufstellung mit einem
minimalen Wandabstand von 0,5 m auf der
Ansaugseite und einem für
Außenaufstellung optimierten
Gehäusekonzept. Universalbauweise mit
flexiblen Erweiterungsmöglichkeiten für:
bivalent oder bivalent regenerative
Betriebsweise Verteilsysteme mit
ungemischten und gemischten Heizkreisen
Nutzung lastvariabler Tarife (SG Ready)
Bei einer Außentemperatur von -10 °C
kann eine maximale Vorlauftemperatur von
56 °C erreicht werden. Schmutzfänger und
sensorische Durchflussmessung zur
Absicherung des
Mindestheizwasserdurchsatzes integriert.
Vor- und Rücklauffühler integriert 
Außenfühler (Norm NTC-2) im
Lieferumfang. Der hydraulische Anschluss
kann über die als Zubehör lieferbaren
flexiblen Anschlussschläuche sowohl nach
unten bzw. seitlich erfolgen.
Seitenteile lichtgrau (ähnlich RAL
7035), Frontverkleidungen weiß (ähnlich
RAL 9016) weitere Farben auf Anfrage
lieferbar.
 
Untere Einsatzgrenze Wärmequelle: -22 °C
Obere Einsatzgrenze Wärmequelle: +35 °C
max. Vorlauftemperatur: 60 °C
Heizleistung / COP A2/W35 (EN 14511):
12,3 / 3,8
Schalleistungspegel: 54 dB(A)
Breite x Höhe x Tiefe: 910 x 1650 x 750
mm
Gewicht: 295 kg
Farbe weiß (weitere Farben auf Anfrage
lieferbar)
Kältemittel R410A
Anschluss-Spannung: 3/N/PE ~400 V, 50 Hz;;Hocheffizienz Luft/Wasser-Wärmepumpe LA 18S-TU(R)

Dimplex Hocheffizienz Luft/Wasser
Wärmepumpe LA 18S-TU
Heizungs-Wärmepumpe für Außenaufstellung
Schalloptimiert durch
strömungsoptimierte Luftführung mit
gekapseltem Verdichterraum, Axial-Lüfter
für natürlich leises Luftgeräusch und
frei schwingender Verdichtergrundplatte
zur Körperschallentkopplung. Hohe
Leistungszahlen (COP) durch
Hochleistungsverdampfer, COP-Booster,
elektronisches Expansionsventil,
EC-Lüfter zur Anpassung des
Luftvolumenstroms und
selbstoptimierender Leistungsregelung.
Maximale Betriebssicherheit durch
sensorische Überwachung des Kältekreises
mit selbstoptimierender Abtauung. Diese
ermöglicht die Nutzung der Standzeiten
im Taktbetrieb für eine natürliche
Abtauung Einfache und schnelle Montage
durch wandnahe Aufstellung mit einem
minimalen Wandabstand von 0,5 m auf der
Ansaugseite und einem für
Außenaufstellung optimierten
Gehäusekonzept. Universalbauweise mit
flexiblen Erweiterungsmöglichkeiten für:
bivalent oder bivalent regenerative
Betriebsweise Verteilsysteme mit
ungemischten und gemischten Heizkreisen
Nutzung lastvariabler Tarife (SG Ready)
Bei einer Außentemperatur von -10 °C
kann eine maximale Vorlauftemperatur von
56 °C erreicht werden. Schmutzfänger und
sensorische Durchflussmessung zur
Absicherung des
Mindestheizwasserdurchsatzes integriert.
Vor- und Rücklauffühler integriert 
Außenfühler (Norm NTC-2) im
Lieferumfang. Der hydraulische Anschluss
kann über die als Zubehör lieferbaren
flexiblen Anschlussschläuche sowohl nach
unten bzw. seitlich erfolgen.
Seitenteile lichtgrau (ähnlich RAL
7035), Frontverkleidungen weiß (ähnlich
RAL 9016) weitere Farben auf Anfrage
lieferbar.
 
Untere Einsatzgrenze Wärmequelle: -22 °C
Obere Einsatzgrenze Wärmequelle: +35 °C
max. Vorlauftemperatur: 60 °C
Heizleistung / COP A2/W35 (EN 14511):
12,3 / 3,8
Schalleistungspegel: 54 dB(A)
Breite x Höhe x Tiefe: 910 x 1650 x 750
mm
Gewicht: 295 kg
Farbe weiß (weitere Farben auf Anfrage
lieferbar)
Kältemittel R410A
Anschluss-Spannung: 3/N/PE ~400 V, 50 Hz;Stk;;;;;
LWA20;Zwischenkreis LW-Wärmepumpe LA9S und LA12S;1516;Stk;1;Wärmetauscher inkl. Isolierung, Verschraubung, Wandhalterung,Energiesparpumpe, Ausdehnungsgefäß 12l,;Zwischenkreis LW-Wärmepumpe LA9S und LA12S
Wärmetauscher inkl. Isolierung, Verschraubung, Wandhalterung,Energiesparpumpe, Ausdehnungsgefäß 12l,;Wärmetauscher inkl. Isolierung, Verschraubung, Wandhalterung,Energiesparpumpe, Ausdehnungsgefäß 12l,;Zwischenkreis LW-Wärmepumpe LA9S und LA12S
Wärmetauscher inkl. Isolierung, Verschraubung, Wandhalterung,Energiesparpumpe, Ausdehnungsgefäß 12l,;Stk;;;;;
LWA21;Zwischenkreis LW-Wärmepumpe LA18S;1917;Stk;1;Wärmetauscher inkl. Isolierung, Verschraubung, Wandhalterung,Energiesparpumpe, Ausdehnungsgefäß 12l,;Zwischenkreis LW-Wärmepumpe LA18S
Wärmetauscher inkl. Isolierung, Verschraubung, Wandhalterung,Energiesparpumpe, Ausdehnungsgefäß 12l,;Wärmetauscher inkl. Isolierung, Verschraubung, Wandhalterung,Energiesparpumpe, Ausdehnungsgefäß 12l,;Zwischenkreis LW-Wärmepumpe LA18S
Wärmetauscher inkl. Isolierung, Verschraubung, Wandhalterung,Energiesparpumpe, Ausdehnungsgefäß 12l,;Stk;;;;;
LWA53;Mikroblasenabscheider horizontal 1 IG  (2m3/h) ohne Isolier;117,6;Stk;1;;Mikroblasenabscheider horizontal 1 IG  (2m3/h) ohne Isolier
;;Mikroblasenabscheider horizontal 1 IG  (2m3/h) ohne Isolier
;Stk;;;;;
LWA54;Mikroblasenabscheider horizontal 5/4 IG  (3,6m3/h) ohne Iso;163,2;Stk;1;;Mikroblasenabscheider horizontal 5/4 IG  (3,6m3/h) ohne Iso
;;Mikroblasenabscheider horizontal 5/4 IG  (3,6m3/h) ohne Iso
;Stk;;;;;
LWA55;Schlammabscheider 1 IG  (2m3/h) ohne Isolierung mit externe;205,3;Stk;1;;Schlammabscheider 1 IG  (2m3/h) ohne Isolierung mit externe
;;Schlammabscheider 1 IG  (2m3/h) ohne Isolierung mit externe
;Stk;;;;;
LWA56;Schlammabscheider 5/4 IG  (3,6m3/h) ohne Isolierung mit ext;297,6;Stk;1;;Schlammabscheider 5/4 IG  (3,6m3/h) ohne Isolierung mit ext
;;Schlammabscheider 5/4 IG  (3,6m3/h) ohne Isolierung mit ext
;Stk;;;;;
LWA57;Füll- & Spülstutzenset 1IG  Dim. Spülöffnung 1IG & 5/4AG;163,2;Stk;1;;Füll- & Spülstutzenset 1IG  Dim. Spülöffnung 1IG & 5/4AG
;;Füll- & Spülstutzenset 1IG  Dim. Spülöffnung 1IG & 5/4AG
;Stk;;;;;
LWA58;Füll- & Spülstutzenset 5/4IG  Dim. Spülöffnung 5/4IG & 6/4;219,6;Stk;1;;Füll- & Spülstutzenset 5/4IG  Dim. Spülöffnung 5/4IG & 6/4
;;Füll- & Spülstutzenset 5/4IG  Dim. Spülöffnung 5/4IG & 6/4
;Stk;;;;;
LWA59;Wetterschutzhaube Klima Star AIR 9/12/18;1603;Stk;1;;Wetterschutzhaube Klima Star AIR 9/12/18
;;Wetterschutzhaube Klima Star AIR 9/12/18
;Stk;;;;;
LWA60;Wunschfarbe aus 1.625 RAL-Tönen auswählen Klima Star AIR;1101;Stk;1;9, 12 und 18 kW Preis auf Anfrage.;Wunschfarbe aus 1.625 RAL-Tönen auswählen Klima Star AIR
9, 12 und 18 kW Preis auf Anfrage.;9, 12 und 18 kW Preis auf Anfrage.;Wunschfarbe aus 1.625 RAL-Tönen auswählen Klima Star AIR
9, 12 und 18 kW Preis auf Anfrage.;Stk;;;;;
LWA70;Flexibles Anbindeset Luft/Wasser-WP LA..S-TU, 9kW -18kW;102;Stk;1;;Flexibles Anbindeset Luft/Wasser-WP LA..S-TU, 9kW -18kW
;;Flexibles Anbindeset Luft/Wasser-WP LA..S-TU, 9kW -18kW
;Stk;;;;;
LWA71;Kondensatablaufheizung für Luft/Wasserwärmepumpe LA..S-TU(R);118,9;Stk;1;;Kondensatablaufheizung für Luft/Wasserwärmepumpe LA..S-TU(R)
;;Kondensatablaufheizung für Luft/Wasserwärmepumpe LA..S-TU(R)
;Stk;;;;;
LWB01;Warmwasser-Wärmepumpe DHW 300+;2702;Stk;;;Warmwasser-Wärmepumpe DHW 300+
;;Warmwasser-Wärmepumpe DHW 300+
;Stk;;;;;
LWB02;Warmwasser-Wärmepumpe DHW 400+;3360;Stk;;;Warmwasser-Wärmepumpe DHW 400+
;;Warmwasser-Wärmepumpe DHW 400+
;Stk;;;;;
MK20;PP-R T-Stück  21, grau;2,53;Stk;50;VPE: 50 Stk.;PP-R T-Stück  21, grau
VPE: 50 Stk.;VPE: 50 Stk.;PP-R T-Stück  21, grau
VPE: 50 Stk.;Stk;;;;;
MK21;MODUL-Wärmeleitplatten 300 x 1000 x 1 mm;13,5;Stk;1;aus verzinktem Stahlblech;MODUL-Wärmeleitplatten 300 x 1000 x 1 mm
aus verzinktem Stahlblech
Abmessungen:  300x1000x 1 mm;aus verzinktem Stahlblech;MODUL-Wärmeleitplatten 300 x 1000 x 1 mm
aus verzinktem Stahlblech
Abmessungen:  300x1000x 1 mm;Stk;;;;;
MK22;MODUL-Wärmeleitplatten 600 x 1000 x 1 mm;22,9;Stk;1;aus verzinktem Stahlblech;MODUL-Wärmeleitplatten 600 x 1000 x 1 mm
aus verzinktem Stahlblech
Abmessungen:  600x1000x 1 mm;aus verzinktem Stahlblech;MODUL-Wärmeleitplatten 600 x 1000 x 1 mm
aus verzinktem Stahlblech
Abmessungen:  600x1000x 1 mm;Stk;;;;;
MK23;Klebeband - doppelseitig(Rolle zu 50lfm);30,1;Stk;50;für die Verklebung der beiden Stahlblech-LagenRolle zu 50 lfm;Klebeband - doppelseitig(Rolle zu 50lfm)
für die Verklebung der beiden Stahlblech-LagenRolle zu 50 lfm;für die Verklebung der beiden Stahlblech-LagenRolle zu 50 lfm;Klebeband - doppelseitig(Rolle zu 50lfm)
für die Verklebung der beiden Stahlblech-LagenRolle zu 50 lfm;Stk;;;;;
MK40;KLIMAMODUL 60/60, Typ A;74,5;Stk;10;Module 60/60 (593 x 593 mm),10 mm dick für KassettendeckeRaster 60/60 oder 62,5/62,5 sowohl für Gips;KLIMAMODUL 60/60, Typ A
Module 60/60 (593 x 593 mm),10 mm dick für KassettendeckeRaster 60/60 oder 62,5/62,5 sowohl für Gips;Module 60/60 (593 x 593 mm),10 mm dick für KassettendeckeRaster 60/60 oder 62,5/62,5 sowohl für Gips;KLIMAMODUL 60/60, Typ A
Module 60/60 (593 x 593 mm),10 mm dick für KassettendeckeRaster 60/60 oder 62,5/62,5 sowohl für Gips;Stk;;;;;
MK49;MODUL-EINHÄNGEBÜGEL FÜR KLIMAMODUL (60/60);0,8;Stk;100;zum Einhängen in Montageprofil 60/27VPE: 200 Stk;MODUL-EINHÄNGEBÜGEL FÜR KLIMAMODUL (60/60)
zum Einhängen in Montageprofil 60/27VPE: 200 Stk
VPE: 200 Stk.;zum Einhängen in Montageprofil 60/27VPE: 200 Stk;MODUL-EINHÄNGEBÜGEL FÜR KLIMAMODUL (60/60)
zum Einhängen in Montageprofil 60/27VPE: 200 Stk
VPE: 200 Stk.;Stk;;;;;
MK50B;MODUL-EINHÄNGEBÜGEL KLIMAMODUL aus PA-unmanteltem Edelstahl;0,8;Stk;150;schwarz beschichtet;MODUL-EINHÄNGEBÜGEL KLIMAMODUL aus PA-unmanteltem Edelstahl
schwarz beschichtet
zum Einhängen in Montageprofil 60/27
VPE: 150 Stk;schwarz beschichtet;MODUL-EINHÄNGEBÜGEL KLIMAMODUL aus PA-unmanteltem Edelstahl
schwarz beschichtet
zum Einhängen in Montageprofil 60/27
VPE: 150 Stk;Stk;;;;;
MK50R;MODUL-EINHÄNGEBÜGEL FÜR KLIMAMODUL (R);0,8;Stk;150;zum Einhängen in Montageprofil 60/27VPE: 150 Stk;MODUL-EINHÄNGEBÜGEL FÜR KLIMAMODUL (R)
zum Einhängen in Montageprofil 60/27VPE: 150 Stk
zum Einhängen in Montageprofil 60/27
VPE: 150 Stk, Edelstahl;zum Einhängen in Montageprofil 60/27VPE: 150 Stk;MODUL-EINHÄNGEBÜGEL FÜR KLIMAMODUL (R)
zum Einhängen in Montageprofil 60/27VPE: 150 Stk
zum Einhängen in Montageprofil 60/27
VPE: 150 Stk, Edelstahl;Stk;;;;;
MK51;HOLZSTAFFEL GEFALZT 40x53 FÜR KLIMAMODUL;6,76;lfm;1;Länge: 5000 mm;HOLZSTAFFEL GEFALZT 40x53 FÜR KLIMAMODUL
Länge: 5000 mm
Staffelmaß: 60 x 40 mm
Länge: 5000 mm;Länge: 5000 mm;HOLZSTAFFEL GEFALZT 40x53 FÜR KLIMAMODUL
Länge: 5000 mm
Staffelmaß: 60 x 40 mm
Länge: 5000 mm;lfm;;;;;
MK52;HOLZSTAFFEL GEFALZT 30x53 FÜR KLIMAMODUL;6,76;lfm;1;;HOLZSTAFFEL GEFALZT 30x53 FÜR KLIMAMODUL

Staffelmaß: 60 x 40 mm
Länge: 5000 mm;;HOLZSTAFFEL GEFALZT 30x53 FÜR KLIMAMODUL

Staffelmaß: 60 x 40 mm
Länge: 5000 mm;lfm;;;;;
MK53;Dämmplatte für Modul Kühldecke 160 (EPS20);4,22;Stk;100;;Dämmplatte für Modul Kühldecke 160 (EPS20)
;;Dämmplatte für Modul Kühldecke 160 (EPS20)
;Stk;;;;;
MK54;Dämmplatte für Modul Kühldecke 60/60, 20mm  (EPS W15);3,32;Stk;100;2 Ecken mit 45° abgeschnitten;Dämmplatte für Modul Kühldecke 60/60, 20mm  (EPS W15)
2 Ecken mit 45° abgeschnitten;2 Ecken mit 45° abgeschnitten;Dämmplatte für Modul Kühldecke 60/60, 20mm  (EPS W15)
2 Ecken mit 45° abgeschnitten;Stk;;;;;
MK55;Dämmplatte für Modul Kühldecke 120 (EPS20);3,32;Stk;100;1170x274x15mm;Dämmplatte für Modul Kühldecke 120 (EPS20)
1170x274x15mm;1170x274x15mm;Dämmplatte für Modul Kühldecke 120 (EPS20)
1170x274x15mm;Stk;;;;;
MK56;Dämmplatte für Modul Kühldecke 100 (EPS20);3,09;Stk;100;;Dämmplatte für Modul Kühldecke 100 (EPS20)
;;Dämmplatte für Modul Kühldecke 100 (EPS20)
;Stk;;;;;
MK57;Dämmplatte für Modul Kühldecke 80 (EPS20);2,82;Stk;100;770x274x15mm;Dämmplatte für Modul Kühldecke 80 (EPS20)
770x274x15mm;770x274x15mm;Dämmplatte für Modul Kühldecke 80 (EPS20)
770x274x15mm;Stk;;;;;
MK62;Modul Verbindungsschlauch flexibel,  DA21, L: 1000mm;25,8;Stk;1;schweißbar, Muffen da 21 mm;Modul Verbindungsschlauch flexibel,  DA21, L: 1000mm
schweißbar, Muffen da 21 mm;schweißbar, Muffen da 21 mm;Modul Verbindungsschlauch flexibel,  DA21, L: 1000mm
schweißbar, Muffen da 21 mm;Stk;;;;;
MK63;Modul Verbindungsschlauch flexibel,  DA21, L: 700mm;20,8;Stk;1;;Modul Verbindungsschlauch flexibel,  DA21, L: 700mm
;;Modul Verbindungsschlauch flexibel,  DA21, L: 700mm
;Stk;;;;;
MK70;WÄRME-MODUL H20 rechts mit Dämmschale;83,2;Stk;10;aus schweißbarem, hochdruckfestemwärmebeständigem Kunststoff, PP-RSicherheitswandstärke: 3 mmGesamta;WÄRME-MODUL H20 rechts mit Dämmschale
aus schweißbarem, hochdruckfestemwärmebeständigem Kunststoff, PP-RSicherheitswandstärke: 3 mmGesamta;aus schweißbarem, hochdruckfestemwärmebeständigem Kunststoff, PP-RSicherheitswandstärke: 3 mmGesamta;WÄRME-MODUL H20 rechts mit Dämmschale
aus schweißbarem, hochdruckfestemwärmebeständigem Kunststoff, PP-RSicherheitswandstärke: 3 mmGesamta;Stk;;;;;
MK71;WÄRME-MODUL H20 links mit Dämmschale;83,2;Stk;10;aus schweißbarem, hochdruckfestemwärmebeständigem Kunststoff, PP-RSicherheitswandstärke: 3 mmGesamta;WÄRME-MODUL H20 links mit Dämmschale
aus schweißbarem, hochdruckfestemwärmebeständigem Kunststoff, PP-RSicherheitswandstärke: 3 mmGesamta;aus schweißbarem, hochdruckfestemwärmebeständigem Kunststoff, PP-RSicherheitswandstärke: 3 mmGesamta;WÄRME-MODUL H20 links mit Dämmschale
aus schweißbarem, hochdruckfestemwärmebeständigem Kunststoff, PP-RSicherheitswandstärke: 3 mmGesamta;Stk;;;;;
MK73;MODUL-NIVEAUPLATTE H20 (0.5 m2/Platte);5,09;Stk;25;(für unbeheizte Bereiche)aus PS 30 SEAbmessungen: 1000 x 500 x 20 mmVPE: 25 Stk. (=12,5 m²);MODUL-NIVEAUPLATTE H20 (0.5 m2/Platte)
(für unbeheizte Bereiche)aus PS 30 SEAbmessungen: 1000 x 500 x 20 mmVPE: 25 Stk. (=12,5 m²);(für unbeheizte Bereiche)aus PS 30 SEAbmessungen: 1000 x 500 x 20 mmVPE: 25 Stk. (=12,5 m²);MODUL-NIVEAUPLATTE H20 (0.5 m2/Platte)
(für unbeheizte Bereiche)aus PS 30 SEAbmessungen: 1000 x 500 x 20 mmVPE: 25 Stk. (=12,5 m²);Stk;;;;;
MK74;MODUL-STREIFEN H20 100mm breit;1,65;Stk;75;aus PS 30 SE, als niveaugleicher Zwischenstreifen in der AufenthaltszoneAbmessungen: 1000 x 100 x 20;MODUL-STREIFEN H20 100mm breit
aus PS 30 SE, als niveaugleicher Zwischenstreifen in der AufenthaltszoneAbmessungen: 1000 x 100 x 20;aus PS 30 SE, als niveaugleicher Zwischenstreifen in der AufenthaltszoneAbmessungen: 1000 x 100 x 20;MODUL-STREIFEN H20 100mm breit
aus PS 30 SE, als niveaugleicher Zwischenstreifen in der AufenthaltszoneAbmessungen: 1000 x 100 x 20;Stk;;;;;
MK75;Modulanschluss mit T-Stück 415 mm lang;6,9;Stk;10;zur Verbindung der Module im Polyfusionsschweiß-verfahren,  güteüberwacht.(enge Verlegung der Module;Modulanschluss mit T-Stück 415 mm lang
zur Verbindung der Module im Polyfusionsschweiß-verfahren,  güteüberwacht.(enge Verlegung der Module;zur Verbindung der Module im Polyfusionsschweiß-verfahren,  güteüberwacht.(enge Verlegung der Module;Modulanschluss mit T-Stück 415 mm lang
zur Verbindung der Module im Polyfusionsschweiß-verfahren,  güteüberwacht.(enge Verlegung der Module;Stk;;;;;
MK76;Modulanschluss mit T-Stück 515 mm lang;7,3;Stk;10;zur Verbindung der Module im Polyfusionsschweiß-verfahren,  güteüberwacht.(für Verlegung der Module;Modulanschluss mit T-Stück 515 mm lang
zur Verbindung der Module im Polyfusionsschweiß-verfahren,  güteüberwacht.(für Verlegung der Module;zur Verbindung der Module im Polyfusionsschweiß-verfahren,  güteüberwacht.(für Verlegung der Module;Modulanschluss mit T-Stück 515 mm lang
zur Verbindung der Module im Polyfusionsschweiß-verfahren,  güteüberwacht.(für Verlegung der Module;Stk;;;;;
MK80;Modulanschluß mit T-Stück 365mm ( mitte-mitte) grau;5,8;Stk;10;;Modulanschluß mit T-Stück 365mm ( mitte-mitte) grau
;;Modulanschluß mit T-Stück 365mm ( mitte-mitte) grau
;Stk;;;;;
MK81;Modulanschluß mit zwei T-Stücken 730mm  (mitte-mitte) grau;9,82;Stk;10;;Modulanschluß mit zwei T-Stücken 730mm  (mitte-mitte) grau
;;Modulanschluß mit zwei T-Stücken 730mm  (mitte-mitte) grau
;Stk;;;;;
MKU00;KLIMAMODUL Universal 160/30;86,9;Stk;10;;KLIMAMODUL Universal 160/30
;;KLIMAMODUL Universal 160/30
;Stk;;;;;
MKU01;KLIMAMODUL Universal 120/30;74,5;Stk;10;;KLIMAMODUL Universal 120/30

MODUL - Element geeignet als
Deckenkühlung und Deckenheizung, mit
extrem großer Wärmeübertragungsfläche
(gesamte Elementfläche =
Übertragungsfläche), aus
Kunststoff nahtlos produziert - ohne
Dämmung. Universell für alle
Beplankungsmöglichkeiten einsetzbar.;;KLIMAMODUL Universal 120/30

MODUL - Element geeignet als
Deckenkühlung und Deckenheizung, mit
extrem großer Wärmeübertragungsfläche
(gesamte Elementfläche =
Übertragungsfläche), aus
Kunststoff nahtlos produziert - ohne
Dämmung. Universell für alle
Beplankungsmöglichkeiten einsetzbar.;Stk;;;;;
MKU02;KLIMAMODUL Universal 100/30;71,4;Stk;10;;KLIMAMODUL Universal 100/30

MODUL - Element geeignet als
Deckenkühlung und Deckenheizung, mit
extrem großer Wärmeübertragungsfläche
(gesamte Elementfläche =
Übertragungsfläche), aus
Kunststoff nahtlos produziert - ohne
Dämmung. Universell für alle
Beplankungsmöglichkeiten einsetzbar.;;KLIMAMODUL Universal 100/30

MODUL - Element geeignet als
Deckenkühlung und Deckenheizung, mit
extrem großer Wärmeübertragungsfläche
(gesamte Elementfläche =
Übertragungsfläche), aus
Kunststoff nahtlos produziert - ohne
Dämmung. Universell für alle
Beplankungsmöglichkeiten einsetzbar.;Stk;;;;;
MKU03;KLIMAMODUL Universal 80/30;68;Stk;10;;KLIMAMODUL Universal 80/30

MODUL - Element geeignet als
Deckenkühlung und Deckenheizung, mit
extrem großer Wärmeübertragungsfläche
(gesamte Elementfläche =
Übertragungsfläche), aus
Kunststoff nahtlos produziert - ohne
Dämmung. Universell für alle
Beplankungsmöglichkeiten einsetzbar.;;KLIMAMODUL Universal 80/30

MODUL - Element geeignet als
Deckenkühlung und Deckenheizung, mit
extrem großer Wärmeübertragungsfläche
(gesamte Elementfläche =
Übertragungsfläche), aus
Kunststoff nahtlos produziert - ohne
Dämmung. Universell für alle
Beplankungsmöglichkeiten einsetzbar.;Stk;;;;;
MU41;Wärmetauscher 4,5m² innen verzinnt;1579;Stk;1;für hygienische Warmwasserbereitung. Innen verzinnt, 4,5m², 1 AG, inkl. galvanischer Trennung;Wärmetauscher 4,5m² innen verzinnt
für hygienische Warmwasserbereitung. Innen verzinnt, 4,5m², 1 AG, inkl. galvanischer Trennung;für hygienische Warmwasserbereitung. Innen verzinnt, 4,5m², 1 AG, inkl. galvanischer Trennung;Wärmetauscher 4,5m² innen verzinnt
für hygienische Warmwasserbereitung. Innen verzinnt, 4,5m², 1 AG, inkl. galvanischer Trennung;Stk;;;;;
MU42;Wärmetauscher verzinnt (Multi+Combi);634;Stk;1;für hygienische Warmwasserbereitung. Innen verzinnt, 2,5m², 3/4 AG, inkl. galvanischer Trennung;Wärmetauscher verzinnt (Multi+Combi)
für hygienische Warmwasserbereitung. Innen verzinnt, 2,5m², 3/4 AG, inkl. galvanischer Trennung;für hygienische Warmwasserbereitung. Innen verzinnt, 2,5m², 3/4 AG, inkl. galvanischer Trennung;Wärmetauscher verzinnt (Multi+Combi)
für hygienische Warmwasserbereitung. Innen verzinnt, 2,5m², 3/4 AG, inkl. galvanischer Trennung;Stk;;;;;
MU45;HISAN-Anschlußgarnitur Multi Star;320,4;Stk;1;für hygienische Warmwasserbereitung,inkl. SpüleinrichtungVerrohrung innerhalb der Verkleidung.ACHTUN;HISAN-Anschlußgarnitur Multi Star
für hygienische Warmwasserbereitung,inkl. SpüleinrichtungVerrohrung innerhalb der Verkleidung.ACHTUN
für hygienische Warmwasserbereitung,
Verrohrung innerhalb der Verkleidung,
mit Spüleinrichtung.
ACHTUNG: Übergangsverschraubungen
mitbestellen!;für hygienische Warmwasserbereitung,inkl. SpüleinrichtungVerrohrung innerhalb der Verkleidung.ACHTUN;HISAN-Anschlußgarnitur Multi Star
für hygienische Warmwasserbereitung,inkl. SpüleinrichtungVerrohrung innerhalb der Verkleidung.ACHTUN
für hygienische Warmwasserbereitung,
Verrohrung innerhalb der Verkleidung,
mit Spüleinrichtung.
ACHTUNG: Übergangsverschraubungen
mitbestellen!;Stk;;;;;
MU50;Tauchheizkörper 3 kW, 380/220 V, 870 mm;509;Stk;1;;Tauchheizkörper 3 kW, 380/220 V, 870 mm
;;Tauchheizkörper 3 kW, 380/220 V, 870 mm
;Stk;;;;;
MU51;Tauchheizkörper 4 kW bei 3 x 230V, 580 mm;617;Stk;1;;Tauchheizkörper 4 kW bei 3 x 230V, 580 mm
;;Tauchheizkörper 4 kW bei 3 x 230V, 580 mm
;Stk;;;;;
MU52;Tauchheizkörper 7,5 kW 380/220V, 580 mm;617;Stk;1;;Tauchheizkörper 7,5 kW 380/220V, 580 mm
;;Tauchheizkörper 7,5 kW 380/220V, 580 mm
;Stk;;;;;
MU60;Multi Star Brennwert Erweiterungs-Set;2200;Stk;1;Das Erweiterungs-Set ist für folgendeTypen geeignet:Multi Star Ö-HY 65014-20 kW21-30 kWMulti Star Ö-;Multi Star Brennwert Erweiterungs-Set
Das Erweiterungs-Set ist für folgendeTypen geeignet:Multi Star Ö-HY 65014-20 kW21-30 kWMulti Star Ö-
Das Erweiterungs-Set ist für folgende
Typen geeignet:
Multi Star Ö-HY 650
14-20 kW
21-30 kW
Multi Star Ö-HY 1000
21-30 kW
 
Eine Neutralisationsbox ist bei
Ausführung Ölbrenner zwingend
vorgeschrieben.
 
Nachrüsten:
Für bestehende Multi Star Anlagen sind
bei Brennwertnachrüstung folgende
Voraussetzungen zu erfüllen:
- Multi Star bis max. 30 kW Nennleistung
ab dem Baujahr 1998
-Edelstahlbrennkammereinsatz mit
 Temperatursegment
-bei Gasgebläsebrenner: Type SG 60
 zwingend
-bei Ölbrenner: Blautherm Duo und
 Neutralisationsbox zwingend
 
Es ist ausschließlich das 
Kesselanschlußstück (M U65)
zu verwenden.;Das Erweiterungs-Set ist für folgendeTypen geeignet:Multi Star Ö-HY 65014-20 kW21-30 kWMulti Star Ö-;Multi Star Brennwert Erweiterungs-Set
Das Erweiterungs-Set ist für folgendeTypen geeignet:Multi Star Ö-HY 65014-20 kW21-30 kWMulti Star Ö-
Das Erweiterungs-Set ist für folgende
Typen geeignet:
Multi Star Ö-HY 650
14-20 kW
21-30 kW
Multi Star Ö-HY 1000
21-30 kW
 
Eine Neutralisationsbox ist bei
Ausführung Ölbrenner zwingend
vorgeschrieben.
 
Nachrüsten:
Für bestehende Multi Star Anlagen sind
bei Brennwertnachrüstung folgende
Voraussetzungen zu erfüllen:
- Multi Star bis max. 30 kW Nennleistung
ab dem Baujahr 1998
-Edelstahlbrennkammereinsatz mit
 Temperatursegment
-bei Gasgebläsebrenner: Type SG 60
 zwingend
-bei Ölbrenner: Blautherm Duo und
 Neutralisationsbox zwingend
 
Es ist ausschließlich das 
Kesselanschlußstück (M U65)
zu verwenden.;Stk;;;;;
MU61;Neutralisationsbox für Öl-Brennwert;283,7;Stk;1;;Neutralisationsbox für Öl-Brennwert
;;Neutralisationsbox für Öl-Brennwert
;Stk;;;;;
MU63;Heizölentlüfter;225,9;Stk;1;mit Adapter für Wechselfilter und Wechselfilter 25µm, mit Absperrventil, für Einstrangsysteme mit Rü;Heizölentlüfter
mit Adapter für Wechselfilter und Wechselfilter 25µm, mit Absperrventil, für Einstrangsysteme mit Rü
mit Adapter für Wechselfilter und
Wechselfilter 25 ym, mit Absperrventil,
für Einstrangsystem mit
Rücklaufzuführung;mit Adapter für Wechselfilter und Wechselfilter 25µm, mit Absperrventil, für Einstrangsysteme mit Rü;Heizölentlüfter
mit Adapter für Wechselfilter und Wechselfilter 25µm, mit Absperrventil, für Einstrangsysteme mit Rü
mit Adapter für Wechselfilter und
Wechselfilter 25 ym, mit Absperrventil,
für Einstrangsystem mit
Rücklaufzuführung;Stk;;;;;
MU64;Schlammabscheider 1;150,3;Stk;1;Anschluss 1'' IGDer Schlammabscheider für Heizungsanlagen-hält die ungelösten Schlammrückstände mit;Schlammabscheider 1
Anschluss 1'' IGDer Schlammabscheider für Heizungsanlagen-hält die ungelösten Schlammrückstände mit;Anschluss 1'' IGDer Schlammabscheider für Heizungsanlagen-hält die ungelösten Schlammrückstände mit;Schlammabscheider 1
Anschluss 1'' IGDer Schlammabscheider für Heizungsanlagen-hält die ungelösten Schlammrückstände mit;Stk;;;;;
MU65;Kesselanschlussstück;148,9;Stk;1;für Brennwert-Erweiterungs-Set;Kesselanschlussstück
für Brennwert-Erweiterungs-Set;für Brennwert-Erweiterungs-Set;Kesselanschlussstück
für Brennwert-Erweiterungs-Set;Stk;;;;;
MU67;REINIGUNGSBÜRSTE FÜR ÖLKESSEL;40,1;Stk;1;;REINIGUNGSBÜRSTE FÜR ÖLKESSEL
;;REINIGUNGSBÜRSTE FÜR ÖLKESSEL
;Stk;;;;;
MU70;Kalklöser für Entkalkungspumpe;69,7;Stk;1;;Kalklöser für Entkalkungspumpe
;;Kalklöser für Entkalkungspumpe
;Stk;;;;;
MU71;Entkalkungspumpe 15 L;1399;Stk;1;;Entkalkungspumpe 15 L
;;Entkalkungspumpe 15 L
;Stk;;;;;
MU72;Korofin Plus 500 gr;125,9;Stk;1;;Korofin Plus 500 gr
;;Korofin Plus 500 gr
;Stk;;;;;
MU73;Neutralisator für Kalklöser (VPE 2kg);28,7;Stk;1;;Neutralisator für Kalklöser (VPE 2kg)
;;Neutralisator für Kalklöser (VPE 2kg)
;Stk;;;;;
MU74;Türstein für Multi Star 20kW-40KW (Br);120;Stk;1;;Türstein für Multi Star 20kW-40KW (Br)
;;Türstein für Multi Star 20kW-40KW (Br)
;Stk;;;;;
MU75;Türstein für Multi Star 50kW-65KW (Br);212,7;Stk;1;;Türstein für Multi Star 50kW-65KW (Br)
;;Türstein für Multi Star 50kW-65KW (Br)
;Stk;;;;;
MU76;Dichtschnur f. Brennertür 20-40kW (BR);26,4;Stk;1;Brennkammer Durchmesser 750 mm;Dichtschnur f. Brennertür 20-40kW (BR)
Brennkammer Durchmesser 750 mm;Brennkammer Durchmesser 750 mm;Dichtschnur f. Brennertür 20-40kW (BR)
Brennkammer Durchmesser 750 mm;Stk;;;;;
MU88;KERATHERM FASERMATTE f.Brennkammer (lfm);257,8;Lfm;1;Maße: 1000x610 mm(Preis per lfm);KERATHERM FASERMATTE f.Brennkammer (lfm)
Maße: 1000x610 mm(Preis per lfm);Maße: 1000x610 mm(Preis per lfm);KERATHERM FASERMATTE f.Brennkammer (lfm)
Maße: 1000x610 mm(Preis per lfm);Lfm;;;;;
MU89;KERATHIN KLEBER 1500 S (Dose zu 0,5 kg);21,3;Stk;1;;KERATHIN KLEBER 1500 S (Dose zu 0,5 kg)
;;KERATHIN KLEBER 1500 S (Dose zu 0,5 kg)
;Stk;;;;;
MU93;BRENNKAMMEREINSATZ 20 kW (Br);305,4;Stk;1;;BRENNKAMMEREINSATZ 20 kW (Br)
;;BRENNKAMMEREINSATZ 20 kW (Br)
;Stk;;;;;
MU94;BRENNKAMMEREINSATZ 30 kW (Br);343,7;Stk;1;;BRENNKAMMEREINSATZ 30 kW (Br)
;;BRENNKAMMEREINSATZ 30 kW (Br)
;Stk;;;;;
MU95;BRENNKAMMEREINSATZ 40 kW (Br);376,2;Stk;1;;BRENNKAMMEREINSATZ 40 kW (Br)
;;BRENNKAMMEREINSATZ 40 kW (Br)
;Stk;;;;;
MU96;BRENNKAMMEREINSATZ 50 kW (Br);482,9;Stk;1;;BRENNKAMMEREINSATZ 50 kW (Br)
;;BRENNKAMMEREINSATZ 50 kW (Br)
;Stk;;;;;
MU97;BRENNKAMMEREINSATZ 65 kW (Br);527;Stk;1;;BRENNKAMMEREINSATZ 65 kW (Br)
;;BRENNKAMMEREINSATZ 65 kW (Br)
;Stk;;;;;
MU98;BRENNKAMMEREINSATZ 80 kW (Br) Mono Star;888;Stk;1;;BRENNKAMMEREINSATZ 80 kW (Br) Mono Star
;;BRENNKAMMEREINSATZ 80 kW (Br) Mono Star
;Stk;;;;;
OB10;Adapter für Wechselfilter;38,7;Stk;;;Adapter für Wechselfilter
;;Adapter für Wechselfilter
;Stk;;;;;
OB11;Wechselfilter 25Šm;13,2;Stk;;;Wechselfilter 25Šm
;;Wechselfilter 25Šm
;Stk;;;;;
RC00;CETA 100 Temperaturdifferenzregelung;190,8;Stk;1;inkl. 1 Stk. Fühler PT 1000/2,5/6 und 1 Stk. KVT 20/2/6;CETA 100 Temperaturdifferenzregelung
inkl. 1 Stk. Fühler PT 1000/2,5/6 und 1 Stk. KVT 20/2/6
Inkl. 1 Stk. Solarfühler PT 1000/6 und 
1Stk. KVT 20/2/6
mit einem Relaisausgang, 
drei Fühlereingängen 
Möglichkeit der Wärmebilanzierung über
optionalen Rücklauffühler ;inkl. 1 Stk. Fühler PT 1000/2,5/6 und 1 Stk. KVT 20/2/6;CETA 100 Temperaturdifferenzregelung
inkl. 1 Stk. Fühler PT 1000/2,5/6 und 1 Stk. KVT 20/2/6
Inkl. 1 Stk. Solarfühler PT 1000/6 und 
1Stk. KVT 20/2/6
mit einem Relaisausgang, 
drei Fühlereingängen 
Möglichkeit der Wärmebilanzierung über
optionalen Rücklauffühler ;Stk;;;;;
RC01;CETA 101 Zweifache - Temperaturdifferenzregelung;190,8;Stk;1;inkl. 2 Stk. Fühler PT 1000/2,5/6 und 1 Stk. KVT 20/2/6;CETA 101 Zweifache - Temperaturdifferenzregelung
inkl. 2 Stk. Fühler PT 1000/2,5/6 und 1 Stk. KVT 20/2/6
Inkl. 2 Stk. Solarfühler PT 1000/6 und 1
Stk. KVT 20/2/6
mit drei Relaisausgängen, 
vier Fühlereingängen 
Parametrierungsmöglichkeit für zwei
getrennte Differenzregelungen und
zusätzliche Wärmeerzeugersperre.
Möglichkeit der Wärmebilanzierung über
optionalen Rücklauffühler ;inkl. 2 Stk. Fühler PT 1000/2,5/6 und 1 Stk. KVT 20/2/6;CETA 101 Zweifache - Temperaturdifferenzregelung
inkl. 2 Stk. Fühler PT 1000/2,5/6 und 1 Stk. KVT 20/2/6
Inkl. 2 Stk. Solarfühler PT 1000/6 und 1
Stk. KVT 20/2/6
mit drei Relaisausgängen, 
vier Fühlereingängen 
Parametrierungsmöglichkeit für zwei
getrennte Differenzregelungen und
zusätzliche Wärmeerzeugersperre.
Möglichkeit der Wärmebilanzierung über
optionalen Rücklauffühler ;Stk;;;;;
RC04;CETA 104 Witterungsgeführter Zweipunktregler mit WW-Betrieb;202,7;Stk;1;mit WW-Betrieb inkl. 1 Stk. AF 200 und 2 Stk. KVT 20/2/6;CETA 104 Witterungsgeführter Zweipunktregler mit WW-Betrieb
mit WW-Betrieb inkl. 1 Stk. AF 200 und 2 Stk. KVT 20/2/6
CETA 104 Witterungsgeführte
Zweipunktregler mit WW-Betrieb inkl. 1
Stk. AF 200 und 2 Stk. KVT 20/2/6;mit WW-Betrieb inkl. 1 Stk. AF 200 und 2 Stk. KVT 20/2/6;CETA 104 Witterungsgeführter Zweipunktregler mit WW-Betrieb
mit WW-Betrieb inkl. 1 Stk. AF 200 und 2 Stk. KVT 20/2/6
CETA 104 Witterungsgeführte
Zweipunktregler mit WW-Betrieb inkl. 1
Stk. AF 200 und 2 Stk. KVT 20/2/6;Stk;;;;;
RC06;CETA 106 Witterungsgeführte Mischerregelung mit;202,7;Stk;1;Temperaturdifferenzregelung für Solar inkl. 1 Stk. VF 202 B und 1 Stk. AF 200;CETA 106 Witterungsgeführte Mischerregelung mit
Temperaturdifferenzregelung für Solar inkl. 1 Stk. VF 202 B und 1 Stk. AF 200
Inkl. 1 Stk. VF 202 B und 1 Stk. AF 200
ACHTUNG:
für Solarregelung 1 Stk. RC23
Solarfühler PT 1000/6 und
1 Stk. RC22 Kessel- oder Speicherfühler
KVT 20 dazubestellen ;Temperaturdifferenzregelung für Solar inkl. 1 Stk. VF 202 B und 1 Stk. AF 200;CETA 106 Witterungsgeführte Mischerregelung mit
Temperaturdifferenzregelung für Solar inkl. 1 Stk. VF 202 B und 1 Stk. AF 200
Inkl. 1 Stk. VF 202 B und 1 Stk. AF 200
ACHTUNG:
für Solarregelung 1 Stk. RC23
Solarfühler PT 1000/6 und
1 Stk. RC22 Kessel- oder Speicherfühler
KVT 20 dazubestellen ;Stk;;;;;
RC10;CETA Raumcontroller für Ceta 104/106;117,6;Stk;1;Raumstation zum Anschluss anHeizungsregler der Reglerserie CETA. Fernbedienung für die komfortable B;CETA Raumcontroller für Ceta 104/106
Raumstation zum Anschluss anHeizungsregler der Reglerserie CETA. Fernbedienung für die komfortable B;Raumstation zum Anschluss anHeizungsregler der Reglerserie CETA. Fernbedienung für die komfortable B;CETA Raumcontroller für Ceta 104/106
Raumstation zum Anschluss anHeizungsregler der Reglerserie CETA. Fernbedienung für die komfortable B;Stk;;;;;
RC11;CETA Erweiterungsmodul SMS;924;Stk;1;Durch Kombination der Typenreihe CETA mit dem Datenübertragungsmodul CETA SMS können die Daten aller;CETA Erweiterungsmodul SMS
Durch Kombination der Typenreihe CETA mit dem Datenübertragungsmodul CETA SMS können die Daten aller;Durch Kombination der Typenreihe CETA mit dem Datenübertragungsmodul CETA SMS können die Daten aller;CETA Erweiterungsmodul SMS
Durch Kombination der Typenreihe CETA mit dem Datenübertragungsmodul CETA SMS können die Daten aller;Stk;;;;;
RC20;Außenfühler AF 200;18;Stk;1;;Außenfühler AF 200
;;Außenfühler AF 200
;Stk;;;;;
RC21;Vorlauffühler VF 202B;18;Stk;1;;Vorlauffühler VF 202B
;;Vorlauffühler VF 202B
;Stk;;;;;
RC22;Kessel- oder Speicherfühler KVT 20/2/6;18;Stk;1;Tauchfühler Ø 6 mm;Kessel- oder Speicherfühler KVT 20/2/6
Tauchfühler Ø 6 mm;Tauchfühler Ø 6 mm;Kessel- oder Speicherfühler KVT 20/2/6
Tauchfühler Ø 6 mm;Stk;;;;;
RC23;Solar Fühler PT1000/6 für Ceta Regler;30,1;Stk;1;;Solar Fühler PT1000/6 für Ceta Regler
;;Solar Fühler PT1000/6 für Ceta Regler
;Stk;;;;;
RE26;UNIVERSUM Klemme Regler 30-31;5,89;Stk;1;;UNIVERSUM Klemme Regler 30-31
;;UNIVERSUM Klemme Regler 30-31
;Stk;;;;;
RE27;UNIVERSUM Klemme Regler 32-33;5,89;Stk;1;;UNIVERSUM Klemme Regler 32-33
;;UNIVERSUM Klemme Regler 32-33
;Stk;;;;;
RE28;UNIVERSUM Klemme Regler 36-41;5,89;Stk;1;;UNIVERSUM Klemme Regler 36-41
;;UNIVERSUM Klemme Regler 36-41
;Stk;;;;;
RE29;Universum-Select Modemverbindungskabel;41,4;Stk;1;für Universum® Select Modem;Universum-Select Modemverbindungskabel
für Universum® Select Modem;für Universum® Select Modem;Universum-Select Modemverbindungskabel
für Universum® Select Modem;Stk;;;;;
RE30;Raumtemperaturregler mit Uhr Tagespr. (HTRRBU-110.117/21);267,9;Stk;1;;Raumtemperaturregler mit Uhr Tagespr. (HTRRBU-110.117/21)
;;Raumtemperaturregler mit Uhr Tagespr. (HTRRBU-110.117/21)
;Stk;;;;;
RE31;Raumtemperaturregler Typ MTRU-W Wochenp.;304,3;Stk;1;;Raumtemperaturregler Typ MTRU-W Wochenp.
;;Raumtemperaturregler Typ MTRU-W Wochenp.
;Stk;;;;;
RE32;Raumtemperaturregler Typ A-N;36,1;Stk;1;;Raumtemperaturregler Typ A-N
;;Raumtemperaturregler Typ A-N
;Stk;;;;;
RE33;Raumtemperaturregler Typ A-N/U (UP);77,8;Stk;1;Sollwertvorgabe, mit Bi-Metall-Auslösung, thermischer Rückführung und Bereichseingrenzung, Umschalte;Raumtemperaturregler Typ A-N/U (UP)
Sollwertvorgabe, mit Bi-Metall-Auslösung, thermischer Rückführung und Bereichseingrenzung, Umschalte
mit Bi-Metall-Auslösung, thermischer
Rückführung und Bereichseingrenzung,
Umschalter "Heizen-Absenken-Automatik",
geeignet für Nachtabsenkung durch
Pilotsteuerung Typ B N...Nachtabsenkung
bei Pilotsteuerung U...Umschalter SERIE
TYP A ist in projektspezifischen
Ausführungen lieferbar (zBHEIZEN/KÜHLEN,
Schulen, etc.);Sollwertvorgabe, mit Bi-Metall-Auslösung, thermischer Rückführung und Bereichseingrenzung, Umschalte;Raumtemperaturregler Typ A-N/U (UP)
Sollwertvorgabe, mit Bi-Metall-Auslösung, thermischer Rückführung und Bereichseingrenzung, Umschalte
mit Bi-Metall-Auslösung, thermischer
Rückführung und Bereichseingrenzung,
Umschalter "Heizen-Absenken-Automatik",
geeignet für Nachtabsenkung durch
Pilotsteuerung Typ B N...Nachtabsenkung
bei Pilotsteuerung U...Umschalter SERIE
TYP A ist in projektspezifischen
Ausführungen lieferbar (zBHEIZEN/KÜHLEN,
Schulen, etc.);Stk;;;;;
RE34;Thermostat für Kesselschaltfeld inkl. Adapterplatte;30,1;Stk;1;der Serie KF-G;Thermostat für Kesselschaltfeld inkl. Adapterplatte
der Serie KF-G;der Serie KF-G;Thermostat für Kesselschaltfeld inkl. Adapterplatte
der Serie KF-G;Stk;;;;;
RE35;Sicherheitstemperaturbegrenzer STB;55,2;Stk;1;für Kesselschaltfelder derSerie KF-G;Sicherheitstemperaturbegrenzer STB
für Kesselschaltfelder derSerie KF-G;für Kesselschaltfelder derSerie KF-G;Sicherheitstemperaturbegrenzer STB
für Kesselschaltfelder derSerie KF-G;Stk;;;;;
RE36;Drehknopf für Raumtemperaturregler A-N;1,21;Stk;1;;Drehknopf für Raumtemperaturregler A-N
;;Drehknopf für Raumtemperaturregler A-N
;Stk;;;;;
RE37;Raumtemperaturregler Heizen/Kühlen;87,6;Stk;1;;Raumtemperaturregler Heizen/Kühlen
;;Raumtemperaturregler Heizen/Kühlen
;Stk;;;;;
RE38;Raumtemperaturregler Heizen/Kühlen RTBSB-01010;87,6;Stk;1;;Raumtemperaturregler Heizen/Kühlen RTBSB-01010
;;Raumtemperaturregler Heizen/Kühlen RTBSB-01010
;Stk;;;;;
RE40;Harreither Raumregler elektronisch Heizen/Kühlen;371,9;Stk;1;Unterputzregler zur Heiz- und Kühlregelung oder alleinigen Kühlregelung mit Tag und Nachtbetrieb, Ei;Harreither Raumregler elektronisch Heizen/Kühlen
Unterputzregler zur Heiz- und Kühlregelung oder alleinigen Kühlregelung mit Tag und Nachtbetrieb, Ei
Unterputzregler zur Heiz- und
Kühlregelung oder alleinigen
Kühlregelung mit Tag und Nachtbetrieb,
Einbindung von zu 5 Taupunktwächtern
(RE41) möglich;Unterputzregler zur Heiz- und Kühlregelung oder alleinigen Kühlregelung mit Tag und Nachtbetrieb, Ei;Harreither Raumregler elektronisch Heizen/Kühlen
Unterputzregler zur Heiz- und Kühlregelung oder alleinigen Kühlregelung mit Tag und Nachtbetrieb, Ei
Unterputzregler zur Heiz- und
Kühlregelung oder alleinigen
Kühlregelung mit Tag und Nachtbetrieb,
Einbindung von zu 5 Taupunktwächtern
(RE41) möglich;Stk;;;;;
RE41;Harreither Taupunktwächter für Raumregler (RE40);76,9;Stk;1;10m Kabellänge für Rohrleitungen;Harreither Taupunktwächter für Raumregler (RE40)
10m Kabellänge für Rohrleitungen
10m Kabellänge für Rohrleitungen.;10m Kabellänge für Rohrleitungen;Harreither Taupunktwächter für Raumregler (RE40)
10m Kabellänge für Rohrleitungen
10m Kabellänge für Rohrleitungen.;Stk;;;;;
RE84;Klemmeleiste Nr.: 42-53 (alter Regler);18,8;Stk;1;;Klemmeleiste Nr.: 42-53 (alter Regler)
;;Klemmeleiste Nr.: 42-53 (alter Regler)
;Stk;;;;;
RE85;KESSELSCHALTFELD KF-G UNIVERSUM;404,4;Stk;1;inkl. Blindabdeckung;KESSELSCHALTFELD KF-G UNIVERSUM
inkl. Blindabdeckung;inkl. Blindabdeckung;KESSELSCHALTFELD KF-G UNIVERSUM
inkl. Blindabdeckung;Stk;;;;;
RK01;Harreither Flächenkühlungsregler Paket Kühlen;1727;Stk;1;bestehend aus: 1 Stk. Harreither Flächenkühlungsregler inkl. 1 Stk. Vorlauffühler und 1 Stk. Tauchhü;Harreither Flächenkühlungsregler Paket Kühlen
bestehend aus: 1 Stk. Harreither Flächenkühlungsregler inkl. 1 Stk. Vorlauffühler und 1 Stk. Tauchhü
bestehend aus: 
1 Stk. Harreither Flächenkühlungsregler
inkl. 1 Stk. Vorlauffühler und 1 Stk.
Tauchhülse
1 Stk. Außentemperaturinterface
3 Stk. Raumcontroller
1 Stk. Feuchte- und Temperatursensorik
1 Stk. Heizen-Kühlen Interface für
Flächenkühlungsregler;bestehend aus: 1 Stk. Harreither Flächenkühlungsregler inkl. 1 Stk. Vorlauffühler und 1 Stk. Tauchhü;Harreither Flächenkühlungsregler Paket Kühlen
bestehend aus: 1 Stk. Harreither Flächenkühlungsregler inkl. 1 Stk. Vorlauffühler und 1 Stk. Tauchhü
bestehend aus: 
1 Stk. Harreither Flächenkühlungsregler
inkl. 1 Stk. Vorlauffühler und 1 Stk.
Tauchhülse
1 Stk. Außentemperaturinterface
3 Stk. Raumcontroller
1 Stk. Feuchte- und Temperatursensorik
1 Stk. Heizen-Kühlen Interface für
Flächenkühlungsregler;Stk;;;;;
RK02;Harreither Flächenkühlungsregler Paket Heizen & Kühlen;1981;Stk;1;bestehend aus: 1 Stk. Harreither Flächenkühlungsregler inkl. 1 Stk. Vorlauffühler und 1 Stk. Tauchhü;Harreither Flächenkühlungsregler Paket Heizen & Kühlen
bestehend aus: 1 Stk. Harreither Flächenkühlungsregler inkl. 1 Stk. Vorlauffühler und 1 Stk. Tauchhü
bestehend aus: 
1 Stk. Harreither Flächenkühlungsregler
inkl. 1 Stk. Vorlauffühler und 1 Stk.
Tauchhülse
1 Stk. Außentemperaturinterface
3 Stk. Raumcontroller
1 Stk. Feuchte- und Temperatursensorik
1 Stk. Heizen-Kühlen Interface für
Flächenkühlungsregler
1 Stk. Bodenfühler für RC Display
1 Stk. Raumcontroller Display;bestehend aus: 1 Stk. Harreither Flächenkühlungsregler inkl. 1 Stk. Vorlauffühler und 1 Stk. Tauchhü;Harreither Flächenkühlungsregler Paket Heizen & Kühlen
bestehend aus: 1 Stk. Harreither Flächenkühlungsregler inkl. 1 Stk. Vorlauffühler und 1 Stk. Tauchhü
bestehend aus: 
1 Stk. Harreither Flächenkühlungsregler
inkl. 1 Stk. Vorlauffühler und 1 Stk.
Tauchhülse
1 Stk. Außentemperaturinterface
3 Stk. Raumcontroller
1 Stk. Feuchte- und Temperatursensorik
1 Stk. Heizen-Kühlen Interface für
Flächenkühlungsregler
1 Stk. Bodenfühler für RC Display
1 Stk. Raumcontroller Display;Stk;;;;;
RK03;Harreither Flächenkühlungsregler Paket Heizen;1531;Stk;1;bestehend aus: 1 Stk. Harreither Flächenkühlungsregler inkl. 1 Stk. Vorlauffühler und 1 Stk. Tauchhü;Harreither Flächenkühlungsregler Paket Heizen
bestehend aus: 1 Stk. Harreither Flächenkühlungsregler inkl. 1 Stk. Vorlauffühler und 1 Stk. Tauchhü
bestehend aus: 
1 Stk. Harreither Flächenkühlungsregler
inkl. 1 Stk. Vorlauffühler und 1 Stk.
Tauchhülse
1 Stk. Außentemperaturinterface
3 Stk. Raumcontroller
1 Stk. Raumcontroller Display;bestehend aus: 1 Stk. Harreither Flächenkühlungsregler inkl. 1 Stk. Vorlauffühler und 1 Stk. Tauchhü;Harreither Flächenkühlungsregler Paket Heizen
bestehend aus: 1 Stk. Harreither Flächenkühlungsregler inkl. 1 Stk. Vorlauffühler und 1 Stk. Tauchhü
bestehend aus: 
1 Stk. Harreither Flächenkühlungsregler
inkl. 1 Stk. Vorlauffühler und 1 Stk.
Tauchhülse
1 Stk. Außentemperaturinterface
3 Stk. Raumcontroller
1 Stk. Raumcontroller Display;Stk;;;;;
RK10;Harreither Flächenkühlungsregler;1081;Stk;1;inkl. 1 Stk. Vorlauffühler und 1 Stk. Tauchhülse;Harreither Flächenkühlungsregler
inkl. 1 Stk. Vorlauffühler und 1 Stk. Tauchhülse
inkl. 1 Stk. Vorlauffühler und 1 Stk.
Tauchhülse;inkl. 1 Stk. Vorlauffühler und 1 Stk. Tauchhülse;Harreither Flächenkühlungsregler
inkl. 1 Stk. Vorlauffühler und 1 Stk. Tauchhülse
inkl. 1 Stk. Vorlauffühler und 1 Stk.
Tauchhülse;Stk;;;;;
RK11;Außentemperaturinterface für Flächenkühlungsregler;193,6;Stk;1;;Außentemperaturinterface für Flächenkühlungsregler
;;Außentemperaturinterface für Flächenkühlungsregler
;Stk;;;;;
RK12;Vorlauffühler für Flächenkühlungsregler;40,5;Stk;1;;Vorlauffühler für Flächenkühlungsregler
;;Vorlauffühler für Flächenkühlungsregler
;Stk;;;;;
RK13;Tauchhülse xx mm für Flächenkühlungsregler;39;Stk;1;;Tauchhülse xx mm für Flächenkühlungsregler
;;Tauchhülse xx mm für Flächenkühlungsregler
;Stk;;;;;
RK14;Bodenfühler für RC Display für Flächenkühlungsregler;37,5;Stk;1;;Bodenfühler für RC Display für Flächenkühlungsregler
;;Bodenfühler für RC Display für Flächenkühlungsregler
;Stk;;;;;
RK20;Raumcontroller für Flächenkühlungsregler;68,1;Stk;1;;Raumcontroller für Flächenkühlungsregler
;;Raumcontroller für Flächenkühlungsregler
;Stk;;;;;
RK21;Raumcontroller Display für Flächenkühlungsregler;221,6;Stk;1;;Raumcontroller Display für Flächenkühlungsregler
;;Raumcontroller Display für Flächenkühlungsregler
;Stk;;;;;
RK22;Feuchte- und Temperatursensorik für Flächenkühlungsregler;207,6;Stk;1;;Feuchte- und Temperatursensorik für Flächenkühlungsregler
;;Feuchte- und Temperatursensorik für Flächenkühlungsregler
;Stk;;;;;
RK23;Heizen-Kühlen Interface für Flächenkühlungsregler;193,6;Stk;1;;Heizen-Kühlen Interface für Flächenkühlungsregler
;;Heizen-Kühlen Interface für Flächenkühlungsregler
;Stk;;;;;
SH30;Dachbügel Edelstahl;44,7;Stk;1;Dachbügel Edelstahl inklusive Schrauben;Dachbügel Edelstahl
Dachbügel Edelstahl inklusive Schrauben
Dachbügel Edelstahl inklusive
Schrauben 
verwendbar für erhöhte Schneelasten 
Länderspezifische Richtlinien und DIN
1055 beachten!;Dachbügel Edelstahl inklusive Schrauben;Dachbügel Edelstahl
Dachbügel Edelstahl inklusive Schrauben
Dachbügel Edelstahl inklusive
Schrauben 
verwendbar für erhöhte Schneelasten 
Länderspezifische Richtlinien und DIN
1055 beachten!;Stk;;;;;
SH31;Stockschraube Edelstahl mit Adapterplatte;28,2;Stk;1;Für vertikale und dachparallele Montage;Stockschraube Edelstahl mit Adapterplatte
Für vertikale und dachparallele Montage
Für vertikale und dachparallele
Montage 
Stockschrauben M12x350mm mit
Adapterplatte, Edelstahl
vormontiert mit 3 Muttern und EPDM
Dichtung ;Für vertikale und dachparallele Montage;Stockschraube Edelstahl mit Adapterplatte
Für vertikale und dachparallele Montage
Für vertikale und dachparallele
Montage 
Stockschrauben M12x350mm mit
Adapterplatte, Edelstahl
vormontiert mit 3 Muttern und EPDM
Dichtung ;Stk;;;;;
SH32;Blechfalzklemme Edelstahl;44,7;Stk;1;Nur geeignet für Parallelmontage!Nicht empfohlen bei Titanzinkdächern!;Blechfalzklemme Edelstahl
Nur geeignet für Parallelmontage!Nicht empfohlen bei Titanzinkdächern!
Nur geeignet für Parallelmontage!
Nicht empfohlen bei Titanzinkdächern!;Nur geeignet für Parallelmontage!Nicht empfohlen bei Titanzinkdächern!;Blechfalzklemme Edelstahl
Nur geeignet für Parallelmontage!Nicht empfohlen bei Titanzinkdächern!
Nur geeignet für Parallelmontage!
Nicht empfohlen bei Titanzinkdächern!;Stk;;;;;
SH50;Kollektor – Verbinder mit Dehnelement;34,2;Stk;1;zur hydraulischen Verbindung von Solar Star S 2.4 Kollektoren bei vertikaler Montage.Die Wärmedehnun;Kollektor – Verbinder mit Dehnelement
zur hydraulischen Verbindung von Solar Star S 2.4 Kollektoren bei vertikaler Montage.Die Wärmedehnun
Zur hydraulischen Verbindung von Solar
Star® S 2.4
Kollektoren bei vertikaler Montage 
Die Wärmedehnung des Kupferrohres wird
durch das
Edelstahl-Dehnelement kompensiert ;zur hydraulischen Verbindung von Solar Star S 2.4 Kollektoren bei vertikaler Montage.Die Wärmedehnun;Kollektor – Verbinder mit Dehnelement
zur hydraulischen Verbindung von Solar Star S 2.4 Kollektoren bei vertikaler Montage.Die Wärmedehnun
Zur hydraulischen Verbindung von Solar
Star® S 2.4
Kollektoren bei vertikaler Montage 
Die Wärmedehnung des Kupferrohres wird
durch das
Edelstahl-Dehnelement kompensiert ;Stk;;;;;
SH51;Kollektor – Verbinder mit Dehnelement für Kollektoren quer;62,4;Stk;1;Zur hydraulischen Verbindung von Solar Star S 2.4 Kollektoren bei horizontaler Montage (liegend quer;Kollektor – Verbinder mit Dehnelement für Kollektoren quer
Zur hydraulischen Verbindung von Solar Star S 2.4 Kollektoren bei horizontaler Montage (liegend quer
Zur hydraulischen Verbindung von Solar
Star® S 2.4
Kollektoren bei horizontaler Montage
(liegend quer) 
Die Wärmedehnung des Kupferrohres wird
durch das
Edelstahl-Dehnelement kompensiert ;Zur hydraulischen Verbindung von Solar Star S 2.4 Kollektoren bei horizontaler Montage (liegend quer;Kollektor – Verbinder mit Dehnelement für Kollektoren quer
Zur hydraulischen Verbindung von Solar Star S 2.4 Kollektoren bei horizontaler Montage (liegend quer
Zur hydraulischen Verbindung von Solar
Star® S 2.4
Kollektoren bei horizontaler Montage
(liegend quer) 
Die Wärmedehnung des Kupferrohres wird
durch das
Edelstahl-Dehnelement kompensiert ;Stk;;;;;
SH52;Entlüftungsset für Kollektoren liegend quer;16,8;Stk;1;bestehend aus:1 Stk.  Klemmring-verschraubung Durchgangs-form für Kupferrohr IG1 Stk. Verstärkungshü;Entlüftungsset für Kollektoren liegend quer
bestehend aus:1 Stk.  Klemmring-verschraubung Durchgangs-form für Kupferrohr IG1 Stk. Verstärkungshü;bestehend aus:1 Stk.  Klemmring-verschraubung Durchgangs-form für Kupferrohr IG1 Stk. Verstärkungshü;Entlüftungsset für Kollektoren liegend quer
bestehend aus:1 Stk.  Klemmring-verschraubung Durchgangs-form für Kupferrohr IG1 Stk. Verstärkungshü;Stk;;;;;
SH53;Adapter 1 AG für Solar Star S 2.4;7,7;Stk;1;Ø 22 mm auf 1 AG, geeignet inVerbindung mit AnschlusssetSH55 zum Anschluss von Edelstahl-Wellrohren;Adapter 1 AG für Solar Star S 2.4
Ø 22 mm auf 1 AG, geeignet inVerbindung mit AnschlusssetSH55 zum Anschluss von Edelstahl-Wellrohren
Ø 22 mm auf 1" AG, geeignet in
Verbindung mit Anschlussset
SH55 zum Anschluss von 
Edelstahl-Wellrohren;Ø 22 mm auf 1 AG, geeignet inVerbindung mit AnschlusssetSH55 zum Anschluss von Edelstahl-Wellrohren;Adapter 1 AG für Solar Star S 2.4
Ø 22 mm auf 1 AG, geeignet inVerbindung mit AnschlusssetSH55 zum Anschluss von Edelstahl-Wellrohren
Ø 22 mm auf 1" AG, geeignet in
Verbindung mit Anschlussset
SH55 zum Anschluss von 
Edelstahl-Wellrohren;Stk;;;;;
SH54;Adapter ¾“ AG für Solar Star S 2.4;5,45;Stk;1;Übergang für Schneidringverschraubung Ø22 auf 3/4 AG, geeignet in Verbindung mit Anschlussset SH55 z;Adapter ¾“ AG für Solar Star S 2.4
Übergang für Schneidringverschraubung Ø22 auf 3/4 AG, geeignet in Verbindung mit Anschlussset SH55 z
Übergang für Schneidringverschraubung
Ø22 auf 3/4" AG, geeignet in Verbindung
mit Anschlussset SH55 zum Anschluss von
Edelstahl-Wellrohren;Übergang für Schneidringverschraubung Ø22 auf 3/4 AG, geeignet in Verbindung mit Anschlussset SH55 z;Adapter ¾“ AG für Solar Star S 2.4
Übergang für Schneidringverschraubung Ø22 auf 3/4 AG, geeignet in Verbindung mit Anschlussset SH55 z
Übergang für Schneidringverschraubung
Ø22 auf 3/4" AG, geeignet in Verbindung
mit Anschlussset SH55 zum Anschluss von
Edelstahl-Wellrohren;Stk;;;;;
SH55;Anschlussset für Solar Star S 2.4;91,7;Stk;1;Anschlussset mit Klemmringverschraubungen und Fühlertauchhülse;Anschlussset für Solar Star S 2.4
Anschlussset mit Klemmringverschraubungen und Fühlertauchhülse;Anschlussset mit Klemmringverschraubungen und Fühlertauchhülse;Anschlussset für Solar Star S 2.4
Anschlussset mit Klemmringverschraubungen und Fühlertauchhülse;Stk;;;;;
SH56;Endkappe für Solar Star S 2.4;11,3;Stk;1;Klemmringverschraubung zum Verschließen von Anschlüssen ( Ø 22 mm);Endkappe für Solar Star S 2.4
Klemmringverschraubung zum Verschließen von Anschlüssen ( Ø 22 mm)
Klemmringverschraubung zum Verschließen
von Anschlüssen ( Ø22mm) ;Klemmringverschraubung zum Verschließen von Anschlüssen ( Ø 22 mm);Endkappe für Solar Star S 2.4
Klemmringverschraubung zum Verschließen von Anschlüssen ( Ø 22 mm)
Klemmringverschraubung zum Verschließen
von Anschlüssen ( Ø22mm) ;Stk;;;;;
SH57;Anschlussset Solar Star S mit Edelstahl-Wellschlauch Aufdach;305,8;Stk;1;2 isolierte Edelstahl-Wellschläuche, je 1,5 m, Klemmringverschraubung  Ø 22 mm auf ¾“ IG  Fühlertauc;Anschlussset Solar Star S mit Edelstahl-Wellschlauch Aufdach
2 isolierte Edelstahl-Wellschläuche, je 1,5 m, Klemmringverschraubung  Ø 22 mm auf ¾“ IG  Fühlertauc
2 isolierte Edelstahl-Wellschläuche,
je 1,5m,
Klemmringverschraubung Ø22mm auf ¾"
Innengewinde,Fühlertauchhülse ;2 isolierte Edelstahl-Wellschläuche, je 1,5 m, Klemmringverschraubung  Ø 22 mm auf ¾“ IG  Fühlertauc;Anschlussset Solar Star S mit Edelstahl-Wellschlauch Aufdach
2 isolierte Edelstahl-Wellschläuche, je 1,5 m, Klemmringverschraubung  Ø 22 mm auf ¾“ IG  Fühlertauc
2 isolierte Edelstahl-Wellschläuche,
je 1,5m,
Klemmringverschraubung Ø22mm auf ¾"
Innengewinde,Fühlertauchhülse ;Stk;;;;;
SH58;Anschlussset Solar Star S mit Edelstahl-Wellschlauch Indach;305,8;Stk;1;2 isolierte Edelstahl-Wellschläuche, je 1,5 m, Klemmringverschraubung  Ø 22 mm auf ¾“ IG,    Fühlert;Anschlussset Solar Star S mit Edelstahl-Wellschlauch Indach
2 isolierte Edelstahl-Wellschläuche, je 1,5 m, Klemmringverschraubung  Ø 22 mm auf ¾“ IG,    Fühlert
2 isolierte Edelstahl-Wellschläuche, 
je 1,5m,
Klemmringverschraubung Ø22mm auf ¾"
Innengewinde,Fühlertauchhülse 
Bemerkung:
Für Indach-Montage muss dieses
Anschlussset verwendet werden ;2 isolierte Edelstahl-Wellschläuche, je 1,5 m, Klemmringverschraubung  Ø 22 mm auf ¾“ IG,    Fühlert;Anschlussset Solar Star S mit Edelstahl-Wellschlauch Indach
2 isolierte Edelstahl-Wellschläuche, je 1,5 m, Klemmringverschraubung  Ø 22 mm auf ¾“ IG,    Fühlert
2 isolierte Edelstahl-Wellschläuche, 
je 1,5m,
Klemmringverschraubung Ø22mm auf ¾"
Innengewinde,Fühlertauchhülse 
Bemerkung:
Für Indach-Montage muss dieses
Anschlussset verwendet werden ;Stk;;;;;
SH59;Harreither Fühler PT1000 kurze Hülse (Solar);22,8;Stk;1;-50°C - +180°C, mit Hülse 5×30mm, Silikonkabelzur Einbringung in das Anschlussset SH58 Solar Star S2;Harreither Fühler PT1000 kurze Hülse (Solar)
-50°C - +180°C, mit Hülse 5×30mm, Silikonkabelzur Einbringung in das Anschlussset SH58 Solar Star S2;-50°C - +180°C, mit Hülse 5×30mm, Silikonkabelzur Einbringung in das Anschlussset SH58 Solar Star S2;Harreither Fühler PT1000 kurze Hülse (Solar)
-50°C - +180°C, mit Hülse 5×30mm, Silikonkabelzur Einbringung in das Anschlussset SH58 Solar Star S2;Stk;;;;;
SH60;Zwischenabdeckung für Solar Star S 2.4;210,9;Stk;1;;Zwischenabdeckung für Solar Star S 2.4
;;Zwischenabdeckung für Solar Star S 2.4
;Stk;;;;;
SH61;Befestigungsklemme (Mitte) 111x3 für Solar Star S 2,4;8,34;Stk;1;;Befestigungsklemme (Mitte) 111x3 für Solar Star S 2,4
;;Befestigungsklemme (Mitte) 111x3 für Solar Star S 2,4
;Stk;;;;;
SH65;Grundset - Schiene stehend 2 Kollektoren;195,4;Stk;1;;Grundset - Schiene stehend 2 Kollektoren
;;Grundset - Schiene stehend 2 Kollektoren
;Stk;;;;;
SH66;Grundset - Schiene stehend 3 Kollektoren;277,4;Stk;1;;Grundset - Schiene stehend 3 Kollektoren
;;Grundset - Schiene stehend 3 Kollektoren
;Stk;;;;;
SH67;Grundset - Schiene stehend Erweiterung 2 Kollektoren;208;Stk;1;;Grundset - Schiene stehend Erweiterung 2 Kollektoren
;;Grundset - Schiene stehend Erweiterung 2 Kollektoren
;Stk;;;;;
SH68;Montageset 20°-45°, 2 Dreiecke vertikal;163,9;Stk;1;;Montageset 20°-45°, 2 Dreiecke vertikal
;;Montageset 20°-45°, 2 Dreiecke vertikal
;Stk;;;;;
SH69;Montageset 20°-45°, 3 Dreiecke vertikal;252,1;Stk;1;;Montageset 20°-45°, 3 Dreiecke vertikal
;;Montageset 20°-45°, 3 Dreiecke vertikal
;Stk;;;;;
SH74;Grundset - Schiene quer 1 Kollektoren;242,3;Stk;1;;Grundset - Schiene quer 1 Kollektoren
;;Grundset - Schiene quer 1 Kollektoren
;Stk;;;;;
SH75;Grundset - Schiene quer 2 Kollektoren;378,1;Stk;1;;Grundset - Schiene quer 2 Kollektoren
;;Grundset - Schiene quer 2 Kollektoren
;Stk;;;;;
SH76;Grundset - Schiene quer 3 Kollektoren;562;Stk;1;;Grundset - Schiene quer 3 Kollektoren
;;Grundset - Schiene quer 3 Kollektoren
;Stk;;;;;
SH77;Grundset - Schiene quer Erweiterung 2 Kollektoren;441,2;Stk;1;;Grundset - Schiene quer Erweiterung 2 Kollektoren
;;Grundset - Schiene quer Erweiterung 2 Kollektoren
;Stk;;;;;
SH78;Montageset 20°-45°, 2 Dreiecke horizontal;163,9;Stk;1;;Montageset 20°-45°, 2 Dreiecke horizontal
;;Montageset 20°-45°, 2 Dreiecke horizontal
;Stk;;;;;
SH79;Montageset 20°-45°,3 Dreiecke horizontal;245,9;Stk;1;;Montageset 20°-45°,3 Dreiecke horizontal
;;Montageset 20°-45°,3 Dreiecke horizontal
;Stk;;;;;
SH85;Aufständerungsdreieck stehend Kies 45° für 2 Kollektoren;277,4;Stk;1;Lieferzeit 2 Wochen;Aufständerungsdreieck stehend Kies 45° für 2 Kollektoren
Lieferzeit 2 Wochen;Lieferzeit 2 Wochen;Aufständerungsdreieck stehend Kies 45° für 2 Kollektoren
Lieferzeit 2 Wochen;Stk;;;;;
SH86;Aufständerungsdreieck stehend Kies 45° für 3 Kollektoren;409,8;Stk;1;Lieferzeit 2 Wochen;Aufständerungsdreieck stehend Kies 45° für 3 Kollektoren
Lieferzeit 2 Wochen;Lieferzeit 2 Wochen;Aufständerungsdreieck stehend Kies 45° für 3 Kollektoren
Lieferzeit 2 Wochen;Stk;;;;;
SH87;Aufständerungsdreieck quer Kies 45° für 2 Kollektoren;245,9;Stk;1;Lieferzeit 2 Wochen;Aufständerungsdreieck quer Kies 45° für 2 Kollektoren
Lieferzeit 2 Wochen;Lieferzeit 2 Wochen;Aufständerungsdreieck quer Kies 45° für 2 Kollektoren
Lieferzeit 2 Wochen;Stk;;;;;
SH88;Aufständerungsdreieck quer Kies 45° für 3 Kollektoren;371,9;Stk;1;Lieferzeit 2 Wochen;Aufständerungsdreieck quer Kies 45° für 3 Kollektoren
Lieferzeit 2 Wochen;Lieferzeit 2 Wochen;Aufständerungsdreieck quer Kies 45° für 3 Kollektoren
Lieferzeit 2 Wochen;Stk;;;;;
SH89;Kunststoffträgerplatte stehend für Kies Aufständerungen;390,8;Stk;1;Lieferzeit 2 Wochen;Kunststoffträgerplatte stehend für Kies Aufständerungen
Lieferzeit 2 Wochen;Lieferzeit 2 Wochen;Kunststoffträgerplatte stehend für Kies Aufständerungen
Lieferzeit 2 Wochen;Stk;;;;;
SO12;Solar-Ausdehnungsgefäß 25 l 8-bar;69,8;Stk;1;für Solar und Sole;Solar-Ausdehnungsgefäß 25 l 8-bar
für Solar und Sole;für Solar und Sole;Solar-Ausdehnungsgefäß 25 l 8-bar
für Solar und Sole;Stk;;;;;
SO13;Solar-Ausdehnungsgefäß 19 l, 6 bar,;56,4;Stk;1;;Solar-Ausdehnungsgefäß 19 l, 6 bar,

für max. 6 Kollektoren und 40 lfm
Anbindeleitung Durchm.  22 mm;;Solar-Ausdehnungsgefäß 19 l, 6 bar,

für max. 6 Kollektoren und 40 lfm
Anbindeleitung Durchm.  22 mm;Stk;;;;;
SO14;FRIKOSOL Wärmeträgerflüssigkeit;202,5;Stk;1;Frostschutz bis -30°C, VPE: Behälter zu 25 kg hochwertige Korrosionsschutzzusätze. Fertig zur Direkt;FRIKOSOL Wärmeträgerflüssigkeit
Frostschutz bis -30°C, VPE: Behälter zu 25 kg hochwertige Korrosionsschutzzusätze. Fertig zur Direkt
Frostschutz bis -30°C, 
VPE: Behälter zu 25 kg hochwertige
Korrosionsschutzzusätze. Fertig zur
Direktbefüllung der Anlage.
ACHTUNG: nicht mit Harreither
Frostschutzkonzentrat mischen !;Frostschutz bis -30°C, VPE: Behälter zu 25 kg hochwertige Korrosionsschutzzusätze. Fertig zur Direkt;FRIKOSOL Wärmeträgerflüssigkeit
Frostschutz bis -30°C, VPE: Behälter zu 25 kg hochwertige Korrosionsschutzzusätze. Fertig zur Direkt
Frostschutz bis -30°C, 
VPE: Behälter zu 25 kg hochwertige
Korrosionsschutzzusätze. Fertig zur
Direktbefüllung der Anlage.
ACHTUNG: nicht mit Harreither
Frostschutzkonzentrat mischen !;Stk;;;;;
SO15;Cu-Wärmetauscher für Solar 2.5m²;355;Stk;1;für Solar / Systemtrennung 2,5m² geeignet für bis zu 4 Kollektoren, inkl. galvanischer Trennung;Cu-Wärmetauscher für Solar 2.5m²
für Solar / Systemtrennung 2,5m² geeignet für bis zu 4 Kollektoren, inkl. galvanischer Trennung
"für Solar / Systemtrennung 2,5m²
geeignet für bis 
zu 4 Kollektoren, inkl. galvanischer
Trennung";für Solar / Systemtrennung 2,5m² geeignet für bis zu 4 Kollektoren, inkl. galvanischer Trennung;Cu-Wärmetauscher für Solar 2.5m²
für Solar / Systemtrennung 2,5m² geeignet für bis zu 4 Kollektoren, inkl. galvanischer Trennung
"für Solar / Systemtrennung 2,5m²
geeignet für bis 
zu 4 Kollektoren, inkl. galvanischer
Trennung";Stk;;;;;
SO16;Cu-Wärmetauscher für Solar 4,5 m²;839;Stk;1;für Solar / Systemtrennung 4,5m² geeignet für bis zu 10 Kollektoren, inkl. galvanischer Trennung;Cu-Wärmetauscher für Solar 4,5 m²
für Solar / Systemtrennung 4,5m² geeignet für bis zu 10 Kollektoren, inkl. galvanischer Trennung;für Solar / Systemtrennung 4,5m² geeignet für bis zu 10 Kollektoren, inkl. galvanischer Trennung;Cu-Wärmetauscher für Solar 4,5 m²
für Solar / Systemtrennung 4,5m² geeignet für bis zu 10 Kollektoren, inkl. galvanischer Trennung;Stk;;;;;
SO18;Blinddeckel f.Flansch 245 mm Multi+Combi;94,4;Stk;1;Lochkreisdurchmesser 245 mm, inkl. Dichtung;Blinddeckel f.Flansch 245 mm Multi+Combi
Lochkreisdurchmesser 245 mm, inkl. Dichtung;Lochkreisdurchmesser 245 mm, inkl. Dichtung;Blinddeckel f.Flansch 245 mm Multi+Combi
Lochkreisdurchmesser 245 mm, inkl. Dichtung;Stk;;;;;
SO19;Flanschplatte mit Bohrung 3/4 Multi/Combi;94,4;Stk;1;mit Bohrungen 3/4 für WT 2,5 m², inkl. Dichtung;Flanschplatte mit Bohrung 3/4 Multi/Combi
mit Bohrungen 3/4 für WT 2,5 m², inkl. Dichtung;mit Bohrungen 3/4 für WT 2,5 m², inkl. Dichtung;Flanschplatte mit Bohrung 3/4 Multi/Combi
mit Bohrungen 3/4 für WT 2,5 m², inkl. Dichtung;Stk;;;;;
SO20;Flanschplatte mit Bohrung 1 Multi/Combi;94,4;Stk;1;mit Bohrungen 1 für WT 4,5 m², inkl. Dichtung;Flanschplatte mit Bohrung 1 Multi/Combi
mit Bohrungen 1 für WT 4,5 m², inkl. Dichtung;mit Bohrungen 1 für WT 4,5 m², inkl. Dichtung;Flanschplatte mit Bohrung 1 Multi/Combi
mit Bohrungen 1 für WT 4,5 m², inkl. Dichtung;Stk;;;;;
SO21;DICHTUNG für FLANSCHPL. MULTI/COMBI (n);18,2;Stk;1;für Abdeckplatte für Flansch;DICHTUNG für FLANSCHPL. MULTI/COMBI (n)
für Abdeckplatte für Flansch;für Abdeckplatte für Flansch;DICHTUNG für FLANSCHPL. MULTI/COMBI (n)
für Abdeckplatte für Flansch;Stk;;;;;
SO79;Überspannschutzdose für Solar Regelung;42,8;Stk;1;;Überspannschutzdose für Solar Regelung
;;Überspannschutzdose für Solar Regelung
;Stk;;;;;
SO98;SR Kollektorfühler PT 1000 Silikon;39,8;Stk;1;;SR Kollektorfühler PT 1000 Silikon
;;SR Kollektorfühler PT 1000 Silikon
;Stk;;;;;
SO99;SR Speicherfühler PT 1000 PVC;36,4;Stk;1;;SR Speicherfühler PT 1000 PVC
;;SR Speicherfühler PT 1000 PVC
;Stk;;;;;
UF01;Universum Raumcontroller FUNK;230,8;Stk;1;Der Raumcontroller erfasst die Temperatur. Sollwertänderung durch Stellrad. Werkseitig in Basiseinst;Universum Raumcontroller FUNK
Der Raumcontroller erfasst die Temperatur. Sollwertänderung durch Stellrad. Werkseitig in Basiseinst
Der Raumcontroller erfasst die
Temperatur.
Sollwertänderung durch Stellrad,
Basiseinstellung (Thermostat-
betrieb): 21°C, Einsatzbereich:
+5 bis 40°C, Abmessung: 26x75x75 mm, 
Versorgung: 3V (2xAAA - Lebensdauer ca.
5-7 Jahre), Reichweite: ~2-3 Mauern oder
~ 30 m im Gebäude, Schutzart: IP20,
Integration in Universum Hausmanagement
mittels Gateway möglich.;Der Raumcontroller erfasst die Temperatur. Sollwertänderung durch Stellrad. Werkseitig in Basiseinst;Universum Raumcontroller FUNK
Der Raumcontroller erfasst die Temperatur. Sollwertänderung durch Stellrad. Werkseitig in Basiseinst
Der Raumcontroller erfasst die
Temperatur.
Sollwertänderung durch Stellrad,
Basiseinstellung (Thermostat-
betrieb): 21°C, Einsatzbereich:
+5 bis 40°C, Abmessung: 26x75x75 mm, 
Versorgung: 3V (2xAAA - Lebensdauer ca.
5-7 Jahre), Reichweite: ~2-3 Mauern oder
~ 30 m im Gebäude, Schutzart: IP20,
Integration in Universum Hausmanagement
mittels Gateway möglich.;Stk;;;;;
UF02;Universum Funk Gateway;636;Stk;1;Das Gateway ermöglicht die Integration der Funkkomponenten in das Universum Hausmanagementsystem (ma;Universum Funk Gateway
Das Gateway ermöglicht die Integration der Funkkomponenten in das Universum Hausmanagementsystem (ma
Das Gateway ermöglicht die Integration
der Funkkomponenten in das Universum
Hausmanagementsystem (Max. 5 Stück
möglich).
Abmessung: 70x86x58 mm,
Spannungsversorgung: über Busleitung,
Reichweite: ~2-3 Mauern oder ~30m
im Gebäude, Einsatzbereich: +5 bis 40°C,
Montage: auf Hutschiene.;Das Gateway ermöglicht die Integration der Funkkomponenten in das Universum Hausmanagementsystem (ma;Universum Funk Gateway
Das Gateway ermöglicht die Integration der Funkkomponenten in das Universum Hausmanagementsystem (ma
Das Gateway ermöglicht die Integration
der Funkkomponenten in das Universum
Hausmanagementsystem (Max. 5 Stück
möglich).
Abmessung: 70x86x58 mm,
Spannungsversorgung: über Busleitung,
Reichweite: ~2-3 Mauern oder ~30m
im Gebäude, Einsatzbereich: +5 bis 40°C,
Montage: auf Hutschiene.;Stk;;;;;
UF03;Universum Taster 1-fach Funk;113,9;Stk;1;Der Taster 1-fach sendet bei Betätigung. Abmessung: 60x71x9 mm (inkl. Montageplatte) Einsatzbereich:;Universum Taster 1-fach Funk
Der Taster 1-fach sendet bei Betätigung. Abmessung: 60x71x9 mm (inkl. Montageplatte) Einsatzbereich:
Der Taster 1-fach sendet bei Betätigung.
Abmessung: 60x71x9 mm (inkl
Montageplatte), Einsatzbereich : +5 bis
+45°C, Reichweite: ~2-3 Mauern oder 30m
im Gebäude, Schutzart: IP20,
Spannungsversorgung: 3V (Lebensdauer 10
Jahre), Lieferung erfolgt mit Tastwippe
und Rahmen in reinweiß (UF04). Passendes
Schalterprogramm: Moeller RF.;Der Taster 1-fach sendet bei Betätigung. Abmessung: 60x71x9 mm (inkl. Montageplatte) Einsatzbereich:;Universum Taster 1-fach Funk
Der Taster 1-fach sendet bei Betätigung. Abmessung: 60x71x9 mm (inkl. Montageplatte) Einsatzbereich:
Der Taster 1-fach sendet bei Betätigung.
Abmessung: 60x71x9 mm (inkl
Montageplatte), Einsatzbereich : +5 bis
+45°C, Reichweite: ~2-3 Mauern oder 30m
im Gebäude, Schutzart: IP20,
Spannungsversorgung: 3V (Lebensdauer 10
Jahre), Lieferung erfolgt mit Tastwippe
und Rahmen in reinweiß (UF04). Passendes
Schalterprogramm: Moeller RF.;Stk;;;;;
UF04;Rahmen und Wippe (reinweiß) Taster 1fach;5,91;Stk;1;;Rahmen und Wippe (reinweiß) Taster 1fach
;;Rahmen und Wippe (reinweiß) Taster 1fach
;Stk;;;;;
UF05;Universum Taster 2-fach Funk;120,4;Stk;1;Der Taster 2-fach sendet bei Betätigung. Abmessung: 60x71x9 mm (inkl. Montageplatte) Einsatzbereich:;Universum Taster 2-fach Funk
Der Taster 2-fach sendet bei Betätigung. Abmessung: 60x71x9 mm (inkl. Montageplatte) Einsatzbereich:
Der Taster 2-fach sendet bei Betätigung.
Abmessung: 60x71x9 mm (inkl.
Montageplatte), Einsatzbereich: +5 bis
+45°C, Reichweite: ~2-3 Mauern oder 30m
im Gebäude, Schutzart: IP20,
Spannungsversorgung: 3V (Lebensdauer 10
Jahre), Lieferung erfolgt mit
2fach-Tastwippe und Rahmen in reinweiß
(UF06). Passendes Schalterprogramm:
Moeller RF.;Der Taster 2-fach sendet bei Betätigung. Abmessung: 60x71x9 mm (inkl. Montageplatte) Einsatzbereich:;Universum Taster 2-fach Funk
Der Taster 2-fach sendet bei Betätigung. Abmessung: 60x71x9 mm (inkl. Montageplatte) Einsatzbereich:
Der Taster 2-fach sendet bei Betätigung.
Abmessung: 60x71x9 mm (inkl.
Montageplatte), Einsatzbereich: +5 bis
+45°C, Reichweite: ~2-3 Mauern oder 30m
im Gebäude, Schutzart: IP20,
Spannungsversorgung: 3V (Lebensdauer 10
Jahre), Lieferung erfolgt mit
2fach-Tastwippe und Rahmen in reinweiß
(UF06). Passendes Schalterprogramm:
Moeller RF.;Stk;;;;;
UF06;Rahmen und Wippe (reinweiß) Taster 2fach;7,37;Stk;1;;Rahmen und Wippe (reinweiß) Taster 2fach
;;Rahmen und Wippe (reinweiß) Taster 2fach
;Stk;;;;;
UF07;Universum Handsender;230,8;Stk;1;12 Kanal - Fernbedienung sendet an die Aktoren des Systems.Abmessung:30x60x120mmEinsatzbereich: +5 b;Universum Handsender
12 Kanal - Fernbedienung sendet an die Aktoren des Systems.Abmessung:30x60x120mmEinsatzbereich: +5 b
12 Kanal-Fernbedienung sendet bei
Betätigung an die Aktoren des Systems.
Abmessung: 30x60x120 mm, Einsatzbereich:
+5 bis +45°C, Reichweite: ~2-3 Mauern
oder ~30m im Gebäude, Schutzart: IP20,
Spannungsversorgung: 3V (2xAAA - 3-5
Jahre Lebensdauer).;12 Kanal - Fernbedienung sendet an die Aktoren des Systems.Abmessung:30x60x120mmEinsatzbereich: +5 b;Universum Handsender
12 Kanal - Fernbedienung sendet an die Aktoren des Systems.Abmessung:30x60x120mmEinsatzbereich: +5 b
12 Kanal-Fernbedienung sendet bei
Betätigung an die Aktoren des Systems.
Abmessung: 30x60x120 mm, Einsatzbereich:
+5 bis +45°C, Reichweite: ~2-3 Mauern
oder ~30m im Gebäude, Schutzart: IP20,
Spannungsversorgung: 3V (2xAAA - 3-5
Jahre Lebensdauer).;Stk;;;;;
UF08;Universum RS-232 Schnittstelle;593;Stk;1;Die RS 232 wird zur Detaileinstellungder Funkkomponenten im BetriebsmodusCOMFORT benötigt: Abmessung;Universum RS-232 Schnittstelle
Die RS 232 wird zur Detaileinstellungder Funkkomponenten im BetriebsmodusCOMFORT benötigt: Abmessung
Die RS 232 wird zur Detaileinstellung
der Funkkomponenten im Betriebsmodus
COMFORT benötigt: Abmessung: 120x60x30
mm, Einsatzbereich: +5 bis +40°C,
Reichweite: ~2-3 Mauern oder ~30m im
Gebäude, Schutzart: IP20,
Spannungsversorgung: Akkupack, aufladbar
über mitgeliefertes Netzteil.
Anschlüsse: RS 232.;Die RS 232 wird zur Detaileinstellungder Funkkomponenten im BetriebsmodusCOMFORT benötigt: Abmessung;Universum RS-232 Schnittstelle
Die RS 232 wird zur Detaileinstellungder Funkkomponenten im BetriebsmodusCOMFORT benötigt: Abmessung
Die RS 232 wird zur Detaileinstellung
der Funkkomponenten im Betriebsmodus
COMFORT benötigt: Abmessung: 120x60x30
mm, Einsatzbereich: +5 bis +40°C,
Reichweite: ~2-3 Mauern oder ~30m im
Gebäude, Schutzart: IP20,
Spannungsversorgung: Akkupack, aufladbar
über mitgeliefertes Netzteil.
Anschlüsse: RS 232.;Stk;;;;;
UF09;Universum Schaltaktor Funk, 8A/230VAC;123,4;Stk;1;Empfängt und schaltet beliebige elektrische Geräte (z.B. Licht, Pumpen usw.)Abmessung: 26x49,5x45,5m;Universum Schaltaktor Funk, 8A/230VAC
Empfängt und schaltet beliebige elektrische Geräte (z.B. Licht, Pumpen usw.)Abmessung: 26x49,5x45,5m
Empfängt und schaltet beliebige
elektrische Geräte (z.B. Licht, Pumpen
usw.)
Abmessung: 26x49x45,5 mm, Versorgung:
230V AC, 50 Hz, Anschlüsse: 1,5 qmm,
Schutzart: IP20, Last: 230VAC - 8A
ohmsche Last, Reichweite: ~2-3 Mauern
oder ~ 30m im Gebäude, Vorsicherung: LS
16A, Kennlinie B, Einsatzbereich: -5 bis
+40 °C. Einbau in Unterputzdose o.ä..
Integration in Universum Hausmanagement
mittels Gateway möglich.;Empfängt und schaltet beliebige elektrische Geräte (z.B. Licht, Pumpen usw.)Abmessung: 26x49,5x45,5m;Universum Schaltaktor Funk, 8A/230VAC
Empfängt und schaltet beliebige elektrische Geräte (z.B. Licht, Pumpen usw.)Abmessung: 26x49,5x45,5m
Empfängt und schaltet beliebige
elektrische Geräte (z.B. Licht, Pumpen
usw.)
Abmessung: 26x49x45,5 mm, Versorgung:
230V AC, 50 Hz, Anschlüsse: 1,5 qmm,
Schutzart: IP20, Last: 230VAC - 8A
ohmsche Last, Reichweite: ~2-3 Mauern
oder ~ 30m im Gebäude, Vorsicherung: LS
16A, Kennlinie B, Einsatzbereich: -5 bis
+40 °C. Einbau in Unterputzdose o.ä..
Integration in Universum Hausmanagement
mittels Gateway möglich.;Stk;;;;;
UF10;Universum Jalousienaktor Funk, 6A/230V;146,7;Stk;1;Empfängt und steuert Rollladen und Jalousieantriebe mit 230V Antrieben und integrierten Endlagenscha;Universum Jalousienaktor Funk, 6A/230V
Empfängt und steuert Rollladen und Jalousieantriebe mit 230V Antrieben und integrierten Endlagenscha
Empfängt und steuert Rollladen und
Jalousieantriebe mit 230V Antrieben und
integrierten Endlagenschalter.
Abmessung: 26x49x45,5mm, Versorgung:
230V AC, 50 Hz, Anschlüsse 1,5 qmm,
Schutzart: IP 20, Last: 230VAC - 6A
ohmsche Last, Reichweite: ~2-3 Mauern
oder ~30m im Gebäude, Vorsicherung: LS
16A, Kennlinie B, Einsatzbereich: -5 bis
+40°C. Einbau in Unterputzdose o.ä..
Integration in Universum Hausmanagement
mittels Gateway möglich.;Empfängt und steuert Rollladen und Jalousieantriebe mit 230V Antrieben und integrierten Endlagenscha;Universum Jalousienaktor Funk, 6A/230V
Empfängt und steuert Rollladen und Jalousieantriebe mit 230V Antrieben und integrierten Endlagenscha
Empfängt und steuert Rollladen und
Jalousieantriebe mit 230V Antrieben und
integrierten Endlagenschalter.
Abmessung: 26x49x45,5mm, Versorgung:
230V AC, 50 Hz, Anschlüsse 1,5 qmm,
Schutzart: IP 20, Last: 230VAC - 6A
ohmsche Last, Reichweite: ~2-3 Mauern
oder ~30m im Gebäude, Vorsicherung: LS
16A, Kennlinie B, Einsatzbereich: -5 bis
+40°C. Einbau in Unterputzdose o.ä..
Integration in Universum Hausmanagement
mittels Gateway möglich.;Stk;;;;;
UF11;Universum Dimmaktor, 250VA/230VAC;189,5;Stk;1;Empfängt und schaltet/dimmt beliebige elektrische Glühlampen und elektronische NV-Halogentrafos. Abm;Universum Dimmaktor, 250VA/230VAC
Empfängt und schaltet/dimmt beliebige elektrische Glühlampen und elektronische NV-Halogentrafos. Abm
Empfängt und schaltet/dimmt beliebige
elektrische Glühlampen und elektronische
NV-Halogentrafos. Abmessung:
26x49,5x45,5mm, Versorgung: 230V AC,
50 Hz, Anschlüsse: 1,5 qmm, Schutzart:
IP 20, Last: 230VAC 250W,
Phasenabschnittsteuerung, Reichweite:
~2-3 Mauern oder ~30m im Gebäude,
Vorsicherung: LS 16A, Kennlinie B,
Einsatzbereich -5 bis +40°C. Einbau in
Unterputzdose o.ä.;Empfängt und schaltet/dimmt beliebige elektrische Glühlampen und elektronische NV-Halogentrafos. Abm;Universum Dimmaktor, 250VA/230VAC
Empfängt und schaltet/dimmt beliebige elektrische Glühlampen und elektronische NV-Halogentrafos. Abm
Empfängt und schaltet/dimmt beliebige
elektrische Glühlampen und elektronische
NV-Halogentrafos. Abmessung:
26x49,5x45,5mm, Versorgung: 230V AC,
50 Hz, Anschlüsse: 1,5 qmm, Schutzart:
IP 20, Last: 230VAC 250W,
Phasenabschnittsteuerung, Reichweite:
~2-3 Mauern oder ~30m im Gebäude,
Vorsicherung: LS 16A, Kennlinie B,
Einsatzbereich -5 bis +40°C. Einbau in
Unterputzdose o.ä.;Stk;;;;;
UF12;Universum Binäreingang Funk 230V;173;Stk;1;Der Binäreingang sendet Eingangssignale von z.B. Fensterkontakten oder von anderen Signalkontakten a;Universum Binäreingang Funk 230V
Der Binäreingang sendet Eingangssignale von z.B. Fensterkontakten oder von anderen Signalkontakten a
Der Binäreingang sendet Eingangssignale
von z.B. Fensterkontakten oder von
anderen Signalkontakten an die
Elektroinstallation. Ebmessung:
26x49,5x45,5mm, Versorgung: 230V AC, 50
Hz, Anschlüsse 1,5 qmm, Schutzart: IP
20, Last: max 250Veff - bis 195Veff EIN,
bis 110 Veff AUS, Reichweite: ~2-3
Mauern oder ~30m im Gebäude,
Vorsicherung: LS 16A, Kennlinie B,
Einsatzbereich -5 bis +40°C. Einbau in
Unterputzdose o.ä.;Der Binäreingang sendet Eingangssignale von z.B. Fensterkontakten oder von anderen Signalkontakten a;Universum Binäreingang Funk 230V
Der Binäreingang sendet Eingangssignale von z.B. Fensterkontakten oder von anderen Signalkontakten a
Der Binäreingang sendet Eingangssignale
von z.B. Fensterkontakten oder von
anderen Signalkontakten an die
Elektroinstallation. Ebmessung:
26x49,5x45,5mm, Versorgung: 230V AC, 50
Hz, Anschlüsse 1,5 qmm, Schutzart: IP
20, Last: max 250Veff - bis 195Veff EIN,
bis 110 Veff AUS, Reichweite: ~2-3
Mauern oder ~30m im Gebäude,
Vorsicherung: LS 16A, Kennlinie B,
Einsatzbereich -5 bis +40°C. Einbau in
Unterputzdose o.ä.;Stk;;;;;
UF13;Universum Binäreingang potentialfrei;197,6;Stk;1;Sendet potentialfreie Eingangssignale von z.B. Fensterkontakten oder von anderen Signalkontakten an;Universum Binäreingang potentialfrei
Sendet potentialfreie Eingangssignale von z.B. Fensterkontakten oder von anderen Signalkontakten an
Sendet potentialfreie Eingangssignale
von z.B. Fensterkontakten oder von
anderen Signalkontakten an die
Elektroinstallation. Abmessung:
18,5x52x46mm, Versorgung: 3V
(Lebensdauer 5-7 Jahre), Schutzart: IP
20, Reichweite: ~2-3 Mauern oder ~30m im
Gebäude, Anschlüsse: 4polige
Klemmleiste, Eingangsspannung:
2xBinäreingang bis max. 220 Ohm EIN ab
min. 10kOhm AUS, Einsatzbereich: -5 bis
+40°C. Einbau in Unterputzdose o.ä..
Integration in Universum Hausmanagement
mittels Gateway möglich.;Sendet potentialfreie Eingangssignale von z.B. Fensterkontakten oder von anderen Signalkontakten an;Universum Binäreingang potentialfrei
Sendet potentialfreie Eingangssignale von z.B. Fensterkontakten oder von anderen Signalkontakten an
Sendet potentialfreie Eingangssignale
von z.B. Fensterkontakten oder von
anderen Signalkontakten an die
Elektroinstallation. Abmessung:
18,5x52x46mm, Versorgung: 3V
(Lebensdauer 5-7 Jahre), Schutzart: IP
20, Reichweite: ~2-3 Mauern oder ~30m im
Gebäude, Anschlüsse: 4polige
Klemmleiste, Eingangsspannung:
2xBinäreingang bis max. 220 Ohm EIN ab
min. 10kOhm AUS, Einsatzbereich: -5 bis
+40°C. Einbau in Unterputzdose o.ä..
Integration in Universum Hausmanagement
mittels Gateway möglich.;Stk;;;;;
UF14;Universum Temperatureingang;173;Stk;1;Erfasst Temperatursignale. Messbereich: -50 bis +180°C. Abmessung: 18,5x52x46mm, Versorgung: 3 V (Le;Universum Temperatureingang
Erfasst Temperatursignale. Messbereich: -50 bis +180°C. Abmessung: 18,5x52x46mm, Versorgung: 3 V (Le
Erfasst Temperatursignale. Messbereich:
-50 bis +180°C. Abmessung: 18,5x52x46mm,
Versorgung: 3V (Lebensdauer 5-7 Jahre),
Schutzart: IP 20, Reichweite: ~2-3
Mauern oder ~30m im Gebäude, Anschlüsse:
4polige Klemmleiste, Eingangsspannung:
2xPT100, Einsatzbereich: -5 bis +40°C.
Einbau in Unterputzdose o.ä..
Integration in Universum Hausmanagement
mitttels Gateway möglich.;Erfasst Temperatursignale. Messbereich: -50 bis +180°C. Abmessung: 18,5x52x46mm, Versorgung: 3 V (Le;Universum Temperatureingang
Erfasst Temperatursignale. Messbereich: -50 bis +180°C. Abmessung: 18,5x52x46mm, Versorgung: 3 V (Le
Erfasst Temperatursignale. Messbereich:
-50 bis +180°C. Abmessung: 18,5x52x46mm,
Versorgung: 3V (Lebensdauer 5-7 Jahre),
Schutzart: IP 20, Reichweite: ~2-3
Mauern oder ~30m im Gebäude, Anschlüsse:
4polige Klemmleiste, Eingangsspannung:
2xPT100, Einsatzbereich: -5 bis +40°C.
Einbau in Unterputzdose o.ä..
Integration in Universum Hausmanagement
mitttels Gateway möglich.;Stk;;;;;
UF15;Universum Temperatursensor;74,3;Stk;1;Temperatursensor PT1000passend zu Temperatureingang(UF14);Universum Temperatursensor
Temperatursensor PT1000passend zu Temperatureingang(UF14);Temperatursensor PT1000passend zu Temperatureingang(UF14);Universum Temperatursensor
Temperatursensor PT1000passend zu Temperatureingang(UF14);Stk;;;;;
UF16;Universum Raumcontroller FUNK HMS;230,8;Stk;1;Werkseitig für die Integration in das Universum HMS voreingestellt;Universum Raumcontroller FUNK HMS
Werkseitig für die Integration in das Universum HMS voreingestellt
Der Raumcontroller erfasst die
Temperatur.
Sollwertänderung durch Stellrad,
Basiseinstellung (Thermostat-
betrieb): 21°C, Einsatzbereich:
+5 bis 40°C, Abmessung: 26x75x75 mm, 
Versorgung: 3V (2xAAA - Lebensdauer ca.
5-7 Jahre), Reichweite: ~2-3 Mauern oder
~ 30 m im Gebäude, Schutzart: IP20,
Integration in Universum Hausmanagement
mittels Gateway möglich.;Werkseitig für die Integration in das Universum HMS voreingestellt;Universum Raumcontroller FUNK HMS
Werkseitig für die Integration in das Universum HMS voreingestellt
Der Raumcontroller erfasst die
Temperatur.
Sollwertänderung durch Stellrad,
Basiseinstellung (Thermostat-
betrieb): 21°C, Einsatzbereich:
+5 bis 40°C, Abmessung: 26x75x75 mm, 
Versorgung: 3V (2xAAA - Lebensdauer ca.
5-7 Jahre), Reichweite: ~2-3 Mauern oder
~ 30 m im Gebäude, Schutzart: IP20,
Integration in Universum Hausmanagement
mittels Gateway möglich.;Stk;;;;;
UH01;Harreither Universum Pro (Bedienzentrale);2437;Stk;1;Maße: 190*100*27mm(B/H/T)Einsatzbereich:+5 bis +40°C, mit grafikfähigem 3,5TFTDisplay und selbsterkl;Harreither Universum Pro (Bedienzentrale)
Maße: 190*100*27mm(B/H/T)Einsatzbereich:+5 bis +40°C, mit grafikfähigem 3,5TFTDisplay und selbsterkl
Universum© Pro
Mit grafikfähigem 3,2" TFT-Display.
Selbsterklärende
Bedienführung durch die einzelnen
Menüpunkte
über Funktionstasten. Montage auf
Unterputzdose.
Spannungsversorgung über Busleitung.
Datenleitungsanschlüsse: CAN 4-polig
inkl. Jumper, CAN
3-polig inkl. Jumper, 1x Ethernet, WiFi;Maße: 190*100*27mm(B/H/T)Einsatzbereich:+5 bis +40°C, mit grafikfähigem 3,5TFTDisplay und selbsterkl;Harreither Universum Pro (Bedienzentrale)
Maße: 190*100*27mm(B/H/T)Einsatzbereich:+5 bis +40°C, mit grafikfähigem 3,5TFTDisplay und selbsterkl
Universum© Pro
Mit grafikfähigem 3,2" TFT-Display.
Selbsterklärende
Bedienführung durch die einzelnen
Menüpunkte
über Funktionstasten. Montage auf
Unterputzdose.
Spannungsversorgung über Busleitung.
Datenleitungsanschlüsse: CAN 4-polig
inkl. Jumper, CAN
3-polig inkl. Jumper, 1x Ethernet, WiFi;Stk;;;;;
UH02;Harreither Universum Basis Modul;1468;Stk;1;Maße: 210x86x58mm(B/H/T)Einsatzbereich:+5 bis +40°C, mit Netzwerkanschluss (RJ45 Buchse), WLANund US;Harreither Universum Basis Modul
Maße: 210x86x58mm(B/H/T)Einsatzbereich:+5 bis +40°C, mit Netzwerkanschluss (RJ45 Buchse), WLANund US
Anschlüsse: USB-C, 2x CAN/CAN FD, WiFi,
LAN
2 analoge Eingänge 0-10VDC
2 analoge Ausgänge 0-10V oder PWM-Signal
8 Eingänge, Temperatur/Endschalter
3 Ausgänge potentialfrei
7 Ausgänge 230V/3A (Summe max. 6A);Maße: 210x86x58mm(B/H/T)Einsatzbereich:+5 bis +40°C, mit Netzwerkanschluss (RJ45 Buchse), WLANund US;Harreither Universum Basis Modul
Maße: 210x86x58mm(B/H/T)Einsatzbereich:+5 bis +40°C, mit Netzwerkanschluss (RJ45 Buchse), WLANund US
Anschlüsse: USB-C, 2x CAN/CAN FD, WiFi,
LAN
2 analoge Eingänge 0-10VDC
2 analoge Ausgänge 0-10V oder PWM-Signal
8 Eingänge, Temperatur/Endschalter
3 Ausgänge potentialfrei
7 Ausgänge 230V/3A (Summe max. 6A);Stk;;;;;
UH05;Harreither Universum E/A Modul (Regler);765;Stk;1;Abmessungen 157x86x582 Analoge Eingänge 0-10VDC2 Analoge Ausgänge 0-10Voder PWM Signal,8 Eingänge Te;Harreither Universum E/A Modul (Regler)
Abmessungen 157x86x582 Analoge Eingänge 0-10VDC2 Analoge Ausgänge 0-10Voder PWM Signal,8 Eingänge Te
Anschlüsse: 2x CAN/CAN FD
2 analoge Eingänge 0-10VDC
2 analoge Ausgänge 0-10V oder PWM-Signal
8 Eingänge, Temperatur/Endschalter
3 Ausgänge potentialfrei
7 Ausgänge 230V/3A (Summe max. 6A);Abmessungen 157x86x582 Analoge Eingänge 0-10VDC2 Analoge Ausgänge 0-10Voder PWM Signal,8 Eingänge Te;Harreither Universum E/A Modul (Regler)
Abmessungen 157x86x582 Analoge Eingänge 0-10VDC2 Analoge Ausgänge 0-10Voder PWM Signal,8 Eingänge Te
Anschlüsse: 2x CAN/CAN FD
2 analoge Eingänge 0-10VDC
2 analoge Ausgänge 0-10V oder PWM-Signal
8 Eingänge, Temperatur/Endschalter
3 Ausgänge potentialfrei
7 Ausgänge 230V/3A (Summe max. 6A);Stk;;;;;
UH61;USB-C Kabel für Bedienzentrale;30,7;Stk;1;USB 2.0 auf USB-C, für Universum Pro und Basismobul (UH01, UH02),Länge ca. 1,8 m;USB-C Kabel für Bedienzentrale
USB 2.0 auf USB-C, für Universum Pro und Basismobul (UH01, UH02),Länge ca. 1,8 m;USB 2.0 auf USB-C, für Universum Pro und Basismobul (UH01, UH02),Länge ca. 1,8 m;USB-C Kabel für Bedienzentrale
USB 2.0 auf USB-C, für Universum Pro und Basismobul (UH01, UH02),Länge ca. 1,8 m;Stk;;;;;
UH62;USB-C Winkelstecker für Basismodul;9,47;Stk;1;(für den Einbau in einen Schaltschrank);USB-C Winkelstecker für Basismodul
(für den Einbau in einen Schaltschrank);(für den Einbau in einen Schaltschrank);USB-C Winkelstecker für Basismodul
(für den Einbau in einen Schaltschrank);Stk;;;;;
UN12;Busleitung 4-polig per lfm (VPE 100 lfm);1,26;Lfm;100;Blanke, feindrähtige Kupferleiter,Aderisolation aus PVC, Adern färbig undin Lagen verseilt, 1 LageKu;Busleitung 4-polig per lfm (VPE 100 lfm)
Blanke, feindrähtige Kupferleiter,Aderisolation aus PVC, Adern färbig undin Lagen verseilt, 1 LageKu
Blanke, feindrähtige Kupferleiter,
Aderisolation aus PVC, Adern färbig und
in Lagen verseilt, 1 Lage
Kunststofffolie, Abschirmung aus
verzinntem Kupfergeflecht, Aussenmantel
PVC
Aderzahl: 4 x 0,34 qmm
VPE: 100 lfm;Blanke, feindrähtige Kupferleiter,Aderisolation aus PVC, Adern färbig undin Lagen verseilt, 1 LageKu;Busleitung 4-polig per lfm (VPE 100 lfm)
Blanke, feindrähtige Kupferleiter,Aderisolation aus PVC, Adern färbig undin Lagen verseilt, 1 LageKu
Blanke, feindrähtige Kupferleiter,
Aderisolation aus PVC, Adern färbig und
in Lagen verseilt, 1 Lage
Kunststofffolie, Abschirmung aus
verzinntem Kupfergeflecht, Aussenmantel
PVC
Aderzahl: 4 x 0,34 qmm
VPE: 100 lfm;Lfm;;;;;
UN13;Bustester;70;Stk;1;zum Prüfen von Busnetzen, Feststellung von Verdrahtungs-fehlern u. ordnungsgemäßerKommunikation.;Bustester
zum Prüfen von Busnetzen, Feststellung von Verdrahtungs-fehlern u. ordnungsgemäßerKommunikation.
zum Prüfen von Busnetzen, Feststellung
von Verdrahtungsfehlern und ordnungs-
gemäßer Kommunikation;zum Prüfen von Busnetzen, Feststellung von Verdrahtungs-fehlern u. ordnungsgemäßerKommunikation.;Bustester
zum Prüfen von Busnetzen, Feststellung von Verdrahtungs-fehlern u. ordnungsgemäßerKommunikation.
zum Prüfen von Busnetzen, Feststellung
von Verdrahtungsfehlern und ordnungs-
gemäßer Kommunikation;Stk;;;;;
UN14;Musterkoffer für Vorführung Universum;1770;Stk;1;als optimale Unterstützung bei Kundenberatungen, ohne Universumkomponenten, fertig verdrahtet;Musterkoffer für Vorführung Universum
als optimale Unterstützung bei Kundenberatungen, ohne Universumkomponenten, fertig verdrahtet
als optimale Unterstützung bei
Kundenberatungen, ohne
Universumkomponenten, fertig verdrahtet;als optimale Unterstützung bei Kundenberatungen, ohne Universumkomponenten, fertig verdrahtet;Musterkoffer für Vorführung Universum
als optimale Unterstützung bei Kundenberatungen, ohne Universumkomponenten, fertig verdrahtet
als optimale Unterstützung bei
Kundenberatungen, ohne
Universumkomponenten, fertig verdrahtet;Stk;;;;;
UN21;Analog Eingangsmodul mini (HAE4);451,7;Stk;1;zu Messung von bis zu 4 Spannungs- und/oder Stromsignalen, vielseitig einsetzbar, z.B. zurMesswerter;Analog Eingangsmodul mini (HAE4)
zu Messung von bis zu 4 Spannungs- und/oder Stromsignalen, vielseitig einsetzbar, z.B. zurMesswerter
zur Messung von bis zu 4 Spannungs- und
Stromsignalen, vielseitig einsetzbar, zB
zur Mehrwerterfassung von
Füllstandsonden, Luftqualitätsfühler,
Feuchtefühler, Strahlungssensoren,
Windgeschwindigkeitsfühler, etc. CAN
busfähig
Zubehör:Schaltnetzteil 24 VDC (US34)
CAN Repeater (UN11)
ACHTUNG! Lieferung erfolgt ohne Zusatz-
komponenten;zu Messung von bis zu 4 Spannungs- und/oder Stromsignalen, vielseitig einsetzbar, z.B. zurMesswerter;Analog Eingangsmodul mini (HAE4)
zu Messung von bis zu 4 Spannungs- und/oder Stromsignalen, vielseitig einsetzbar, z.B. zurMesswerter
zur Messung von bis zu 4 Spannungs- und
Stromsignalen, vielseitig einsetzbar, zB
zur Mehrwerterfassung von
Füllstandsonden, Luftqualitätsfühler,
Feuchtefühler, Strahlungssensoren,
Windgeschwindigkeitsfühler, etc. CAN
busfähig
Zubehör:Schaltnetzteil 24 VDC (US34)
CAN Repeater (UN11)
ACHTUNG! Lieferung erfolgt ohne Zusatz-
komponenten;Stk;;;;;
UN22;Analog Ausgangsmodul mini (HAA4);451,7;Stk;1;zur Ausgabe von 4 Spannungssignalen(0-10V), vielseitig einsetzbar, zBAnsteuerung von stetigenMischve;Analog Ausgangsmodul mini (HAA4)
zur Ausgabe von 4 Spannungssignalen(0-10V), vielseitig einsetzbar, zBAnsteuerung von stetigenMischve
zur Ausgabe von 4 Spannungssignalen
(0-10V), vielseitig einsetzbar, zB
Ansteuerung von stetigen
Mischventilantrieben,
Luftklappenantrieben, CAN busfähig
Zubehör:Schaltnetzteil 24 VDC (US34)
CAN Repeater (UN11)
ACHTUNG! Lieferung erfolgt ohne Zusatz-
komponenten;zur Ausgabe von 4 Spannungssignalen(0-10V), vielseitig einsetzbar, zBAnsteuerung von stetigenMischve;Analog Ausgangsmodul mini (HAA4)
zur Ausgabe von 4 Spannungssignalen(0-10V), vielseitig einsetzbar, zBAnsteuerung von stetigenMischve
zur Ausgabe von 4 Spannungssignalen
(0-10V), vielseitig einsetzbar, zB
Ansteuerung von stetigen
Mischventilantrieben,
Luftklappenantrieben, CAN busfähig
Zubehör:Schaltnetzteil 24 VDC (US34)
CAN Repeater (UN11)
ACHTUNG! Lieferung erfolgt ohne Zusatz-
komponenten;Stk;;;;;
UN23;UNIVERSUM - Klappenantrieb (analog);408;Stk;1;Klappenantrieb zur Betätigung vonLuftklappen, Versorgung 24 V AC/DC,Ansteuerungstetig, Drehmoment 18;UNIVERSUM - Klappenantrieb (analog)
Klappenantrieb zur Betätigung vonLuftklappen, Versorgung 24 V AC/DC,Ansteuerungstetig, Drehmoment 18
Klappenantrieb zur Betätigung von
Luftklappen, Versorgung 24 V AC/DC,
Ansteuerung
stetig, Drehmoment 18 Nm, Laufzeit 150 s
Arbeitsbereich DC 2 bis 10 V, für Luft-
klappen bis max 3,6 qm geeignet;Klappenantrieb zur Betätigung vonLuftklappen, Versorgung 24 V AC/DC,Ansteuerungstetig, Drehmoment 18;UNIVERSUM - Klappenantrieb (analog)
Klappenantrieb zur Betätigung vonLuftklappen, Versorgung 24 V AC/DC,Ansteuerungstetig, Drehmoment 18
Klappenantrieb zur Betätigung von
Luftklappen, Versorgung 24 V AC/DC,
Ansteuerung
stetig, Drehmoment 18 Nm, Laufzeit 150 s
Arbeitsbereich DC 2 bis 10 V, für Luft-
klappen bis max 3,6 qm geeignet;Stk;;;;;
UN24;UNIVERSUM-Klappantrieb SM230;274,5;Stk;1;Klappenantrieb zur Betätigung vonLuftklappen, Versorgung 230 V AC,Ansteuerung Auf-Zuoder 3-Punkt, Dr;UNIVERSUM-Klappantrieb SM230
Klappenantrieb zur Betätigung vonLuftklappen, Versorgung 230 V AC,Ansteuerung Auf-Zuoder 3-Punkt, Dr
Klappenantrieb zur Betätigung von
Luftklappen, Versorgung 230 V AC,
Ansteuerung Auf-Zu
oder 3-Punkt, Drehsinn umkehrbar,
integrierte Drehwinkelbegrenzung für
Luftklappen bis maximal 3,6 qm geeignet.
Drehmoment 18 Nm;Klappenantrieb zur Betätigung vonLuftklappen, Versorgung 230 V AC,Ansteuerung Auf-Zuoder 3-Punkt, Dr;UNIVERSUM-Klappantrieb SM230
Klappenantrieb zur Betätigung vonLuftklappen, Versorgung 230 V AC,Ansteuerung Auf-Zuoder 3-Punkt, Dr
Klappenantrieb zur Betätigung von
Luftklappen, Versorgung 230 V AC,
Ansteuerung Auf-Zu
oder 3-Punkt, Drehsinn umkehrbar,
integrierte Drehwinkelbegrenzung für
Luftklappen bis maximal 3,6 qm geeignet.
Drehmoment 18 Nm;Stk;;;;;
UN33;Universum Schaltschrankgehäuse AP, 1-reihig, 12TE;76,3;Stk;1;;Universum Schaltschrankgehäuse AP, 1-reihig, 12TE
;;Universum Schaltschrankgehäuse AP, 1-reihig, 12TE
;Stk;;;;;
UN34;Universum Schaltschrankgehäuse AP, 2-reihig, 24TE;164,3;Stk;1;;Universum Schaltschrankgehäuse AP, 2-reihig, 24TE
;;Universum Schaltschrankgehäuse AP, 2-reihig, 24TE
;Stk;;;;;
UN35;Universum Schaltschrankgehäuse AP, 3-reihig, 36TE;223,1;Stk;1;Softwarelizenz für eine Anlagengrößebis 64 Variablen;Universum Schaltschrankgehäuse AP, 3-reihig, 36TE
Softwarelizenz für eine Anlagengrößebis 64 Variablen;Softwarelizenz für eine Anlagengrößebis 64 Variablen;Universum Schaltschrankgehäuse AP, 3-reihig, 36TE
Softwarelizenz für eine Anlagengrößebis 64 Variablen;Stk;;;;;
UN39;USB-RS232 Adapter für Bedienzentrale;27,1;Stk;1;Einfacher Anschluss von seriellen Geräten über einen USB-Port.;USB-RS232 Adapter für Bedienzentrale
Einfacher Anschluss von seriellen Geräten über einen USB-Port.
"Einfacher Anschluss von seriellen Gerät;Einfacher Anschluss von seriellen Geräten über einen USB-Port.;USB-RS232 Adapter für Bedienzentrale
Einfacher Anschluss von seriellen Geräten über einen USB-Port.
"Einfacher Anschluss von seriellen Gerät;Stk;;;;;
UN44R;UNIVERSUM Busabschluß (Jumper) Länge 14mm, rot;0,51;Stk;10;;UNIVERSUM Busabschluß (Jumper) Länge 14mm, rot
;;UNIVERSUM Busabschluß (Jumper) Länge 14mm, rot
;Stk;;;;;
UN53;Blinddeckel für Raumcontroller;4,53;Stk;1;Oberteile ohne Stellrad;Blinddeckel für Raumcontroller
Oberteile ohne Stellrad
Oberteile ohne Stellrad;Oberteile ohne Stellrad;Blinddeckel für Raumcontroller
Oberteile ohne Stellrad
Oberteile ohne Stellrad;Stk;;;;;
UN54;Deckel mit Bereichseingrenzung f.RC;4,53;Stk;1;Deckel mit Bereichseingrenzung (keine Endlagen);Deckel mit Bereichseingrenzung f.RC
Deckel mit Bereichseingrenzung (keine Endlagen)
Deckel mit Bereichseingrenzung 
(keine Endlagen);Deckel mit Bereichseingrenzung (keine Endlagen);Deckel mit Bereichseingrenzung f.RC
Deckel mit Bereichseingrenzung (keine Endlagen)
Deckel mit Bereichseingrenzung 
(keine Endlagen);Stk;;;;;
UN55;Universum-Raumcontroller Display;675;Stk;1;Elektronischer Raumtemperaturregler mit erweiterter Funktion Für Fernbedienung und -AnzeigeBedienung;Universum-Raumcontroller Display
Elektronischer Raumtemperaturregler mit erweiterter Funktion Für Fernbedienung und -AnzeigeBedienung
Elektronischer Raumtemperaturregler mit
erweiterter Funktion Für Fernbedienung
und -Anzeige Bedienung über 
4 Funktionstasten, mehrzeilige 
hintergrundbeleuchtete Displayanzeige.;Elektronischer Raumtemperaturregler mit erweiterter Funktion Für Fernbedienung und -AnzeigeBedienung;Universum-Raumcontroller Display
Elektronischer Raumtemperaturregler mit erweiterter Funktion Für Fernbedienung und -AnzeigeBedienung
Elektronischer Raumtemperaturregler mit
erweiterter Funktion Für Fernbedienung
und -Anzeige Bedienung über 
4 Funktionstasten, mehrzeilige 
hintergrundbeleuchtete Displayanzeige.;Stk;;;;;
UN58;Verbindungskabel 3m für BZ;40,2;Stk;1;Länge 3m, mit RJ12 Stecker beidseitig;Verbindungskabel 3m für BZ
Länge 3m, mit RJ12 Stecker beidseitig
Länge 3m, mit RJ12 Stecker beidseitig;Länge 3m, mit RJ12 Stecker beidseitig;Verbindungskabel 3m für BZ
Länge 3m, mit RJ12 Stecker beidseitig
Länge 3m, mit RJ12 Stecker beidseitig;Stk;;;;;
UN59;Verbindungskabel 6m für BZ;45,9;Stk;1;Länge 6m, RJ12 Stecker beidseitig;Verbindungskabel 6m für BZ
Länge 6m, RJ12 Stecker beidseitig
Länge 6m, RJ12 Stecker beidseitig;Länge 6m, RJ12 Stecker beidseitig;Verbindungskabel 6m für BZ
Länge 6m, RJ12 Stecker beidseitig
Länge 6m, RJ12 Stecker beidseitig;Stk;;;;;
UN60;Verbindungskabel 10m für BZ;64;Stk;1;Länge 10m, RJ12 Stecker beidseitig;Verbindungskabel 10m für BZ
Länge 10m, RJ12 Stecker beidseitig
Länge 10m, RJ12 Stecker beidseitig;Länge 10m, RJ12 Stecker beidseitig;Verbindungskabel 10m für BZ
Länge 10m, RJ12 Stecker beidseitig
Länge 10m, RJ12 Stecker beidseitig;Stk;;;;;
UN61;USB Kabel für Bedienzentrale;40,2;Stk;1;Zur Programmierung vor OrtUSB auf USB mini, 1,5m;USB Kabel für Bedienzentrale
Zur Programmierung vor OrtUSB auf USB mini, 1,5m
Zur Programmierung vor Ort
USB auf USB mini, 1,5m;Zur Programmierung vor OrtUSB auf USB mini, 1,5m;USB Kabel für Bedienzentrale
Zur Programmierung vor OrtUSB auf USB mini, 1,5m
Zur Programmierung vor Ort
USB auf USB mini, 1,5m;Stk;;;;;
UN62;Steckernetzgerät 12 VDC für BZ;91,8;Stk;1;zur unabhängigen Spannungsversorgungfür Servicezwecke 230V/12 VDC 10 Watt;Steckernetzgerät 12 VDC für BZ
zur unabhängigen Spannungsversorgungfür Servicezwecke 230V/12 VDC 10 Watt
zur unabhängigen Spannungsversorgung
für Servicezwecke 230V/12 VDC 10 Watt;zur unabhängigen Spannungsversorgungfür Servicezwecke 230V/12 VDC 10 Watt;Steckernetzgerät 12 VDC für BZ
zur unabhängigen Spannungsversorgungfür Servicezwecke 230V/12 VDC 10 Watt
zur unabhängigen Spannungsversorgung
für Servicezwecke 230V/12 VDC 10 Watt;Stk;;;;;
UN63;Netzgerät 24 VDC für BZ;255,3;Stk;1;zur unabhängigen Spannungsversorgungder Bedienzentrale.Hutschienengehäuse: 230/24VDVstabilisiert;Netzgerät 24 VDC für BZ
zur unabhängigen Spannungsversorgungder Bedienzentrale.Hutschienengehäuse: 230/24VDVstabilisiert
zur unabhängigen Spannungsversorgung
der Bedienzentrale.
Hutschienengehäuse: 230/24VDV
stabilisiert;zur unabhängigen Spannungsversorgungder Bedienzentrale.Hutschienengehäuse: 230/24VDVstabilisiert;Netzgerät 24 VDC für BZ
zur unabhängigen Spannungsversorgungder Bedienzentrale.Hutschienengehäuse: 230/24VDVstabilisiert
zur unabhängigen Spannungsversorgung
der Bedienzentrale.
Hutschienengehäuse: 230/24VDV
stabilisiert;Stk;;;;;
UN64;Universum RS232 Modem-Adapter RJ-System;27,7;Stk;1;Stecker zum Verbinden von Endgeräten mit serieller Schnittstelle (Modem, LAN-Modem, etc.);Universum RS232 Modem-Adapter RJ-System
Stecker zum Verbinden von Endgeräten mit serieller Schnittstelle (Modem, LAN-Modem, etc.)
Stecker zum vebinden von Endgeräten 
mit serieller Schnittstelle
(Modem, LAN-Modem, etc.);Stecker zum Verbinden von Endgeräten mit serieller Schnittstelle (Modem, LAN-Modem, etc.);Universum RS232 Modem-Adapter RJ-System
Stecker zum Verbinden von Endgeräten mit serieller Schnittstelle (Modem, LAN-Modem, etc.)
Stecker zum vebinden von Endgeräten 
mit serieller Schnittstelle
(Modem, LAN-Modem, etc.);Stk;;;;;
UN65;Universum RS232 PC-Adapter RJ System;27,7;Stk;1;Buchse ausgekreuzt, zum direkten Verbindenmit dem PC;Universum RS232 PC-Adapter RJ System
Buchse ausgekreuzt, zum direkten Verbindenmit dem PC
Buchse ausgekreuzt, zum direkten
verbinden mit dem PC;Buchse ausgekreuzt, zum direkten Verbindenmit dem PC;Universum RS232 PC-Adapter RJ System
Buchse ausgekreuzt, zum direkten Verbindenmit dem PC
Buchse ausgekreuzt, zum direkten
verbinden mit dem PC;Stk;;;;;
UN67;Universum RJ 45 Netzwerkanschlussset;32,3;Stk;1;bestehend aus RJ45 Netzwerk Anschlusskabel hochflexibel CAT 6 Länge 15cm und RJ45 Doppelkupplung, be;Universum RJ 45 Netzwerkanschlussset
bestehend aus RJ45 Netzwerk Anschlusskabel hochflexibel CAT 6 Länge 15cm und RJ45 Doppelkupplung, be
bestehend aus RJ45 Netzwerk
Anschlusskabel hochflexibel CAT 6 Länge
10cm und RJ45 Doppelkupplung, bei
Wandmontage von Bedienzentralen
empfohlen.;bestehend aus RJ45 Netzwerk Anschlusskabel hochflexibel CAT 6 Länge 15cm und RJ45 Doppelkupplung, be;Universum RJ 45 Netzwerkanschlussset
bestehend aus RJ45 Netzwerk Anschlusskabel hochflexibel CAT 6 Länge 15cm und RJ45 Doppelkupplung, be
bestehend aus RJ45 Netzwerk
Anschlusskabel hochflexibel CAT 6 Länge
10cm und RJ45 Doppelkupplung, bei
Wandmontage von Bedienzentralen
empfohlen.;Stk;;;;;
UN68;Universum Schaltnetzteil für Busspannungsverstärkung 15-19V;114,3;Stk;;;Universum Schaltnetzteil für Busspannungsverstärkung 15-19V
;;Universum Schaltnetzteil für Busspannungsverstärkung 15-19V
;Stk;;;;;
UN70;Universum Bedienzentrale V 6.0 Vollversion;2565;Stk;1;Maße: 187*96*28mm(B/H/T)Einsatzbereich:+5 bis +40°C, mit grafikfähigem 3,2TFTDisplay und selbsterklä;Universum Bedienzentrale V 6.0 Vollversion
Maße: 187*96*28mm(B/H/T)Einsatzbereich:+5 bis +40°C, mit grafikfähigem 3,2TFTDisplay und selbsterklä
Maße: 187*96*28mm
(B/H/T)Einsatzbereich:
+5 bis +40°C, mit grafikfähigem 3,2"TFT
Display und selbsterklärender
Bedienführung durch die einzelnen
Menüpunkte über Drehgeber und 4
Funktionstasten, Montage auf
Unterputzdose, Spannnungsversorgung
über Busleitung, Datenleitungsanschluß 
2 serielle Schnittstellen,
Netzwerkanschluss (RJ45 Buchse)
und USB mini.;Maße: 187*96*28mm(B/H/T)Einsatzbereich:+5 bis +40°C, mit grafikfähigem 3,2TFTDisplay und selbsterklä;Universum Bedienzentrale V 6.0 Vollversion
Maße: 187*96*28mm(B/H/T)Einsatzbereich:+5 bis +40°C, mit grafikfähigem 3,2TFTDisplay und selbsterklä
Maße: 187*96*28mm
(B/H/T)Einsatzbereich:
+5 bis +40°C, mit grafikfähigem 3,2"TFT
Display und selbsterklärender
Bedienführung durch die einzelnen
Menüpunkte über Drehgeber und 4
Funktionstasten, Montage auf
Unterputzdose, Spannnungsversorgung
über Busleitung, Datenleitungsanschluß 
2 serielle Schnittstellen,
Netzwerkanschluss (RJ45 Buchse)
und USB mini.;Stk;;;;;
UN72;Universum Bedienzentrale V 6.0 Light;1796;Stk;1;Ausführung LIGHTmaximal 2 Universum®- Regler möglich;Universum Bedienzentrale V 6.0 Light
Ausführung LIGHTmaximal 2 Universum®- Regler möglich
Maße: 187*96*28mm
(B/H/T)Einsatzbereich:
+5 bis +40°C, mit grafikfähigem 3,2"TFT
Display und selbsterklärender
Bedienführung durch die einzelnen
Menüpunkte über Drehgeber und 4
Funktionstasten, Montage auf
Unterputzdose, Spannnungsversorgung
über Busleitung, Datenleitungsanschluß 
2 serielle Schnittstellen,
Netzwerkanschluss (RJ45 Buchse)
und USB mini.;Ausführung LIGHTmaximal 2 Universum®- Regler möglich;Universum Bedienzentrale V 6.0 Light
Ausführung LIGHTmaximal 2 Universum®- Regler möglich
Maße: 187*96*28mm
(B/H/T)Einsatzbereich:
+5 bis +40°C, mit grafikfähigem 3,2"TFT
Display und selbsterklärender
Bedienführung durch die einzelnen
Menüpunkte über Drehgeber und 4
Funktionstasten, Montage auf
Unterputzdose, Spannnungsversorgung
über Busleitung, Datenleitungsanschluß 
2 serielle Schnittstellen,
Netzwerkanschluss (RJ45 Buchse)
und USB mini.;Stk;;;;;
UN74;Universum-Raumcontroller LED V6.0 weiß;205,6;Stk;1;Elektronischer Raumtemperaturregler in einemformschönen, flachen Design mit Sollwertsteller(+/-3°C),;Universum-Raumcontroller LED V6.0 weiß
Elektronischer Raumtemperaturregler in einemformschönen, flachen Design mit Sollwertsteller(+/-3°C),
Elektronischer Raumtemperaturregler in
einem formschönen, flachen Design mit
Sollwertsteller(+/-3°C), Enstellung für
Frostschutz- bzw.Partyfunktion,
Einsatzbereich: +5° bis +40°C;Elektronischer Raumtemperaturregler in einemformschönen, flachen Design mit Sollwertsteller(+/-3°C),;Universum-Raumcontroller LED V6.0 weiß
Elektronischer Raumtemperaturregler in einemformschönen, flachen Design mit Sollwertsteller(+/-3°C),
Elektronischer Raumtemperaturregler in
einem formschönen, flachen Design mit
Sollwertsteller(+/-3°C), Enstellung für
Frostschutz- bzw.Partyfunktion,
Einsatzbereich: +5° bis +40°C;Stk;;;;;
UN74S;Universum-Raumcontroller LED V6.0 schwarz;226,5;Stk;1;;Universum-Raumcontroller LED V6.0 schwarz
;;Universum-Raumcontroller LED V6.0 schwarz
;Stk;;;;;
UN75;Universum-Raumcontroller FEUCHTE weiß LED V6.0;344,8;Stk;1;Einstellung fürFrostschutz- bzw.Partyfunktion,Einsatzbereich: +5° bis +40°CRC Temperatur und Feuchte;Universum-Raumcontroller FEUCHTE weiß LED V6.0
Einstellung fürFrostschutz- bzw.Partyfunktion,Einsatzbereich: +5° bis +40°CRC Temperatur und Feuchte
Elektronischer Raumtemperaturregler in
einem formschönen, flachen Design mit
Sollwertsteller (+/-3°C), Enstellung für
Frostschutz- bzw.Partyfunktion,
Einsatzbereich: +5° bis +40°C
RC Temperatur und Feuchte, mit
zusätzlichen Feuchtefühler für
Raumfeuchtemessung. 
Einsatzbereich : 10% bis 90% rF;Einstellung fürFrostschutz- bzw.Partyfunktion,Einsatzbereich: +5° bis +40°CRC Temperatur und Feuchte;Universum-Raumcontroller FEUCHTE weiß LED V6.0
Einstellung fürFrostschutz- bzw.Partyfunktion,Einsatzbereich: +5° bis +40°CRC Temperatur und Feuchte
Elektronischer Raumtemperaturregler in
einem formschönen, flachen Design mit
Sollwertsteller (+/-3°C), Enstellung für
Frostschutz- bzw.Partyfunktion,
Einsatzbereich: +5° bis +40°C
RC Temperatur und Feuchte, mit
zusätzlichen Feuchtefühler für
Raumfeuchtemessung. 
Einsatzbereich : 10% bis 90% rF;Stk;;;;;
UN75S;Universum-Raumcontroller FEUCHTE weiß LED V6.0 schwarz;365,7;Stk;1;;Universum-Raumcontroller FEUCHTE weiß LED V6.0 schwarz
;;Universum-Raumcontroller FEUCHTE weiß LED V6.0 schwarz
;Stk;;;;;
UN77;Universum-Regler 03;737;Stk;1;2 Analoge Eingänge 0-10VDC2 Analoge Ausgänge 0-10Voder PWM Signal,8 Eingänge Temperatur/ Endschalter;Universum-Regler 03
2 Analoge Eingänge 0-10VDC2 Analoge Ausgänge 0-10Voder PWM Signal,8 Eingänge Temperatur/ Endschalter;2 Analoge Eingänge 0-10VDC2 Analoge Ausgänge 0-10Voder PWM Signal,8 Eingänge Temperatur/ Endschalter;Universum-Regler 03
2 Analoge Eingänge 0-10VDC2 Analoge Ausgänge 0-10Voder PWM Signal,8 Eingänge Temperatur/ Endschalter;Stk;;;;;
UN90;Aufpreis auf Universum Vollversion;770;Stk;1;Update Bedientrale V6.0 Light auf Vollversion;Aufpreis auf Universum Vollversion
Update Bedientrale V6.0 Light auf Vollversion;Update Bedientrale V6.0 Light auf Vollversion;Aufpreis auf Universum Vollversion
Update Bedientrale V6.0 Light auf Vollversion;Stk;;;;;
US01;UNIVERSUM-Außentemperaturfühler;63;Stk;1;Witterungsfestes PVC-GehäuseAbmessungen: 75 x 55 x 30 mmTemperaturermittlung durchHalbleiterfühlerel;UNIVERSUM-Außentemperaturfühler
Witterungsfestes PVC-GehäuseAbmessungen: 75 x 55 x 30 mmTemperaturermittlung durchHalbleiterfühlerel
Witterungsfestes PVC-Gehäuse
Abmessungen: 75 x 55 x 30 mm
Temperaturermittlung durch
Halbleiterfühlerelement, für
Aufputzmontage
Temperatureinsatzbereich:-50...+100 Grad
Kabeleinführung durch Würgenippel;Witterungsfestes PVC-GehäuseAbmessungen: 75 x 55 x 30 mmTemperaturermittlung durchHalbleiterfühlerel;UNIVERSUM-Außentemperaturfühler
Witterungsfestes PVC-GehäuseAbmessungen: 75 x 55 x 30 mmTemperaturermittlung durchHalbleiterfühlerel
Witterungsfestes PVC-Gehäuse
Abmessungen: 75 x 55 x 30 mm
Temperaturermittlung durch
Halbleiterfühlerelement, für
Aufputzmontage
Temperatureinsatzbereich:-50...+100 Grad
Kabeleinführung durch Würgenippel;Stk;;;;;
US02;UNIVERSUM-Anlegetemperaturfühler;62,2;Stk;1;zur Messung von Temperaturen an Rohren,Gehäuse: Polyamid, weißSchutzart IP 54, Halbleiterfühlereleme;UNIVERSUM-Anlegetemperaturfühler
zur Messung von Temperaturen an Rohren,Gehäuse: Polyamid, weißSchutzart IP 54, Halbleiterfühlereleme
zur Messung von Temperaturen an Rohren,
Gehäuse: Polyamid, weiß
Schutzart IP 54, Halbleiterfühlerelement
mit gefederter Auflage
Temperatureinsatzbereich:-35° bis +120°,
Klemmanschluss, inkl. Wärmeleitpaste und
Spannband bis
Rohrdimension 2";zur Messung von Temperaturen an Rohren,Gehäuse: Polyamid, weißSchutzart IP 54, Halbleiterfühlereleme;UNIVERSUM-Anlegetemperaturfühler
zur Messung von Temperaturen an Rohren,Gehäuse: Polyamid, weißSchutzart IP 54, Halbleiterfühlereleme
zur Messung von Temperaturen an Rohren,
Gehäuse: Polyamid, weiß
Schutzart IP 54, Halbleiterfühlerelement
mit gefederter Auflage
Temperatureinsatzbereich:-35° bis +120°,
Klemmanschluss, inkl. Wärmeleitpaste und
Spannband bis
Rohrdimension 2";Stk;;;;;
US03;UNIVERSUM-Raumfühler Aufputz;74,3;Stk;1;zur Ermittlung der Raumtemperatur,Halbleiterfühlerelement, Klemmanschluss,Temperaturbereich: -50°C b;UNIVERSUM-Raumfühler Aufputz
zur Ermittlung der Raumtemperatur,Halbleiterfühlerelement, Klemmanschluss,Temperaturbereich: -50°C b
zur Ermittlung der Raumtemperatur,
Halbleiterfühlerelement, Klemmanschluss,
Temperaturbereich: -50°C bis +70°C, für
die Aufputzmontage;zur Ermittlung der Raumtemperatur,Halbleiterfühlerelement, Klemmanschluss,Temperaturbereich: -50°C b;UNIVERSUM-Raumfühler Aufputz
zur Ermittlung der Raumtemperatur,Halbleiterfühlerelement, Klemmanschluss,Temperaturbereich: -50°C b
zur Ermittlung der Raumtemperatur,
Halbleiterfühlerelement, Klemmanschluss,
Temperaturbereich: -50°C bis +70°C, für
die Aufputzmontage;Stk;;;;;
US04;UNIVERSUM-Raumfühler (Unterputz);122,4;Stk;1;zur Ermittlung der RaumtemperaturHalbleiterfühlerelement, KlemmanschlussTemperaturbereich: -50 bis +;UNIVERSUM-Raumfühler (Unterputz)
zur Ermittlung der RaumtemperaturHalbleiterfühlerelement, KlemmanschlussTemperaturbereich: -50 bis +
zur Ermittlung der Raumtemperatur
Halbleiterfühlerelement, Klemmanschluss
Temperaturbereich: -50 bis +70 Grad, für
die Unterputzmontage in Wohnräumen und
Werkshallen;zur Ermittlung der RaumtemperaturHalbleiterfühlerelement, KlemmanschlussTemperaturbereich: -50 bis +;UNIVERSUM-Raumfühler (Unterputz)
zur Ermittlung der RaumtemperaturHalbleiterfühlerelement, KlemmanschlussTemperaturbereich: -50 bis +
zur Ermittlung der Raumtemperatur
Halbleiterfühlerelement, Klemmanschluss
Temperaturbereich: -50 bis +70 Grad, für
die Unterputzmontage in Wohnräumen und
Werkshallen;Stk;;;;;
US05;UNIVERSUM-Universalfühler m. Metallhülse;40,8;Stk;1;Halbleiterfühlerelement als TauchfühlerAusführung Standard: ø 6 x 50 mmTemperaturbereich -50 bis +12;UNIVERSUM-Universalfühler m. Metallhülse
Halbleiterfühlerelement als TauchfühlerAusführung Standard: ø 6 x 50 mmTemperaturbereich -50 bis +12
Halbleiterfühlerelement als Tauchfühler,
Ausführung Standard: da 6x50 mm,
Temperaturbereich: -50°C bis +125°C,
für die Messung von Temperaturen in
Tauchhülsen oder in einem Metallrohr;Halbleiterfühlerelement als TauchfühlerAusführung Standard: ø 6 x 50 mmTemperaturbereich -50 bis +12;UNIVERSUM-Universalfühler m. Metallhülse
Halbleiterfühlerelement als TauchfühlerAusführung Standard: ø 6 x 50 mmTemperaturbereich -50 bis +12
Halbleiterfühlerelement als Tauchfühler,
Ausführung Standard: da 6x50 mm,
Temperaturbereich: -50°C bis +125°C,
für die Messung von Temperaturen in
Tauchhülsen oder in einem Metallrohr;Stk;;;;;
US06;UNIVERSUM-Luftkanalfühler Länge 150mm;85,2;Stk;1;zur Messung von Temperaturen inLüftungskanälen oder in Verbindung miteiner Tauchhülse auch in flüssi;UNIVERSUM-Luftkanalfühler Länge 150mm
zur Messung von Temperaturen inLüftungskanälen oder in Verbindung miteiner Tauchhülse auch in flüssi
zur Messung von Temperaturen in
Lüftungskanälen oder in Verbindung mit
einer Tauchhülse auch in flüssigen
Medien, Halbleiterfühlerelement,
Anschlusskopf Polyamid, Farbe weiß,
Schutzart IP54;zur Messung von Temperaturen inLüftungskanälen oder in Verbindung miteiner Tauchhülse auch in flüssi;UNIVERSUM-Luftkanalfühler Länge 150mm
zur Messung von Temperaturen inLüftungskanälen oder in Verbindung miteiner Tauchhülse auch in flüssi
zur Messung von Temperaturen in
Lüftungskanälen oder in Verbindung mit
einer Tauchhülse auch in flüssigen
Medien, Halbleiterfühlerelement,
Anschlusskopf Polyamid, Farbe weiß,
Schutzart IP54;Stk;;;;;
US07;UNIVERSUM-Luftkanalfühler Länge 240mm;90,1;Stk;1;zur Messung von Temperaturen in Lüftungskanälen oder in Verbindung mit einer Tauchhülse auch in flüs;UNIVERSUM-Luftkanalfühler Länge 240mm
zur Messung von Temperaturen in Lüftungskanälen oder in Verbindung mit einer Tauchhülse auch in flüs
zur Messung von Temperaturen in
Lüftungskanälen oder in Verbindung mit
einer Tauchhülse auch in flüssigen
Medien, Halbleiterfühlerelement,
Anschlusskopf Polyamid, Farbe weiß,
Schutzart IP54;zur Messung von Temperaturen in Lüftungskanälen oder in Verbindung mit einer Tauchhülse auch in flüs;UNIVERSUM-Luftkanalfühler Länge 240mm
zur Messung von Temperaturen in Lüftungskanälen oder in Verbindung mit einer Tauchhülse auch in flüs
zur Messung von Temperaturen in
Lüftungskanälen oder in Verbindung mit
einer Tauchhülse auch in flüssigen
Medien, Halbleiterfühlerelement,
Anschlusskopf Polyamid, Farbe weiß,
Schutzart IP54;Stk;;;;;
US08;Tauchhülse 1/2 f.Universalfühler 55 mm;33;Stk;1;1/2  Anschlussgewinde, zum Einsteckender Temperaturfühler mitQuetschverschraubung, Innendurchmesser:;Tauchhülse 1/2 f.Universalfühler 55 mm
1/2  Anschlussgewinde, zum Einsteckender Temperaturfühler mitQuetschverschraubung, Innendurchmesser:
1/2 " Anschlussgewinde, zum Einstecken
der Temperaturfühler mit
Quetschverschraubung, Innendurchmesser:
6,2 mm;1/2  Anschlussgewinde, zum Einsteckender Temperaturfühler mitQuetschverschraubung, Innendurchmesser:;Tauchhülse 1/2 f.Universalfühler 55 mm
1/2  Anschlussgewinde, zum Einsteckender Temperaturfühler mitQuetschverschraubung, Innendurchmesser:
1/2 " Anschlussgewinde, zum Einstecken
der Temperaturfühler mit
Quetschverschraubung, Innendurchmesser:
6,2 mm;Stk;;;;;
US09;Tauchhülse 1/2 f.Universalfühler 200 mm;38,4;Stk;1;1/2  Anschlussgewinde, zum Einsteckender Temperaturfühler mitQuetschverschraubung, Innendurchmesser:;Tauchhülse 1/2 f.Universalfühler 200 mm
1/2  Anschlussgewinde, zum Einsteckender Temperaturfühler mitQuetschverschraubung, Innendurchmesser:
1/2 " Anschlussgewinde, zum Einstecken
der Temperaturfühler mit
Quetschverschraubung, Innendurchmesser:
6,2 mm;1/2  Anschlussgewinde, zum Einsteckender Temperaturfühler mitQuetschverschraubung, Innendurchmesser:;Tauchhülse 1/2 f.Universalfühler 200 mm
1/2  Anschlussgewinde, zum Einsteckender Temperaturfühler mitQuetschverschraubung, Innendurchmesser:
1/2 " Anschlussgewinde, zum Einstecken
der Temperaturfühler mit
Quetschverschraubung, Innendurchmesser:
6,2 mm;Stk;;;;;
US10;Tauchhülse 1/2 f.Universalfühler 290 mm;48;Stk;1;1/2  Anschlussgewinde, zum Einsteckender Temperaturfühler mitQuetschverschraubung, Innendurchmesser:;Tauchhülse 1/2 f.Universalfühler 290 mm
1/2  Anschlussgewinde, zum Einsteckender Temperaturfühler mitQuetschverschraubung, Innendurchmesser:
1/2 " Anschlussgewinde, zum Einstecken
der Temperaturfühler mit
Quetschverschraubung, Innendurchmesser:
6,2 mm;1/2  Anschlussgewinde, zum Einsteckender Temperaturfühler mitQuetschverschraubung, Innendurchmesser:;Tauchhülse 1/2 f.Universalfühler 290 mm
1/2  Anschlussgewinde, zum Einsteckender Temperaturfühler mitQuetschverschraubung, Innendurchmesser:
1/2 " Anschlussgewinde, zum Einstecken
der Temperaturfühler mit
Quetschverschraubung, Innendurchmesser:
6,2 mm;Stk;;;;;
US11;Magnetkontakt;15,7;Stk;1;Reedsensor mit Schließer, Kabellänge 50 cm komplett mit Gegenmagnet, für die Signalisierung z.B. ein;Magnetkontakt
Reedsensor mit Schließer, Kabellänge 50 cm komplett mit Gegenmagnet, für die Signalisierung z.B. ein
Reedsensor mit Schließer, Kabellänge
50 cm komplett mit Gegenmagnet, für die
Signalisierung zB eines offenen
Fensters,
max. Schaltleistung: 5W
max. Schaltspannung: 90V DC,
max. Schaltstrom: 0,5 A;Reedsensor mit Schließer, Kabellänge 50 cm komplett mit Gegenmagnet, für die Signalisierung z.B. ein;Magnetkontakt
Reedsensor mit Schließer, Kabellänge 50 cm komplett mit Gegenmagnet, für die Signalisierung z.B. ein
Reedsensor mit Schließer, Kabellänge
50 cm komplett mit Gegenmagnet, für die
Signalisierung zB eines offenen
Fensters,
max. Schaltleistung: 5W
max. Schaltspannung: 90V DC,
max. Schaltstrom: 0,5 A;Stk;;;;;
US12;Bewegungsmelder inkl. Leistungsteil;549;Stk;1;zur Erfassung von Bewegungen, halbkreis-förmiges Erfassungsfeld (16x32m) mitAufsteckblende zur Eingr;Bewegungsmelder inkl. Leistungsteil
zur Erfassung von Bewegungen, halbkreis-förmiges Erfassungsfeld (16x32m) mitAufsteckblende zur Eingr
zur Erfassung von Bewegungen, halbkreis-
förmiges Erfassungsfeld (16x32m) mit
Aufsteckblende zur Eingrenzung des
Erfassungsfeldes.
Temperaturbereich: -25°C bis +55°C
Schutzart IP 55, inkl. System-
leistungsteil, welches die Aufschaltung
auf Universum (potenzialfreier
Relaiskontakt) und zudem einen stufenlos
einstellbaren Tag- und Nachtbetrieb über
den Helligkeitsfühler ermöglicht;zur Erfassung von Bewegungen, halbkreis-förmiges Erfassungsfeld (16x32m) mitAufsteckblende zur Eingr;Bewegungsmelder inkl. Leistungsteil
zur Erfassung von Bewegungen, halbkreis-förmiges Erfassungsfeld (16x32m) mitAufsteckblende zur Eingr
zur Erfassung von Bewegungen, halbkreis-
förmiges Erfassungsfeld (16x32m) mit
Aufsteckblende zur Eingrenzung des
Erfassungsfeldes.
Temperaturbereich: -25°C bis +55°C
Schutzart IP 55, inkl. System-
leistungsteil, welches die Aufschaltung
auf Universum (potenzialfreier
Relaiskontakt) und zudem einen stufenlos
einstellbaren Tag- und Nachtbetrieb über
den Helligkeitsfühler ermöglicht;Stk;;;;;
US13;Bewegungsmelder ohne Leistungsteil;258,2;Stk;1;als Erweiterung zum Bewegungsmelder mitLeistungsteil für zusätzliche Bewegungs-erfassungen.;Bewegungsmelder ohne Leistungsteil
als Erweiterung zum Bewegungsmelder mitLeistungsteil für zusätzliche Bewegungs-erfassungen.
als Erweiterung zum Bewegungsmelder mit
Leistungsteil für zusätzliche Bewegungs-
erfassungen.;als Erweiterung zum Bewegungsmelder mitLeistungsteil für zusätzliche Bewegungs-erfassungen.;Bewegungsmelder ohne Leistungsteil
als Erweiterung zum Bewegungsmelder mitLeistungsteil für zusätzliche Bewegungs-erfassungen.
als Erweiterung zum Bewegungsmelder mit
Leistungsteil für zusätzliche Bewegungs-
erfassungen.;Stk;;;;;
US14;UNIVERSUM-Eismelder-Set;1343;Stk;1;zur Detektion von Eis und Schnee auf Freiflächen, inkl. Feuchte- und Temperaturfühler , Schaltgerät;UNIVERSUM-Eismelder-Set
zur Detektion von Eis und Schnee auf Freiflächen, inkl. Feuchte- und Temperaturfühler , Schaltgerät
zur Detektion von Eis und Schnee auf
Freiflächen, inkl. Feuchte- und 
Temperaturfühler, Schaltgerät;zur Detektion von Eis und Schnee auf Freiflächen, inkl. Feuchte- und Temperaturfühler , Schaltgerät;UNIVERSUM-Eismelder-Set
zur Detektion von Eis und Schnee auf Freiflächen, inkl. Feuchte- und Temperaturfühler , Schaltgerät
zur Detektion von Eis und Schnee auf
Freiflächen, inkl. Feuchte- und 
Temperaturfühler, Schaltgerät;Stk;;;;;
US17;UNIVERSUM Regensensor;978;Stk;1;zur Erkennung von Regen oder Schneekapazitive Vergleichsmessung, eineVerschmutzung kann das Messerge;UNIVERSUM Regensensor
zur Erkennung von Regen oder Schneekapazitive Vergleichsmessung, eineVerschmutzung kann das Messerge
zur Erkennung von Regen oder Schnee
kapazitive Vergleichsmessung, eine
Verschmutzung kann das Messergebnis nur
geringfügig beeinflussen,
Ansprechempfindlichkeit einstellbar,
Lieferung erfolgt samt Netzteil für die
Spannungsversorgung des Sensors;zur Erkennung von Regen oder Schneekapazitive Vergleichsmessung, eineVerschmutzung kann das Messerge;UNIVERSUM Regensensor
zur Erkennung von Regen oder Schneekapazitive Vergleichsmessung, eineVerschmutzung kann das Messerge
zur Erkennung von Regen oder Schnee
kapazitive Vergleichsmessung, eine
Verschmutzung kann das Messergebnis nur
geringfügig beeinflussen,
Ansprechempfindlichkeit einstellbar,
Lieferung erfolgt samt Netzteil für die
Spannungsversorgung des Sensors;Stk;;;;;
US18;UNIVERSUM Strömungswächter 3/4;314,4;Stk;1;zur Überwachung von Durchflüssen inRohrleitungen ab 4 Liter pro Minute.Schaltvermögen: 5 A, 250V ACS;UNIVERSUM Strömungswächter 3/4
zur Überwachung von Durchflüssen inRohrleitungen ab 4 Liter pro Minute.Schaltvermögen: 5 A, 250V ACS
zur Überwachung von Durchflüssen in
Rohrleitungen ab 4 Liter pro Minute.
Schaltvermögen: 5 A, 250V AC
Schutzart: IP 65
bis 110°C und 25 bar
Anschluss: MS-Überwurfmutter R 3/4"
inkl. Anlötstutzen, T-Stück;zur Überwachung von Durchflüssen inRohrleitungen ab 4 Liter pro Minute.Schaltvermögen: 5 A, 250V ACS;UNIVERSUM Strömungswächter 3/4
zur Überwachung von Durchflüssen inRohrleitungen ab 4 Liter pro Minute.Schaltvermögen: 5 A, 250V ACS
zur Überwachung von Durchflüssen in
Rohrleitungen ab 4 Liter pro Minute.
Schaltvermögen: 5 A, 250V AC
Schutzart: IP 65
bis 110°C und 25 bar
Anschluss: MS-Überwurfmutter R 3/4"
inkl. Anlötstutzen, T-Stück;Stk;;;;;
US19;UNIVERSUM Strömungswächter 1/2;251,9;Stk;1;zur Überwachung von Durchflüssen inRohrleitungen ab 4 Liter pro Minute.Schaltvermögen: 5 A, 250V ACS;UNIVERSUM Strömungswächter 1/2
zur Überwachung von Durchflüssen inRohrleitungen ab 4 Liter pro Minute.Schaltvermögen: 5 A, 250V ACS
zur Überwachung von Durchflüssen in
Rohrleitungen ab 4 Liter pro Minute.
Schaltvermögen: 5 A, 250V AC
Schutzart: IP 65
bis 110°C und 25 bar
Anschluss: MS-Überwurfmutter R 3/4"
inkl. Anlötstutzen, T-Stück;zur Überwachung von Durchflüssen inRohrleitungen ab 4 Liter pro Minute.Schaltvermögen: 5 A, 250V ACS;UNIVERSUM Strömungswächter 1/2
zur Überwachung von Durchflüssen inRohrleitungen ab 4 Liter pro Minute.Schaltvermögen: 5 A, 250V ACS
zur Überwachung von Durchflüssen in
Rohrleitungen ab 4 Liter pro Minute.
Schaltvermögen: 5 A, 250V AC
Schutzart: IP 65
bis 110°C und 25 bar
Anschluss: MS-Überwurfmutter R 3/4"
inkl. Anlötstutzen, T-Stück;Stk;;;;;
US20;Strömungswächter für Kleinstmengen 3/4;150,1;Stk;1;zur Überwachung von Durchflüssen inRohrleitungen ab 4 Liter pro Minute.Schaltvermögen: 5 A, 250V ACS;Strömungswächter für Kleinstmengen 3/4
zur Überwachung von Durchflüssen inRohrleitungen ab 4 Liter pro Minute.Schaltvermögen: 5 A, 250V ACS
zur Überwachung von Durchflüssen in
Rohrleitungen ab 4 Liter pro Minute.
Schaltvermögen: 5 A, 250V AC
Schutzart: IP 65
bis 110°C und 25 bar
Anschluss: MS-Überwurfmutter R 3/4"
inkl. Anlötstutzen, T-Stück;zur Überwachung von Durchflüssen inRohrleitungen ab 4 Liter pro Minute.Schaltvermögen: 5 A, 250V ACS;Strömungswächter für Kleinstmengen 3/4
zur Überwachung von Durchflüssen inRohrleitungen ab 4 Liter pro Minute.Schaltvermögen: 5 A, 250V ACS
zur Überwachung von Durchflüssen in
Rohrleitungen ab 4 Liter pro Minute.
Schaltvermögen: 5 A, 250V AC
Schutzart: IP 65
bis 110°C und 25 bar
Anschluss: MS-Überwurfmutter R 3/4"
inkl. Anlötstutzen, T-Stück;Stk;;;;;
US21;UNIVERSUM Windsensor;666;Stk;1;zur Umsetzung von Windgeschwindigkeitenin elektrische Signale, zum Schutz undzur Steuerung von Jalou;UNIVERSUM Windsensor
zur Umsetzung von Windgeschwindigkeitenin elektrische Signale, zum Schutz undzur Steuerung von Jalou
zur Umsetzung von Windgeschwindigkeiten
in elektrische Signale, zum Schutz und
zur Steuerung von Jalousien und
Anschluss an ein Warngerät
Umgebungstemperatur: -25°C bis +60°C
Windwarnbereich: 3,5 bis 24 m/s
Schaltkontakt: Relais mit potenzial-
freiem Schließer
Schalenraddurchmesser: 134 mm
Höhe 160 mm
Lieferung erfolgt mit Auswerteeinheit;zur Umsetzung von Windgeschwindigkeitenin elektrische Signale, zum Schutz undzur Steuerung von Jalou;UNIVERSUM Windsensor
zur Umsetzung von Windgeschwindigkeitenin elektrische Signale, zum Schutz undzur Steuerung von Jalou
zur Umsetzung von Windgeschwindigkeiten
in elektrische Signale, zum Schutz und
zur Steuerung von Jalousien und
Anschluss an ein Warngerät
Umgebungstemperatur: -25°C bis +60°C
Windwarnbereich: 3,5 bis 24 m/s
Schaltkontakt: Relais mit potenzial-
freiem Schließer
Schalenraddurchmesser: 134 mm
Höhe 160 mm
Lieferung erfolgt mit Auswerteeinheit;Stk;;;;;
US23;Dämmerungsschalter;219,6;Stk;1;Gehäuse mit integrierter Schaltzustands-anzeige, einstellbarer Helligkeits-bereich von 5 - 1000 luxA;Dämmerungsschalter
Gehäuse mit integrierter Schaltzustands-anzeige, einstellbarer Helligkeits-bereich von 5 - 1000 luxA
Gehäuse mit integrierter Schaltzustands-
anzeige, einstellbarer Helligkeits-
bereich von 5 - 1000 lux
Ausgang potenzialfreier Wechsler;Gehäuse mit integrierter Schaltzustands-anzeige, einstellbarer Helligkeits-bereich von 5 - 1000 luxA;Dämmerungsschalter
Gehäuse mit integrierter Schaltzustands-anzeige, einstellbarer Helligkeits-bereich von 5 - 1000 luxA
Gehäuse mit integrierter Schaltzustands-
anzeige, einstellbarer Helligkeits-
bereich von 5 - 1000 lux
Ausgang potenzialfreier Wechsler;Stk;;;;;
US24;UNIVERSUM-Luftqualitätsfühler RLQ 0-20mA;420,1;Stk;1;SnO2-Mischgassensor zur Erfassung derLuftqualität, im Aufputzgehäuse, weiß(RAL 9010), Messbereich 0;UNIVERSUM-Luftqualitätsfühler RLQ 0-20mA
SnO2-Mischgassensor zur Erfassung derLuftqualität, im Aufputzgehäuse, weiß(RAL 9010), Messbereich 0
SnO2-Mischgassensor zur Erfassung der
Luftqualität, im Aufputzgehäuse, weiß
(RAL 9010), Messbereich 0 - 2000 ppm,
0-10V, 4-20mA, 0-20 mA
Zubehör: Analog-Eingangsmodul
(UN21), Netzteil 24 VDC (US34);SnO2-Mischgassensor zur Erfassung derLuftqualität, im Aufputzgehäuse, weiß(RAL 9010), Messbereich 0;UNIVERSUM-Luftqualitätsfühler RLQ 0-20mA
SnO2-Mischgassensor zur Erfassung derLuftqualität, im Aufputzgehäuse, weiß(RAL 9010), Messbereich 0
SnO2-Mischgassensor zur Erfassung der
Luftqualität, im Aufputzgehäuse, weiß
(RAL 9010), Messbereich 0 - 2000 ppm,
0-10V, 4-20mA, 0-20 mA
Zubehör: Analog-Eingangsmodul
(UN21), Netzteil 24 VDC (US34);Stk;;;;;
US26;Feuchtefühler-Komplettset;299,9;Stk;1;Speziell entwickelt für GartenbewässerungenGehäuse aus hellgrauem Kunststoff, Montagesockel für Wand;Feuchtefühler-Komplettset
Speziell entwickelt für GartenbewässerungenGehäuse aus hellgrauem Kunststoff, Montagesockel für Wand
Speziell entwickelt für
Gartenbewässerungen
Gehäuse aus hellgrauem Kunststoff,
Auffangbehälter für Regenwasser,
Montagesockel für Wand- oder
Bodenmontage,
Empfindlichkeitseinstellungen durch
Verstellen der Eintauchtiefe der
Elektroden
Lieferung komplett mit Trafo 24 VAC und
Relais jedoch ohne Kabelsatz;Speziell entwickelt für GartenbewässerungenGehäuse aus hellgrauem Kunststoff, Montagesockel für Wand;Feuchtefühler-Komplettset
Speziell entwickelt für GartenbewässerungenGehäuse aus hellgrauem Kunststoff, Montagesockel für Wand
Speziell entwickelt für
Gartenbewässerungen
Gehäuse aus hellgrauem Kunststoff,
Auffangbehälter für Regenwasser,
Montagesockel für Wand- oder
Bodenmontage,
Empfindlichkeitseinstellungen durch
Verstellen der Eintauchtiefe der
Elektroden
Lieferung komplett mit Trafo 24 VAC und
Relais jedoch ohne Kabelsatz;Stk;;;;;
US27;Füllstandsüberwachung;348;Stk;1;für Füllstandsüberwachung in BehälternGehäuse: Polyamid 12, mit einemkapazitiven Sensor und einer Au;Füllstandsüberwachung
für Füllstandsüberwachung in BehälternGehäuse: Polyamid 12, mit einemkapazitiven Sensor und einer Au
für Füllstandsüberwachung in Behältern
Gehäuse: Polyamid 12, mit einem
kapazitiven Sensor und einer Auswerte-
einheit, geeignet für Wasser, Öl,
Diesel, Benzin und Schmierstoffe
Lieferumfang: 1 Sensor;für Füllstandsüberwachung in BehälternGehäuse: Polyamid 12, mit einemkapazitiven Sensor und einer Au;Füllstandsüberwachung
für Füllstandsüberwachung in BehälternGehäuse: Polyamid 12, mit einemkapazitiven Sensor und einer Au
für Füllstandsüberwachung in Behältern
Gehäuse: Polyamid 12, mit einem
kapazitiven Sensor und einer Auswerte-
einheit, geeignet für Wasser, Öl,
Diesel, Benzin und Schmierstoffe
Lieferumfang: 1 Sensor;Stk;;;;;
US28;2. Niveausonde für Füllstandsüberwachung;127,1;Stk;1;für Min/Max-Überwachung;2. Niveausonde für Füllstandsüberwachung
für Min/Max-Überwachung;für Min/Max-Überwachung;2. Niveausonde für Füllstandsüberwachung
für Min/Max-Überwachung;Stk;;;;;
US29;Schwingstab zur Füllstandsüberwachung;1404;Stk;1;Anschluss G 1 1/2235 mm Sonderlänge;Schwingstab zur Füllstandsüberwachung
Anschluss G 1 1/2235 mm Sonderlänge
Anschluss G 1 1/2"
235 mm Sonderlänge;Anschluss G 1 1/2235 mm Sonderlänge;Schwingstab zur Füllstandsüberwachung
Anschluss G 1 1/2235 mm Sonderlänge
Anschluss G 1 1/2"
235 mm Sonderlänge;Stk;;;;;
US33;UNIVERSUM - Trafo 24 V AC;58,9;Stk;1;Transformator 230 V AC/24 V AC inKunststoffgehäuse zurDIN-Schienenmontage, zur Spannungsversorgung v;UNIVERSUM - Trafo 24 V AC
Transformator 230 V AC/24 V AC inKunststoffgehäuse zurDIN-Schienenmontage, zur Spannungsversorgung v
Transformator 230 V AC/24 V AC in
Kunststoffgehäuse zur
DIN-Schienenmontage, 
zur Spannungsversorgung von Zubehör-
teilen, Leistung: 12 VA;Transformator 230 V AC/24 V AC inKunststoffgehäuse zurDIN-Schienenmontage, zur Spannungsversorgung v;UNIVERSUM - Trafo 24 V AC
Transformator 230 V AC/24 V AC inKunststoffgehäuse zurDIN-Schienenmontage, zur Spannungsversorgung v
Transformator 230 V AC/24 V AC in
Kunststoffgehäuse zur
DIN-Schienenmontage, 
zur Spannungsversorgung von Zubehör-
teilen, Leistung: 12 VA;Stk;;;;;
US34;UNIVERSUM - Netzgerät 24 V f.Analogmodul;44,9;Stk;1;Schaltnetzteil für Spannungsversorgungvon ZubehörartikelnEingangsspannung: 230 VACAusgangsspannung:;UNIVERSUM - Netzgerät 24 V f.Analogmodul
Schaltnetzteil für Spannungsversorgungvon ZubehörartikelnEingangsspannung: 230 VACAusgangsspannung:
Schaltnetzteil für Spannungsversorgung
von Zubehörartikeln
Eingangsspannung: 230 VAC
Ausgangsspannung: 24 V DC / 15 Watt;Schaltnetzteil für Spannungsversorgungvon ZubehörartikelnEingangsspannung: 230 VACAusgangsspannung:;UNIVERSUM - Netzgerät 24 V f.Analogmodul
Schaltnetzteil für Spannungsversorgungvon ZubehörartikelnEingangsspannung: 230 VACAusgangsspannung:
Schaltnetzteil für Spannungsversorgung
von Zubehörartikeln
Eingangsspannung: 230 VAC
Ausgangsspannung: 24 V DC / 15 Watt;Stk;;;;;
US35;Impulswasserzähler 1/2;126;Stk;1;Wasserzähler mit ImpulsausgangImpulsfolge 1 Imp/10l, geeignet zumEinbau in waagrechte und senkrechte;Impulswasserzähler 1/2
Wasserzähler mit ImpulsausgangImpulsfolge 1 Imp/10l, geeignet zumEinbau in waagrechte und senkrechte
Wasserzähler mit Impulsausgang
Impulsfolge 1 Imp/10l, geeignet zum
Einbau in waagrechte und senkrechte
Rohrleitungen, maximaler Betriebsdruck
16 bar, Gewindeanschluss inkl.
Anschlussverschraubungen, Einbaulänge
130 mm, in Verbindung mit Universum auch
Ermittlung der Wärmemenge mit Vorlauf-
und Rücklauffühler möglich,  geeignet
bis 90°C;Wasserzähler mit ImpulsausgangImpulsfolge 1 Imp/10l, geeignet zumEinbau in waagrechte und senkrechte;Impulswasserzähler 1/2
Wasserzähler mit ImpulsausgangImpulsfolge 1 Imp/10l, geeignet zumEinbau in waagrechte und senkrechte
Wasserzähler mit Impulsausgang
Impulsfolge 1 Imp/10l, geeignet zum
Einbau in waagrechte und senkrechte
Rohrleitungen, maximaler Betriebsdruck
16 bar, Gewindeanschluss inkl.
Anschlussverschraubungen, Einbaulänge
130 mm, in Verbindung mit Universum auch
Ermittlung der Wärmemenge mit Vorlauf-
und Rücklauffühler möglich,  geeignet
bis 90°C;Stk;;;;;
US36;Impulswasserzähler 3/4;132;Stk;1;Wasserzähler mit Impulsausgang Impulsfolge 1 Imp/10l, geeignet zum Einbau in waagrechte und senkrech;Impulswasserzähler 3/4
Wasserzähler mit Impulsausgang Impulsfolge 1 Imp/10l, geeignet zum Einbau in waagrechte und senkrech
Wasserzähler mit Impulsausgang
Impulsfolge 1 Imp/10l, geeignet zum
Einbau in waagrechte und senkrechte
Rohrleitungen, maximaler Betriebsdruck
16 bar, Gewindeanschluss inkl.
Anschlussverschraubungen, Einbaulänge
130 mm, in Verbindung mit Universum auch
Ermittlung der Wärmemenge mit Vorlauf-
und Rücklauffühler möglich,  geeignet
bis 90°C;Wasserzähler mit Impulsausgang Impulsfolge 1 Imp/10l, geeignet zum Einbau in waagrechte und senkrech;Impulswasserzähler 3/4
Wasserzähler mit Impulsausgang Impulsfolge 1 Imp/10l, geeignet zum Einbau in waagrechte und senkrech
Wasserzähler mit Impulsausgang
Impulsfolge 1 Imp/10l, geeignet zum
Einbau in waagrechte und senkrechte
Rohrleitungen, maximaler Betriebsdruck
16 bar, Gewindeanschluss inkl.
Anschlussverschraubungen, Einbaulänge
130 mm, in Verbindung mit Universum auch
Ermittlung der Wärmemenge mit Vorlauf-
und Rücklauffühler möglich,  geeignet
bis 90°C;Stk;;;;;
US37;CAN/M20 für 3 M-Bus Zähler;1850;Stk;1;Übersetzer für die Einbindung vonWärmemengenzählern mit M-Bus-AnschlussLieferung beinhaltet:Schnitts;CAN/M20 für 3 M-Bus Zähler
Übersetzer für die Einbindung vonWärmemengenzählern mit M-Bus-AnschlussLieferung beinhaltet:Schnitts
Übersetzer für die Einbindung von
Wärmemengenzählern mit M-Bus-Anschluss
Lieferung beinhaltet:
Schnittstelle CAN/RS232, M-Bus-Master
in der jeweiligen Ausführung, Netzteil,
Verbindungskabel, geeignet zur Hut-
schienenmontage. Die Bekanntgabe des
vorgesehenen Wärmemengenzählers und
Herstellers wird zwecks Feststellung der
Kompatibilität empfohlen.;Übersetzer für die Einbindung vonWärmemengenzählern mit M-Bus-AnschlussLieferung beinhaltet:Schnitts;CAN/M20 für 3 M-Bus Zähler
Übersetzer für die Einbindung vonWärmemengenzählern mit M-Bus-AnschlussLieferung beinhaltet:Schnitts
Übersetzer für die Einbindung von
Wärmemengenzählern mit M-Bus-Anschluss
Lieferung beinhaltet:
Schnittstelle CAN/RS232, M-Bus-Master
in der jeweiligen Ausführung, Netzteil,
Verbindungskabel, geeignet zur Hut-
schienenmontage. Die Bekanntgabe des
vorgesehenen Wärmemengenzählers und
Herstellers wird zwecks Feststellung der
Kompatibilität empfohlen.;Stk;;;;;
US38;CAN/M20 für 20 M-Bus Zähler;2265;Stk;1;Übersetzer für die Einbindung vonWärmemengenzählern mit M-Bus-AnschlussLieferung beinhaltet:Schnitts;CAN/M20 für 20 M-Bus Zähler
Übersetzer für die Einbindung vonWärmemengenzählern mit M-Bus-AnschlussLieferung beinhaltet:Schnitts
Übersetzer für die Einbindung von
Wärmemengenzählern mit M-Bus-Anschluss
Lieferung beinhaltet:
Schnittstelle CAN/RS232, M-Bus-Master
in der jeweiligen Ausführung, Netzteil,
Verbindungskabel, geeignet zur Hut-
schienenmontage. Die Bekanntgabe des
vorgesehenen Wärmemengenzählers und
Herstellers wird zwecks Feststellung der
Kompatibilität empfohlen.;Übersetzer für die Einbindung vonWärmemengenzählern mit M-Bus-AnschlussLieferung beinhaltet:Schnitts;CAN/M20 für 20 M-Bus Zähler
Übersetzer für die Einbindung vonWärmemengenzählern mit M-Bus-AnschlussLieferung beinhaltet:Schnitts
Übersetzer für die Einbindung von
Wärmemengenzählern mit M-Bus-Anschluss
Lieferung beinhaltet:
Schnittstelle CAN/RS232, M-Bus-Master
in der jeweiligen Ausführung, Netzteil,
Verbindungskabel, geeignet zur Hut-
schienenmontage. Die Bekanntgabe des
vorgesehenen Wärmemengenzählers und
Herstellers wird zwecks Feststellung der
Kompatibilität empfohlen.;Stk;;;;;
US39;CAN/M60 für 60 M-Bus Zähler;2659;Stk;1;Übersetzer für die Einbindung vonWärmemengenzählern mit M-Bus-AnschlussLieferung beinhaltet:Schnitts;CAN/M60 für 60 M-Bus Zähler
Übersetzer für die Einbindung vonWärmemengenzählern mit M-Bus-AnschlussLieferung beinhaltet:Schnitts
Übersetzer für die Einbindung von
Wärmemengenzählern mit M-Bus-Anschluss
Lieferung beinhaltet:
Schnittstelle CAN/RS232, M-Bus-Master
in der jeweiligen Ausführung, Netzteil,
Verbindungskabel, geeignet zur Hut-
schienenmontage. Die Bekanntgabe des
vorgesehenen Wärmemengenzählers und
Herstellers wird zwecks Feststellung der
Kompatibilität empfohlen.;Übersetzer für die Einbindung vonWärmemengenzählern mit M-Bus-AnschlussLieferung beinhaltet:Schnitts;CAN/M60 für 60 M-Bus Zähler
Übersetzer für die Einbindung vonWärmemengenzählern mit M-Bus-AnschlussLieferung beinhaltet:Schnitts
Übersetzer für die Einbindung von
Wärmemengenzählern mit M-Bus-Anschluss
Lieferung beinhaltet:
Schnittstelle CAN/RS232, M-Bus-Master
in der jeweiligen Ausführung, Netzteil,
Verbindungskabel, geeignet zur Hut-
schienenmontage. Die Bekanntgabe des
vorgesehenen Wärmemengenzählers und
Herstellers wird zwecks Feststellung der
Kompatibilität empfohlen.;Stk;;;;;
US40;CAN/M120 für 120 M-Bus Zähler;4791;Stk;1;Übersetzer für die Einbindung vonWärmemengenzählern mit M-Bus-AnschlussLieferung beinhaltet:Schnitts;CAN/M120 für 120 M-Bus Zähler
Übersetzer für die Einbindung vonWärmemengenzählern mit M-Bus-AnschlussLieferung beinhaltet:Schnitts
Übersetzer für die Einbindung von
Wärmemengenzählern mit M-Bus-Anschluss
Lieferung beinhaltet:
Schnittstelle CAN/RS232, M-Bus-Master
in der jeweiligen Ausführung, Netzteil,
Verbindungskabel, geeignet zur Hut-
schienenmontage. Die Bekanntgabe des
vorgesehenen Wärmemengenzählers und
Herstellers wird zwecks Feststellung der
Kompatibilität empfohlen.;Übersetzer für die Einbindung vonWärmemengenzählern mit M-Bus-AnschlussLieferung beinhaltet:Schnitts;CAN/M120 für 120 M-Bus Zähler
Übersetzer für die Einbindung vonWärmemengenzählern mit M-Bus-AnschlussLieferung beinhaltet:Schnitts
Übersetzer für die Einbindung von
Wärmemengenzählern mit M-Bus-Anschluss
Lieferung beinhaltet:
Schnittstelle CAN/RS232, M-Bus-Master
in der jeweiligen Ausführung, Netzteil,
Verbindungskabel, geeignet zur Hut-
schienenmontage. Die Bekanntgabe des
vorgesehenen Wärmemengenzählers und
Herstellers wird zwecks Feststellung der
Kompatibilität empfohlen.;Stk;;;;;
US50;XXXUniversum-Taupunktwächter TW-S 93% r.F, +-5%;210;Stk;1;Versorgungsspannung 11 bis 28V DC potentialfreier Schließer, Kontaktbelastung 30V / 1Ainkl. Kupferpl;XXXUniversum-Taupunktwächter TW-S 93% r.F, +-5%
Versorgungsspannung 11 bis 28V DC potentialfreier Schließer, Kontaktbelastung 30V / 1Ainkl. Kupferpl;Versorgungsspannung 11 bis 28V DC potentialfreier Schließer, Kontaktbelastung 30V / 1Ainkl. Kupferpl;XXXUniversum-Taupunktwächter TW-S 93% r.F, +-5%
Versorgungsspannung 11 bis 28V DC potentialfreier Schließer, Kontaktbelastung 30V / 1Ainkl. Kupferpl;Stk;;;;;
US51;Universum-Universalfühler(Var. SOLAR) LM135Z;48;Stk;1;KabeltemperaturfühlerSensor LM135ZMeßbereich -40° ..+150°CHülse Kunststoff PPSU 170°C 6 x 40 mm,Ansc;Universum-Universalfühler(Var. SOLAR) LM135Z
KabeltemperaturfühlerSensor LM135ZMeßbereich -40° ..+150°CHülse Kunststoff PPSU 170°C 6 x 40 mm,Ansc;KabeltemperaturfühlerSensor LM135ZMeßbereich -40° ..+150°CHülse Kunststoff PPSU 170°C 6 x 40 mm,Ansc;Universum-Universalfühler(Var. SOLAR) LM135Z
KabeltemperaturfühlerSensor LM135ZMeßbereich -40° ..+150°CHülse Kunststoff PPSU 170°C 6 x 40 mm,Ansc;Stk;;;;;
US52;Universum-Hülsenfühlermessumformer HFTM-U;150,1;Stk;1;Messbereich: Temperaturfühler -20...+180°Czur Einbringung in das Anschlussset SH58 Solar Star S2.4 m;Universum-Hülsenfühlermessumformer HFTM-U
Messbereich: Temperaturfühler -20...+180°Czur Einbringung in das Anschlussset SH58 Solar Star S2.4 m;Messbereich: Temperaturfühler -20...+180°Czur Einbringung in das Anschlussset SH58 Solar Star S2.4 m;Universum-Hülsenfühlermessumformer HFTM-U
Messbereich: Temperaturfühler -20...+180°Czur Einbringung in das Anschlussset SH58 Solar Star S2.4 m;Stk;;;;;
US60;Drucksensor flüssige Medien;202,7;Stk;1;1/4 Zoll, 0...10 bar, AC/DC 24 V, Ausgangssignal 0...10V, Messwerte Relativdruck, NEMA 4 / IP65, Ans;Drucksensor flüssige Medien
1/4 Zoll, 0...10 bar, AC/DC 24 V, Ausgangssignal 0...10V, Messwerte Relativdruck, NEMA 4 / IP65, Ans;1/4 Zoll, 0...10 bar, AC/DC 24 V, Ausgangssignal 0...10V, Messwerte Relativdruck, NEMA 4 / IP65, Ans;Drucksensor flüssige Medien
1/4 Zoll, 0...10 bar, AC/DC 24 V, Ausgangssignal 0...10V, Messwerte Relativdruck, NEMA 4 / IP65, Ans;Stk;;;;;
US61;Reduzieradapter;16,7;Stk;1;G 1/4 (Innengewinde) auf G 1/2 (Aussengewinde);Reduzieradapter
G 1/4 (Innengewinde) auf G 1/2 (Aussengewinde);G 1/4 (Innengewinde) auf G 1/2 (Aussengewinde);Reduzieradapter
G 1/4 (Innengewinde) auf G 1/2 (Aussengewinde);Stk;;;;;
US62;Frostwächter passiv Schalter;133,1;Stk;1;Kapillare 6 m / IP65, Federzugklemme max. 2,5 mm², inkl. Montagesatz;Frostwächter passiv Schalter
Kapillare 6 m / IP65, Federzugklemme max. 2,5 mm², inkl. Montagesatz;Kapillare 6 m / IP65, Federzugklemme max. 2,5 mm², inkl. Montagesatz;Frostwächter passiv Schalter
Kapillare 6 m / IP65, Federzugklemme max. 2,5 mm², inkl. Montagesatz;Stk;;;;;
US63;Differenzdruck-Schalter;42,6;Stk;1;50...500 Pa, 20...2.000 inch, WC, NEMA 13 / IP54Klemmen  für Draht 0,5...1,5 mm²,inkl. 2 Kanal-Ansch;Differenzdruck-Schalter
50...500 Pa, 20...2.000 inch, WC, NEMA 13 / IP54Klemmen  für Draht 0,5...1,5 mm²,inkl. 2 Kanal-Ansch
50...500 Pa, 20...2.000 inch, WC, NEMA
13 / IP54
Klemmen für Draht 0,5...1,5 mm²,
inkl. 2 Kanal-Anschlüsse, inkl. 2 m
Schlauch;50...500 Pa, 20...2.000 inch, WC, NEMA 13 / IP54Klemmen  für Draht 0,5...1,5 mm²,inkl. 2 Kanal-Ansch;Differenzdruck-Schalter
50...500 Pa, 20...2.000 inch, WC, NEMA 13 / IP54Klemmen  für Draht 0,5...1,5 mm²,inkl. 2 Kanal-Ansch
50...500 Pa, 20...2.000 inch, WC, NEMA
13 / IP54
Klemmen für Draht 0,5...1,5 mm²,
inkl. 2 Kanal-Anschlüsse, inkl. 2 m
Schlauch;Stk;;;;;
US64;Differenzdrucksensor Luft 24 V;219,3;Stk;1;0...2500 Pa, 0...10 inch WCAC/DC 24 V, Ausgangssignal0...5V, 0...10V, 4...20 mAMesswerte Differenzdr;Differenzdrucksensor Luft 24 V
0...2500 Pa, 0...10 inch WCAC/DC 24 V, Ausgangssignal0...5V, 0...10V, 4...20 mAMesswerte Differenzdr
0...2500 Pa, 0...10 inch WC
AC/DC 24 V, Ausgangssignal
0...5V, 0...10V, 4...20 mA
Messwerte Differenzdruck
8 Messbereiche wählbar
NEMA 4X / IP65;0...2500 Pa, 0...10 inch WCAC/DC 24 V, Ausgangssignal0...5V, 0...10V, 4...20 mAMesswerte Differenzdr;Differenzdrucksensor Luft 24 V
0...2500 Pa, 0...10 inch WCAC/DC 24 V, Ausgangssignal0...5V, 0...10V, 4...20 mAMesswerte Differenzdr
0...2500 Pa, 0...10 inch WC
AC/DC 24 V, Ausgangssignal
0...5V, 0...10V, 4...20 mA
Messwerte Differenzdruck
8 Messbereiche wählbar
NEMA 4X / IP65;Stk;;;;;
US65;Luftklappenantrieb 5 Nm, 240 V;155,8;Stk;1;Auf/Zu, 3-PunktLaufzeit Motor 150 s / 90°IP54, Handverstellung mit Drucktaste, arretierbar,Anschluss;Luftklappenantrieb 5 Nm, 240 V
Auf/Zu, 3-PunktLaufzeit Motor 150 s / 90°IP54, Handverstellung mit Drucktaste, arretierbar,Anschluss
Auf/Zu, 3-Punkt
Laufzeit Motor 150 s / 90°
IP54, Handverstellung mit Drucktaste,
arretierbar,
Anschlusskabel 1m;Auf/Zu, 3-PunktLaufzeit Motor 150 s / 90°IP54, Handverstellung mit Drucktaste, arretierbar,Anschluss;Luftklappenantrieb 5 Nm, 240 V
Auf/Zu, 3-PunktLaufzeit Motor 150 s / 90°IP54, Handverstellung mit Drucktaste, arretierbar,Anschluss
Auf/Zu, 3-Punkt
Laufzeit Motor 150 s / 90°
IP54, Handverstellung mit Drucktaste,
arretierbar,
Anschlusskabel 1m;Stk;;;;;
US66;Luftklappenantrieb 5 Nm, 24 V;213;Stk;1;AC/DC 24 V, stetigLaufzeit Motor 150 s / 90°Arbeitsbereich 2...10 VStellungsrückmeldung 2...10 V;Luftklappenantrieb 5 Nm, 24 V
AC/DC 24 V, stetigLaufzeit Motor 150 s / 90°Arbeitsbereich 2...10 VStellungsrückmeldung 2...10 V
AC/DC 24 V, stetig
Laufzeit Motor 150 s / 90°
Arbeitsbereich 2...10 V
Stellungsrückmeldung 2...10 V;AC/DC 24 V, stetigLaufzeit Motor 150 s / 90°Arbeitsbereich 2...10 VStellungsrückmeldung 2...10 V;Luftklappenantrieb 5 Nm, 24 V
AC/DC 24 V, stetigLaufzeit Motor 150 s / 90°Arbeitsbereich 2...10 VStellungsrückmeldung 2...10 V
AC/DC 24 V, stetig
Laufzeit Motor 150 s / 90°
Arbeitsbereich 2...10 V
Stellungsrückmeldung 2...10 V;Stk;;;;;
US67;Luftklappenantrieb 10 Nm, 240 V;198;Stk;1;Auf/Zu, 3-PunktLaufzeit Motor 150 s / 90°IP54, Handverstellung mit Drucktaste, arretierbar,Anschluss;Luftklappenantrieb 10 Nm, 240 V
Auf/Zu, 3-PunktLaufzeit Motor 150 s / 90°IP54, Handverstellung mit Drucktaste, arretierbar,Anschluss
Auf/Zu, 3-Punkt
Laufzeit Motor 150 s / 90°
IP54, Handverstellung mit Drucktaste,
arretierbar,
Anschlusskabel 1m;Auf/Zu, 3-PunktLaufzeit Motor 150 s / 90°IP54, Handverstellung mit Drucktaste, arretierbar,Anschluss;Luftklappenantrieb 10 Nm, 240 V
Auf/Zu, 3-PunktLaufzeit Motor 150 s / 90°IP54, Handverstellung mit Drucktaste, arretierbar,Anschluss
Auf/Zu, 3-Punkt
Laufzeit Motor 150 s / 90°
IP54, Handverstellung mit Drucktaste,
arretierbar,
Anschlusskabel 1m;Stk;;;;;
US68;Luftklappenantrieb 10 Nm, 24 V;278,4;Stk;1;AC/DC 24 V, stetigLaufzeit Motor 150 s / 90°Arbeitsbereich 2...10 VStellungsrückmeldung 2...10 V;Luftklappenantrieb 10 Nm, 24 V
AC/DC 24 V, stetigLaufzeit Motor 150 s / 90°Arbeitsbereich 2...10 VStellungsrückmeldung 2...10 V
AC/DC 24 V, stetig
Laufzeit Motor 150 s / 90°
Arbeitsbereich 2...10 V
Stellungsrückmeldung 2...10 V;AC/DC 24 V, stetigLaufzeit Motor 150 s / 90°Arbeitsbereich 2...10 VStellungsrückmeldung 2...10 V;Luftklappenantrieb 10 Nm, 24 V
AC/DC 24 V, stetigLaufzeit Motor 150 s / 90°Arbeitsbereich 2...10 VStellungsrückmeldung 2...10 V
AC/DC 24 V, stetig
Laufzeit Motor 150 s / 90°
Arbeitsbereich 2...10 V
Stellungsrückmeldung 2...10 V;Stk;;;;;
US69;Luftklappenantrieb 20 Nm, 240 V;225,6;Stk;1;Auf/Zu, 3-PunktLaufzeit Motor 150 s / 90°IP54, Handverstellung mit Drucktaste, arretierbar,Anschluss;Luftklappenantrieb 20 Nm, 240 V
Auf/Zu, 3-PunktLaufzeit Motor 150 s / 90°IP54, Handverstellung mit Drucktaste, arretierbar,Anschluss
Auf/Zu, 3-Punkt
Laufzeit Motor 150 s / 90°
IP54, Handverstellung mit Drucktaste,
arretierbar,
Anschlusskabel 1m;Auf/Zu, 3-PunktLaufzeit Motor 150 s / 90°IP54, Handverstellung mit Drucktaste, arretierbar,Anschluss;Luftklappenantrieb 20 Nm, 240 V
Auf/Zu, 3-PunktLaufzeit Motor 150 s / 90°IP54, Handverstellung mit Drucktaste, arretierbar,Anschluss
Auf/Zu, 3-Punkt
Laufzeit Motor 150 s / 90°
IP54, Handverstellung mit Drucktaste,
arretierbar,
Anschlusskabel 1m;Stk;;;;;
US70;Luftklappenantrieb 20 Nm, 24 V;315,6;Stk;1;AC/DC 24 V, stetigLaufzeit Motor 150 s / 90°Arbeitsbereich 2...10 VStellungsrückmeldung 2...10 V;Luftklappenantrieb 20 Nm, 24 V
AC/DC 24 V, stetigLaufzeit Motor 150 s / 90°Arbeitsbereich 2...10 VStellungsrückmeldung 2...10 V
AC/DC 24 V, stetig
Laufzeit Motor 150 s / 90°
Arbeitsbereich 2...10 V
Stellungsrückmeldung 2...10 V;AC/DC 24 V, stetigLaufzeit Motor 150 s / 90°Arbeitsbereich 2...10 VStellungsrückmeldung 2...10 V;Luftklappenantrieb 20 Nm, 24 V
AC/DC 24 V, stetigLaufzeit Motor 150 s / 90°Arbeitsbereich 2...10 VStellungsrückmeldung 2...10 V
AC/DC 24 V, stetig
Laufzeit Motor 150 s / 90°
Arbeitsbereich 2...10 V
Stellungsrückmeldung 2...10 V;Stk;;;;;
US71;Luftklappenantrieb mit Notstellfunktion  4 Nm, 230 V;268,1;Stk;1;Auf/ZuLaufzeit Motor 40...75 s / 90°Laufzeit Notstellfunktion <20 s / 90°, IP54, Handverstellung Nei;Luftklappenantrieb mit Notstellfunktion  4 Nm, 230 V
Auf/ZuLaufzeit Motor 40...75 s / 90°Laufzeit Notstellfunktion <20 s / 90°, IP54, Handverstellung Nei
Auf/Zu
Laufzeit Motor 40...75 s / 90°
Laufzeit Notstellfunktion <20 s / 90°,
IP54, Handverstellung Nein;Auf/ZuLaufzeit Motor 40...75 s / 90°Laufzeit Notstellfunktion <20 s / 90°, IP54, Handverstellung Nei;Luftklappenantrieb mit Notstellfunktion  4 Nm, 230 V
Auf/ZuLaufzeit Motor 40...75 s / 90°Laufzeit Notstellfunktion <20 s / 90°, IP54, Handverstellung Nei
Auf/Zu
Laufzeit Motor 40...75 s / 90°
Laufzeit Notstellfunktion <20 s / 90°,
IP54, Handverstellung Nein;Stk;;;;;
US72;Luftklappenantrieb mit Notstellfunktion  10 Nm;368,5;Stk;1;AC 24...240 V /DC 24...125 V,Auf/ZuLaufzeit Motor 75 s / 90°Laufzeit Notstellfunktion <20 s / 90°, I;Luftklappenantrieb mit Notstellfunktion  10 Nm
AC 24...240 V /DC 24...125 V,Auf/ZuLaufzeit Motor 75 s / 90°Laufzeit Notstellfunktion <20 s / 90°, I
AC 24...240 V /DC 24...125 V,
Auf/Zu
Laufzeit Motor 75 s / 90°
Laufzeit Notstellfunktion <20 s / 90°,
IP54, Handverstellung durch Handkurbel
und Verriegelungsschalter.;AC 24...240 V /DC 24...125 V,Auf/ZuLaufzeit Motor 75 s / 90°Laufzeit Notstellfunktion <20 s / 90°, I;Luftklappenantrieb mit Notstellfunktion  10 Nm
AC 24...240 V /DC 24...125 V,Auf/ZuLaufzeit Motor 75 s / 90°Laufzeit Notstellfunktion <20 s / 90°, I
AC 24...240 V /DC 24...125 V,
Auf/Zu
Laufzeit Motor 75 s / 90°
Laufzeit Notstellfunktion <20 s / 90°,
IP54, Handverstellung durch Handkurbel
und Verriegelungsschalter.;Stk;;;;;
US73;Luftklappenantrieb mit Notstellfunktion  20 Nm;441,5;Stk;1;AC 24...240 V /DC 24...125 V,Auf/ZuLaufzeit Motor 75 s / 90°Laufzeit Notstellfunktion <20 s / 90°, I;Luftklappenantrieb mit Notstellfunktion  20 Nm
AC 24...240 V /DC 24...125 V,Auf/ZuLaufzeit Motor 75 s / 90°Laufzeit Notstellfunktion <20 s / 90°, I
AC 24...240 V /DC 24...125 V,
Auf/Zu
Laufzeit Motor 75 s / 90°
Laufzeit Notstellfunktion <20 s / 90°,
IP54, Handverstellung durch Handkurbel
und Verriegelungsschalter.;AC 24...240 V /DC 24...125 V,Auf/ZuLaufzeit Motor 75 s / 90°Laufzeit Notstellfunktion <20 s / 90°, I;Luftklappenantrieb mit Notstellfunktion  20 Nm
AC 24...240 V /DC 24...125 V,Auf/ZuLaufzeit Motor 75 s / 90°Laufzeit Notstellfunktion <20 s / 90°, I
AC 24...240 V /DC 24...125 V,
Auf/Zu
Laufzeit Motor 75 s / 90°
Laufzeit Notstellfunktion <20 s / 90°,
IP54, Handverstellung durch Handkurbel
und Verriegelungsschalter.;Stk;;;;;
UT01;Universum-Raumcontroller UP-Temperatur;185,6;Stk;1;Elektronischer Raumtemperaturregler im formschönen Schalterprogramm Gira Standard 55 mit Sollwertste;Universum-Raumcontroller UP-Temperatur
Elektronischer Raumtemperaturregler im formschönen Schalterprogramm Gira Standard 55 mit Sollwertste
Elektronischer Raumtemperaturregler im
formschönen Schalterprogramm Gira
Standard 55 mit Sollwertsteller
(+/-3°C), Endstellungen für Absenk- und
Partyfunktion
Einsatzbereich von +5°C bis +40°C,
CAN busfähig, Farbe reinweiß;Elektronischer Raumtemperaturregler im formschönen Schalterprogramm Gira Standard 55 mit Sollwertste;Universum-Raumcontroller UP-Temperatur
Elektronischer Raumtemperaturregler im formschönen Schalterprogramm Gira Standard 55 mit Sollwertste
Elektronischer Raumtemperaturregler im
formschönen Schalterprogramm Gira
Standard 55 mit Sollwertsteller
(+/-3°C), Endstellungen für Absenk- und
Partyfunktion
Einsatzbereich von +5°C bis +40°C,
CAN busfähig, Farbe reinweiß;Stk;;;;;
UT02;Universum-Raumcontroller UP-Feuchte;345,2;Stk;1;Elektronischer Raumtemperaturregler im formschönen Schalterprogramm Gira Standard 55 mit Sollwertste;Universum-Raumcontroller UP-Feuchte
Elektronischer Raumtemperaturregler im formschönen Schalterprogramm Gira Standard 55 mit Sollwertste
Elektronischer Raumtemperaturregler im
formschönen Schalterprogramm Gira
Standard 55 mit Sollwertsteller
(+/-3°C), Endstellungen für Absenk- und
Partyfunktion
Einsatzbereich von +5°C bis +40°C,
CAN busfähig, Farbe reinweiß;Elektronischer Raumtemperaturregler im formschönen Schalterprogramm Gira Standard 55 mit Sollwertste;Universum-Raumcontroller UP-Feuchte
Elektronischer Raumtemperaturregler im formschönen Schalterprogramm Gira Standard 55 mit Sollwertste
Elektronischer Raumtemperaturregler im
formschönen Schalterprogramm Gira
Standard 55 mit Sollwertsteller
(+/-3°C), Endstellungen für Absenk- und
Partyfunktion
Einsatzbereich von +5°C bis +40°C,
CAN busfähig, Farbe reinweiß;Stk;;;;;
UT05;Blinddeckel f.Type A u.Raumcontroller Aufputz;4,8;Stk;1;Oberteil ohne Stellrad;Blinddeckel f.Type A u.Raumcontroller Aufputz
Oberteil ohne Stellrad;Oberteil ohne Stellrad;Blinddeckel f.Type A u.Raumcontroller Aufputz
Oberteil ohne Stellrad;Stk;;;;;
UT07;Adapterrahmen f. Typ A u. Raumcontroller;6,6;Stk;1;für Raumcontroller und Raumtemperaturregler Type AAbdeckplatte für UP-Dosen bis 70 mm;Adapterrahmen f. Typ A u. Raumcontroller
für Raumcontroller und Raumtemperaturregler Type AAbdeckplatte für UP-Dosen bis 70 mm
Adapterrahmen für Raumcontroller und
Raumtemperaturregler Type A
Abdeckplatte für UP-Dosen bsi 70 mm;für Raumcontroller und Raumtemperaturregler Type AAbdeckplatte für UP-Dosen bis 70 mm;Adapterrahmen f. Typ A u. Raumcontroller
für Raumcontroller und Raumtemperaturregler Type AAbdeckplatte für UP-Dosen bis 70 mm
Adapterrahmen für Raumcontroller und
Raumtemperaturregler Type A
Abdeckplatte für UP-Dosen bsi 70 mm;Stk;;;;;
VO02;HA-OVALVERTEILER 2 Gruppen 1-4 l/min;233,3;Stk;1;Vorlaufmodule mit Thermostatventilen,Rücklaufmodule mit integriertenDurchflussmengenreglern, komplet;HA-OVALVERTEILER 2 Gruppen 1-4 l/min
Vorlaufmodule mit Thermostatventilen,Rücklaufmodule mit integriertenDurchflussmengenreglern, komplet
Vorlaufmodule mit Thermostatventilen,
Rücklaufmodule mit intergrierten
Durchflussmengenreglern, komplett
verschweißt, System fertig ausgestattet.
 
bestehend aus:
entsprechende Anzahl Vorlaufmodule
entsprechende Anzahl Rücklaufmodule
entsprechende Anzahl Raumbezeichnungs
schilder
 
2 Stk. Anschlussmodule
2 Stk. Endmodule
2 Stk. Scheibenthermometer
2 Stk. Entlüftungsventile
2 Stk. Füll- u. Entlehrungshähne
2 Stk. Wandhalter
4 Stk. Schrauben u. Dübel
2 Stk. Adapter pro Gruppe ø 21x2,4;Vorlaufmodule mit Thermostatventilen,Rücklaufmodule mit integriertenDurchflussmengenreglern, komplet;HA-OVALVERTEILER 2 Gruppen 1-4 l/min
Vorlaufmodule mit Thermostatventilen,Rücklaufmodule mit integriertenDurchflussmengenreglern, komplet
Vorlaufmodule mit Thermostatventilen,
Rücklaufmodule mit intergrierten
Durchflussmengenreglern, komplett
verschweißt, System fertig ausgestattet.
 
bestehend aus:
entsprechende Anzahl Vorlaufmodule
entsprechende Anzahl Rücklaufmodule
entsprechende Anzahl Raumbezeichnungs
schilder
 
2 Stk. Anschlussmodule
2 Stk. Endmodule
2 Stk. Scheibenthermometer
2 Stk. Entlüftungsventile
2 Stk. Füll- u. Entlehrungshähne
2 Stk. Wandhalter
4 Stk. Schrauben u. Dübel
2 Stk. Adapter pro Gruppe ø 21x2,4;Stk;;;;;
VO03;HA-OVALVERTEILER 3 Gruppen 1-4 l/min;268,5;Stk;1;Vorlaufmodule mit Thermostatventilen,Rücklaufmodule mit integriertenDurchflussmengenreglern, komplet;HA-OVALVERTEILER 3 Gruppen 1-4 l/min
Vorlaufmodule mit Thermostatventilen,Rücklaufmodule mit integriertenDurchflussmengenreglern, komplet
Vorlaufmodule mit Thermostatventilen,
Rücklaufmodule mit intergrierten
Durchflussmengenreglern, komplett
verschweißt, System fertig ausgestattet.
 
bestehend aus:
entsprechende Anzahl Vorlaufmodule
entsprechende Anzahl Rücklaufmodule
entsprechende Anzahl Raumbezeichnungs
schilder
 
2 Stk. Anschlussmodule
2 Stk. Endmodule
2 Stk. Scheibenthermometer
2 Stk. Entlüftungsventile
2 Stk. Füll- u. Entlehrungshähne
2 Stk. Wandhalter
4 Stk. Schrauben u. Dübel
2 Stk. Adapter pro Gruppe ø 21x2,4;Vorlaufmodule mit Thermostatventilen,Rücklaufmodule mit integriertenDurchflussmengenreglern, komplet;HA-OVALVERTEILER 3 Gruppen 1-4 l/min
Vorlaufmodule mit Thermostatventilen,Rücklaufmodule mit integriertenDurchflussmengenreglern, komplet
Vorlaufmodule mit Thermostatventilen,
Rücklaufmodule mit intergrierten
Durchflussmengenreglern, komplett
verschweißt, System fertig ausgestattet.
 
bestehend aus:
entsprechende Anzahl Vorlaufmodule
entsprechende Anzahl Rücklaufmodule
entsprechende Anzahl Raumbezeichnungs
schilder
 
2 Stk. Anschlussmodule
2 Stk. Endmodule
2 Stk. Scheibenthermometer
2 Stk. Entlüftungsventile
2 Stk. Füll- u. Entlehrungshähne
2 Stk. Wandhalter
4 Stk. Schrauben u. Dübel
2 Stk. Adapter pro Gruppe ø 21x2,4;Stk;;;;;
VO04;HA-OVALVERTEILER 4 Gruppen 1-4 l/min;316,4;Stk;1;Vorlaufmodule mit Thermostatventilen,Rücklaufmodule mit integriertenDurchflussmengenreglern, komplet;HA-OVALVERTEILER 4 Gruppen 1-4 l/min
Vorlaufmodule mit Thermostatventilen,Rücklaufmodule mit integriertenDurchflussmengenreglern, komplet
Vorlaufmodule mit Thermostatventilen,
Rücklaufmodule mit intergrierten
Durchflussmengenreglern, komplett
verschweißt, System fertig ausgestattet.
 
bestehend aus:
entsprechende Anzahl Vorlaufmodule
entsprechende Anzahl Rücklaufmodule
entsprechende Anzahl Raumbezeichnungs
schilder
 
2 Stk. Anschlussmodule
2 Stk. Endmodule
2 Stk. Scheibenthermometer
2 Stk. Entlüftungsventile
2 Stk. Füll- u. Entlehrungshähne
2 Stk. Wandhalter
4 Stk. Schrauben u. Dübel
2 Stk. Adapter pro Gruppe ø 21x2,4;Vorlaufmodule mit Thermostatventilen,Rücklaufmodule mit integriertenDurchflussmengenreglern, komplet;HA-OVALVERTEILER 4 Gruppen 1-4 l/min
Vorlaufmodule mit Thermostatventilen,Rücklaufmodule mit integriertenDurchflussmengenreglern, komplet
Vorlaufmodule mit Thermostatventilen,
Rücklaufmodule mit intergrierten
Durchflussmengenreglern, komplett
verschweißt, System fertig ausgestattet.
 
bestehend aus:
entsprechende Anzahl Vorlaufmodule
entsprechende Anzahl Rücklaufmodule
entsprechende Anzahl Raumbezeichnungs
schilder
 
2 Stk. Anschlussmodule
2 Stk. Endmodule
2 Stk. Scheibenthermometer
2 Stk. Entlüftungsventile
2 Stk. Füll- u. Entlehrungshähne
2 Stk. Wandhalter
4 Stk. Schrauben u. Dübel
2 Stk. Adapter pro Gruppe ø 21x2,4;Stk;;;;;
VO05;HA-OVALVERTEILER 5 Gruppen 1-4 l/min;353;Stk;1;Vorlaufmodule mit Thermostatventilen,Rücklaufmodule mit integriertenDurchflussmengenreglern, komplet;HA-OVALVERTEILER 5 Gruppen 1-4 l/min
Vorlaufmodule mit Thermostatventilen,Rücklaufmodule mit integriertenDurchflussmengenreglern, komplet
Vorlaufmodule mit Thermostatventilen,
Rücklaufmodule mit intergrierten
Durchflussmengenreglern, komplett
verschweißt, System fertig ausgestattet.
 
bestehend aus:
entsprechende Anzahl Vorlaufmodule
entsprechende Anzahl Rücklaufmodule
entsprechende Anzahl Raumbezeichnungs
schilder
 
2 Stk. Anschlussmodule
2 Stk. Endmodule
2 Stk. Scheibenthermometer
2 Stk. Entlüftungsventile
2 Stk. Füll- u. Entlehrungshähne
2 Stk. Wandhalter
4 Stk. Schrauben u. Dübel
2 Stk. Adapter pro Gruppe ø 21x2,4;Vorlaufmodule mit Thermostatventilen,Rücklaufmodule mit integriertenDurchflussmengenreglern, komplet;HA-OVALVERTEILER 5 Gruppen 1-4 l/min
Vorlaufmodule mit Thermostatventilen,Rücklaufmodule mit integriertenDurchflussmengenreglern, komplet
Vorlaufmodule mit Thermostatventilen,
Rücklaufmodule mit intergrierten
Durchflussmengenreglern, komplett
verschweißt, System fertig ausgestattet.
 
bestehend aus:
entsprechende Anzahl Vorlaufmodule
entsprechende Anzahl Rücklaufmodule
entsprechende Anzahl Raumbezeichnungs
schilder
 
2 Stk. Anschlussmodule
2 Stk. Endmodule
2 Stk. Scheibenthermometer
2 Stk. Entlüftungsventile
2 Stk. Füll- u. Entlehrungshähne
2 Stk. Wandhalter
4 Stk. Schrauben u. Dübel
2 Stk. Adapter pro Gruppe ø 21x2,4;Stk;;;;;
VO06;HA-OVALVERTEILER 6 Gruppen 1-4 l/min;389,6;Stk;1;Vorlaufmodule mit Thermostatventilen,Rücklaufmodule mit integriertenDurchflussmengenreglern, komplet;HA-OVALVERTEILER 6 Gruppen 1-4 l/min
Vorlaufmodule mit Thermostatventilen,Rücklaufmodule mit integriertenDurchflussmengenreglern, komplet
Vorlaufmodule mit Thermostatventilen,
Rücklaufmodule mit intergrierten
Durchflussmengenreglern, komplett
verschweißt, System fertig ausgestattet.
 
bestehend aus:
entsprechende Anzahl Vorlaufmodule
entsprechende Anzahl Rücklaufmodule
entsprechende Anzahl Raumbezeichnungs
schilder
 
2 Stk. Anschlussmodule
2 Stk. Endmodule
2 Stk. Scheibenthermometer
2 Stk. Entlüftungsventile
2 Stk. Füll- u. Entlehrungshähne
2 Stk. Wandhalter
4 Stk. Schrauben u. Dübel
2 Stk. Adapter pro Gruppe ø 21x2,4;Vorlaufmodule mit Thermostatventilen,Rücklaufmodule mit integriertenDurchflussmengenreglern, komplet;HA-OVALVERTEILER 6 Gruppen 1-4 l/min
Vorlaufmodule mit Thermostatventilen,Rücklaufmodule mit integriertenDurchflussmengenreglern, komplet
Vorlaufmodule mit Thermostatventilen,
Rücklaufmodule mit intergrierten
Durchflussmengenreglern, komplett
verschweißt, System fertig ausgestattet.
 
bestehend aus:
entsprechende Anzahl Vorlaufmodule
entsprechende Anzahl Rücklaufmodule
entsprechende Anzahl Raumbezeichnungs
schilder
 
2 Stk. Anschlussmodule
2 Stk. Endmodule
2 Stk. Scheibenthermometer
2 Stk. Entlüftungsventile
2 Stk. Füll- u. Entlehrungshähne
2 Stk. Wandhalter
4 Stk. Schrauben u. Dübel
2 Stk. Adapter pro Gruppe ø 21x2,4;Stk;;;;;
VO07;HA-OVALVERTEILER 7 Gruppen 1-4 l/min;436,1;Stk;1;Vorlaufmodule mit Thermostatventilen,Rücklaufmodule mit integriertenDurchflussmengenreglern, komplet;HA-OVALVERTEILER 7 Gruppen 1-4 l/min
Vorlaufmodule mit Thermostatventilen,Rücklaufmodule mit integriertenDurchflussmengenreglern, komplet
Vorlaufmodule mit Thermostatventilen,
Rücklaufmodule mit intergrierten
Durchflussmengenreglern, komplett
verschweißt, System fertig ausgestattet.
 
bestehend aus:
entsprechende Anzahl Vorlaufmodule
entsprechende Anzahl Rücklaufmodule
entsprechende Anzahl Raumbezeichnungs
schilder
 
2 Stk. Anschlussmodule
2 Stk. Endmodule
2 Stk. Scheibenthermometer
2 Stk. Entlüftungsventile
2 Stk. Füll- u. Entlehrungshähne
2 Stk. Wandhalter
4 Stk. Schrauben u. Dübel
2 Stk. Adapter pro Gruppe ø 21x2,4;Vorlaufmodule mit Thermostatventilen,Rücklaufmodule mit integriertenDurchflussmengenreglern, komplet;HA-OVALVERTEILER 7 Gruppen 1-4 l/min
Vorlaufmodule mit Thermostatventilen,Rücklaufmodule mit integriertenDurchflussmengenreglern, komplet
Vorlaufmodule mit Thermostatventilen,
Rücklaufmodule mit intergrierten
Durchflussmengenreglern, komplett
verschweißt, System fertig ausgestattet.
 
bestehend aus:
entsprechende Anzahl Vorlaufmodule
entsprechende Anzahl Rücklaufmodule
entsprechende Anzahl Raumbezeichnungs
schilder
 
2 Stk. Anschlussmodule
2 Stk. Endmodule
2 Stk. Scheibenthermometer
2 Stk. Entlüftungsventile
2 Stk. Füll- u. Entlehrungshähne
2 Stk. Wandhalter
4 Stk. Schrauben u. Dübel
2 Stk. Adapter pro Gruppe ø 21x2,4;Stk;;;;;
VO08;HA-OVALVERTEILER 8 Gruppen 1-4 l/min;472,8;Stk;1;Vorlaufmodule mit Thermostatventilen,Rücklaufmodule mit integriertenDurchflussmengenreglern, komplet;HA-OVALVERTEILER 8 Gruppen 1-4 l/min
Vorlaufmodule mit Thermostatventilen,Rücklaufmodule mit integriertenDurchflussmengenreglern, komplet
Vorlaufmodule mit Thermostatventilen,
Rücklaufmodule mit intergrierten
Durchflussmengenreglern, komplett
verschweißt, System fertig ausgestattet.
 
bestehend aus:
entsprechende Anzahl Vorlaufmodule
entsprechende Anzahl Rücklaufmodule
entsprechende Anzahl Raumbezeichnungs
schilder
 
2 Stk. Anschlussmodule
2 Stk. Endmodule
2 Stk. Scheibenthermometer
2 Stk. Entlüftungsventile
2 Stk. Füll- u. Entlehrungshähne
2 Stk. Wandhalter
4 Stk. Schrauben u. Dübel
2 Stk. Adapter pro Gruppe ø 21x2,4;Vorlaufmodule mit Thermostatventilen,Rücklaufmodule mit integriertenDurchflussmengenreglern, komplet;HA-OVALVERTEILER 8 Gruppen 1-4 l/min
Vorlaufmodule mit Thermostatventilen,Rücklaufmodule mit integriertenDurchflussmengenreglern, komplet
Vorlaufmodule mit Thermostatventilen,
Rücklaufmodule mit intergrierten
Durchflussmengenreglern, komplett
verschweißt, System fertig ausgestattet.
 
bestehend aus:
entsprechende Anzahl Vorlaufmodule
entsprechende Anzahl Rücklaufmodule
entsprechende Anzahl Raumbezeichnungs
schilder
 
2 Stk. Anschlussmodule
2 Stk. Endmodule
2 Stk. Scheibenthermometer
2 Stk. Entlüftungsventile
2 Stk. Füll- u. Entlehrungshähne
2 Stk. Wandhalter
4 Stk. Schrauben u. Dübel
2 Stk. Adapter pro Gruppe ø 21x2,4;Stk;;;;;
VO09;HA-OVALVERTEILER 9 Gruppen 1-4 l/min;509;Stk;1;Vorlaufmodule mit Thermostatventilen,Rücklaufmodule mit integriertenDurchflussmengenreglern, komplet;HA-OVALVERTEILER 9 Gruppen 1-4 l/min
Vorlaufmodule mit Thermostatventilen,Rücklaufmodule mit integriertenDurchflussmengenreglern, komplet
Vorlaufmodule mit Thermostatventilen,
Rücklaufmodule mit intergrierten
Durchflussmengenreglern, komplett
verschweißt, System fertig ausgestattet.
 
bestehend aus:
entsprechende Anzahl Vorlaufmodule
entsprechende Anzahl Rücklaufmodule
entsprechende Anzahl Raumbezeichnungs
schilder
 
2 Stk. Anschlussmodule
2 Stk. Endmodule
2 Stk. Scheibenthermometer
2 Stk. Entlüftungsventile
2 Stk. Füll- u. Entlehrungshähne
2 Stk. Wandhalter
4 Stk. Schrauben u. Dübel
2 Stk. Adapter pro Gruppe ø 21x2,4;Vorlaufmodule mit Thermostatventilen,Rücklaufmodule mit integriertenDurchflussmengenreglern, komplet;HA-OVALVERTEILER 9 Gruppen 1-4 l/min
Vorlaufmodule mit Thermostatventilen,Rücklaufmodule mit integriertenDurchflussmengenreglern, komplet
Vorlaufmodule mit Thermostatventilen,
Rücklaufmodule mit intergrierten
Durchflussmengenreglern, komplett
verschweißt, System fertig ausgestattet.
 
bestehend aus:
entsprechende Anzahl Vorlaufmodule
entsprechende Anzahl Rücklaufmodule
entsprechende Anzahl Raumbezeichnungs
schilder
 
2 Stk. Anschlussmodule
2 Stk. Endmodule
2 Stk. Scheibenthermometer
2 Stk. Entlüftungsventile
2 Stk. Füll- u. Entlehrungshähne
2 Stk. Wandhalter
4 Stk. Schrauben u. Dübel
2 Stk. Adapter pro Gruppe ø 21x2,4;Stk;;;;;
VO10;HA-OVALVERTEILER 10 Gruppen 1-4 l/min;555;Stk;1;Vorlaufmodule mit Thermostatventilen,Rücklaufmodule mit integriertenDurchflussmengenreglern, komplet;HA-OVALVERTEILER 10 Gruppen 1-4 l/min
Vorlaufmodule mit Thermostatventilen,Rücklaufmodule mit integriertenDurchflussmengenreglern, komplet
Vorlaufmodule mit Thermostatventilen,
Rücklaufmodule mit intergrierten
Durchflussmengenreglern, komplett
verschweißt, System fertig ausgestattet.
 
bestehend aus:
entsprechende Anzahl Vorlaufmodule
entsprechende Anzahl Rücklaufmodule
entsprechende Anzahl Raumbezeichnungs
schilder
 
2 Stk. Anschlussmodule
2 Stk. Endmodule
2 Stk. Scheibenthermometer
2 Stk. Entlüftungsventile
2 Stk. Füll- u. Entlehrungshähne
2 Stk. Wandhalter
4 Stk. Schrauben u. Dübel
2 Stk. Adapter pro Gruppe ø 21x2,4;Vorlaufmodule mit Thermostatventilen,Rücklaufmodule mit integriertenDurchflussmengenreglern, komplet;HA-OVALVERTEILER 10 Gruppen 1-4 l/min
Vorlaufmodule mit Thermostatventilen,Rücklaufmodule mit integriertenDurchflussmengenreglern, komplet
Vorlaufmodule mit Thermostatventilen,
Rücklaufmodule mit intergrierten
Durchflussmengenreglern, komplett
verschweißt, System fertig ausgestattet.
 
bestehend aus:
entsprechende Anzahl Vorlaufmodule
entsprechende Anzahl Rücklaufmodule
entsprechende Anzahl Raumbezeichnungs
schilder
 
2 Stk. Anschlussmodule
2 Stk. Endmodule
2 Stk. Scheibenthermometer
2 Stk. Entlüftungsventile
2 Stk. Füll- u. Entlehrungshähne
2 Stk. Wandhalter
4 Stk. Schrauben u. Dübel
2 Stk. Adapter pro Gruppe ø 21x2,4;Stk;;;;;
VO11;HA-OVALVERTEILER 11 Gruppen 1-4 l/min;594;Stk;1;Vorlaufmodule mit Thermostatventilen,Rücklaufmodule mit integriertenDurchflussmengenreglern, komplet;HA-OVALVERTEILER 11 Gruppen 1-4 l/min
Vorlaufmodule mit Thermostatventilen,Rücklaufmodule mit integriertenDurchflussmengenreglern, komplet
Vorlaufmodule mit Thermostatventilen,
Rücklaufmodule mit intergrierten
Durchflussmengenreglern, komplett
verschweißt, System fertig ausgestattet.
 
bestehend aus:
entsprechende Anzahl Vorlaufmodule
entsprechende Anzahl Rücklaufmodule
entsprechende Anzahl Raumbezeichnungs
schilder
 
2 Stk. Anschlussmodule
2 Stk. Endmodule
2 Stk. Scheibenthermometer
2 Stk. Entlüftungsventile
2 Stk. Füll- u. Entlehrungshähne
2 Stk. Wandhalter
4 Stk. Schrauben u. Dübel
2 Stk. Adapter pro Gruppe ø 21x2,4;Vorlaufmodule mit Thermostatventilen,Rücklaufmodule mit integriertenDurchflussmengenreglern, komplet;HA-OVALVERTEILER 11 Gruppen 1-4 l/min
Vorlaufmodule mit Thermostatventilen,Rücklaufmodule mit integriertenDurchflussmengenreglern, komplet
Vorlaufmodule mit Thermostatventilen,
Rücklaufmodule mit intergrierten
Durchflussmengenreglern, komplett
verschweißt, System fertig ausgestattet.
 
bestehend aus:
entsprechende Anzahl Vorlaufmodule
entsprechende Anzahl Rücklaufmodule
entsprechende Anzahl Raumbezeichnungs
schilder
 
2 Stk. Anschlussmodule
2 Stk. Endmodule
2 Stk. Scheibenthermometer
2 Stk. Entlüftungsventile
2 Stk. Füll- u. Entlehrungshähne
2 Stk. Wandhalter
4 Stk. Schrauben u. Dübel
2 Stk. Adapter pro Gruppe ø 21x2,4;Stk;;;;;
VO12;HA-OVALVERTEILER 12 Gruppen 1-4 l/min;630;Stk;1;Vorlaufmodule mit Thermostatventilen,Rücklaufmodule mit integriertenDurchflussmengenreglern, komplet;HA-OVALVERTEILER 12 Gruppen 1-4 l/min
Vorlaufmodule mit Thermostatventilen,Rücklaufmodule mit integriertenDurchflussmengenreglern, komplet
Vorlaufmodule mit Thermostatventilen,
Rücklaufmodule mit intergrierten
Durchflussmengenreglern, komplett
verschweißt, System fertig ausgestattet.
 
bestehend aus:
entsprechende Anzahl Vorlaufmodule
entsprechende Anzahl Rücklaufmodule
entsprechende Anzahl Raumbezeichnungs
schilder
 
2 Stk. Anschlussmodule
2 Stk. Endmodule
2 Stk. Scheibenthermometer
2 Stk. Entlüftungsventile
2 Stk. Füll- u. Entlehrungshähne
2 Stk. Wandhalter
4 Stk. Schrauben u. Dübel
2 Stk. Adapter pro Gruppe ø 21x2,4;Vorlaufmodule mit Thermostatventilen,Rücklaufmodule mit integriertenDurchflussmengenreglern, komplet;HA-OVALVERTEILER 12 Gruppen 1-4 l/min
Vorlaufmodule mit Thermostatventilen,Rücklaufmodule mit integriertenDurchflussmengenreglern, komplet
Vorlaufmodule mit Thermostatventilen,
Rücklaufmodule mit intergrierten
Durchflussmengenreglern, komplett
verschweißt, System fertig ausgestattet.
 
bestehend aus:
entsprechende Anzahl Vorlaufmodule
entsprechende Anzahl Rücklaufmodule
entsprechende Anzahl Raumbezeichnungs
schilder
 
2 Stk. Anschlussmodule
2 Stk. Endmodule
2 Stk. Scheibenthermometer
2 Stk. Entlüftungsventile
2 Stk. Füll- u. Entlehrungshähne
2 Stk. Wandhalter
4 Stk. Schrauben u. Dübel
2 Stk. Adapter pro Gruppe ø 21x2,4;Stk;;;;;
VO13;HA-OVALVERTEILER 13 Gruppen 1-4 l/min;675;Stk;1;Vorlaufmodule mit Thermostatventilen,Rücklaufmodule mit integriertenDurchflussmengenreglern, komplet;HA-OVALVERTEILER 13 Gruppen 1-4 l/min
Vorlaufmodule mit Thermostatventilen,Rücklaufmodule mit integriertenDurchflussmengenreglern, komplet;Vorlaufmodule mit Thermostatventilen,Rücklaufmodule mit integriertenDurchflussmengenreglern, komplet;HA-OVALVERTEILER 13 Gruppen 1-4 l/min
Vorlaufmodule mit Thermostatventilen,Rücklaufmodule mit integriertenDurchflussmengenreglern, komplet;Stk;;;;;
VO14;HA-OVALVERTEILER 14 Gruppen 1-4 l/min;685;Stk;1;Vorlaufmodule mit Thermostatventilen,Rücklaufmodule mit integriertenDurchflussmengenreglern, komplet;HA-OVALVERTEILER 14 Gruppen 1-4 l/min
Vorlaufmodule mit Thermostatventilen,Rücklaufmodule mit integriertenDurchflussmengenreglern, komplet;Vorlaufmodule mit Thermostatventilen,Rücklaufmodule mit integriertenDurchflussmengenreglern, komplet;HA-OVALVERTEILER 14 Gruppen 1-4 l/min
Vorlaufmodule mit Thermostatventilen,Rücklaufmodule mit integriertenDurchflussmengenreglern, komplet;Stk;;;;;
VO15;HA-OVALVERTEILER 15 Gruppen 1-4 l/min;714;Stk;1;Vorlaufmodule mit Thermostatventilen,Rücklaufmodule mit integriertenDurchflussmengenreglern, komplet;HA-OVALVERTEILER 15 Gruppen 1-4 l/min
Vorlaufmodule mit Thermostatventilen,Rücklaufmodule mit integriertenDurchflussmengenreglern, komplet;Vorlaufmodule mit Thermostatventilen,Rücklaufmodule mit integriertenDurchflussmengenreglern, komplet;HA-OVALVERTEILER 15 Gruppen 1-4 l/min
Vorlaufmodule mit Thermostatventilen,Rücklaufmodule mit integriertenDurchflussmengenreglern, komplet;Stk;;;;;
VO41;ADAPTER für Kunststoffrohr 21 x 2,4;3,56;Stk;10;Tülle, Klemmring, Mutter;ADAPTER für Kunststoffrohr 21 x 2,4
Tülle, Klemmring, Mutter;Tülle, Klemmring, Mutter;ADAPTER für Kunststoffrohr 21 x 2,4
Tülle, Klemmring, Mutter;Stk;;;;;
VO42;ADAPTER für Kunststoffrohr 17 x 2;3,56;Stk;10;Tülle, Klemmring, Mutter;ADAPTER für Kunststoffrohr 17 x 2
Tülle, Klemmring, Mutter;Tülle, Klemmring, Mutter;ADAPTER für Kunststoffrohr 17 x 2
Tülle, Klemmring, Mutter;Stk;;;;;
VO44;STELLANTRIEB 230V, stromlos geschlossen;36,6;Stk;1;Stellantrieb zur Montage amOvalverteiler, 1m Anschlusskabel, mit integriertem Varistor als Überspann;STELLANTRIEB 230V, stromlos geschlossen
Stellantrieb zur Montage amOvalverteiler, 1m Anschlusskabel, mit integriertem Varistor als Überspann
Stellantrieb zur Montage am
Modulverteiler oder Zonenventil, mit
Stellungsanzeige, stromlos geschlossen,
Adapter für die gängigsten Verteiler-
und Ventilhersteller erhältlich;Stellantrieb zur Montage amOvalverteiler, 1m Anschlusskabel, mit integriertem Varistor als Überspann;STELLANTRIEB 230V, stromlos geschlossen
Stellantrieb zur Montage amOvalverteiler, 1m Anschlusskabel, mit integriertem Varistor als Überspann
Stellantrieb zur Montage am
Modulverteiler oder Zonenventil, mit
Stellungsanzeige, stromlos geschlossen,
Adapter für die gängigsten Verteiler-
und Ventilhersteller erhältlich;Stk;;;;;
VO45;THERMOMETER 0-60° d 63 mm f. Ovalvert.;10,4;Stk;1;Schaftlänge 50 mm;THERMOMETER 0-60° d 63 mm f. Ovalvert.
Schaftlänge 50 mm;Schaftlänge 50 mm;THERMOMETER 0-60° d 63 mm f. Ovalvert.
Schaftlänge 50 mm;Stk;;;;;
VO46;FÜLL- u. ENTLEERUNGSHAHN  1/2, lang;10;Stk;1;selbstdichtendVPE: 20 Stk.;FÜLL- u. ENTLEERUNGSHAHN  1/2, lang
selbstdichtendVPE: 20 Stk.;selbstdichtendVPE: 20 Stk.;FÜLL- u. ENTLEERUNGSHAHN  1/2, lang
selbstdichtendVPE: 20 Stk.;Stk;;;;;
VO47;ENTLÜFTUNGSVENTIL 1/2;2,87;Stk;1;selbstdichtendVPE: 20 Stk.;ENTLÜFTUNGSVENTIL 1/2
selbstdichtendVPE: 20 Stk.;selbstdichtendVPE: 20 Stk.;ENTLÜFTUNGSVENTIL 1/2
selbstdichtendVPE: 20 Stk.;Stk;;;;;
VO48;HANDRAD für Harreither Ovalverteiler;6,5;Stk;1;Zum Absperren einzelner Heizkreise;HANDRAD für Harreither Ovalverteiler
Zum Absperren einzelner Heizkreise;Zum Absperren einzelner Heizkreise;HANDRAD für Harreither Ovalverteiler
Zum Absperren einzelner Heizkreise;Stk;;;;;
VO51;Vorlaufmodul 2 Gr.;36,9;Stk;1;mit Thermostatventilen und Bauschutzkappen;Vorlaufmodul 2 Gr.
mit Thermostatventilen und Bauschutzkappen;mit Thermostatventilen und Bauschutzkappen;Vorlaufmodul 2 Gr.
mit Thermostatventilen und Bauschutzkappen;Stk;;;;;
VO52;Vorlaufmodul 3 Gr.;51,3;Stk;1;mit Thermostatventilen und Bauschutzkappen;Vorlaufmodul 3 Gr.
mit Thermostatventilen und Bauschutzkappen;mit Thermostatventilen und Bauschutzkappen;Vorlaufmodul 3 Gr.
mit Thermostatventilen und Bauschutzkappen;Stk;;;;;
VO53;Rücklaufmodul 2 Gr.;40,1;Stk;1;mit Durchflussmengenregler;Rücklaufmodul 2 Gr.
mit Durchflussmengenregler;mit Durchflussmengenregler;Rücklaufmodul 2 Gr.
mit Durchflussmengenregler;Stk;;;;;
VO54;Rücklaufmodul 3 Gr.;55,8;Stk;1;mit Durchflussmengenregler;Rücklaufmodul 3 Gr.
mit Durchflussmengenregler;mit Durchflussmengenregler;Rücklaufmodul 3 Gr.
mit Durchflussmengenregler;Stk;;;;;
VO55;Anschlussmodul 6/4AG 1IG;27,6;Stk;1;für Vor- und Rücklauf, mit Aufnahmen für Entlüftungsventil, Füll- und Entleerungshahn und Thermomete;Anschlussmodul 6/4AG 1IG
für Vor- und Rücklauf, mit Aufnahmen für Entlüftungsventil, Füll- und Entleerungshahn und Thermomete
mit Aufnahmen für Entlüftungsventil,
Füll- und Entleerungshahn und
Thermometer;für Vor- und Rücklauf, mit Aufnahmen für Entlüftungsventil, Füll- und Entleerungshahn und Thermomete;Anschlussmodul 6/4AG 1IG
für Vor- und Rücklauf, mit Aufnahmen für Entlüftungsventil, Füll- und Entleerungshahn und Thermomete
mit Aufnahmen für Entlüftungsventil,
Füll- und Entleerungshahn und
Thermometer;Stk;;;;;
VO56;Endmodul;8,23;Stk;1;für Vor- und Rücklauf;Endmodul
für Vor- und Rücklauf;für Vor- und Rücklauf;Endmodul
für Vor- und Rücklauf;Stk;;;;;
VO57;Wandhalter für Ovalverteiler;9,62;Stk;1;VPE: 40 Stk.;Wandhalter für Ovalverteiler
VPE: 40 Stk.;VPE: 40 Stk.;Wandhalter für Ovalverteiler
VPE: 40 Stk.;Stk;;;;;
VO60;EINBAUSCHRANK 2 - 4 Gruppen Typ 1 - weiß;195,4;Stk;1;für Harreither-Ovalverteiler,Unterputzkasten, Blindrahmen mitTüre weiß lackiert,versenktes Schloss,v;EINBAUSCHRANK 2 - 4 Gruppen Typ 1 - weiß
für Harreither-Ovalverteiler,Unterputzkasten, Blindrahmen mitTüre weiß lackiert,versenktes Schloss,v
für Harreither-Ovalverteiler
Unterputzkasten, Blindrahmen mit
Türe weiß lackiert,
versenktes Schloss,
variable Bautiefe 115 -175 mm
Bauhöhe 700 mm,
Bei Verwendung von Flanschkugelhähnen
ist die max. Heizkreisanzahl um jeweils
2 Heizkreise geringer;für Harreither-Ovalverteiler,Unterputzkasten, Blindrahmen mitTüre weiß lackiert,versenktes Schloss,v;EINBAUSCHRANK 2 - 4 Gruppen Typ 1 - weiß
für Harreither-Ovalverteiler,Unterputzkasten, Blindrahmen mitTüre weiß lackiert,versenktes Schloss,v
für Harreither-Ovalverteiler
Unterputzkasten, Blindrahmen mit
Türe weiß lackiert,
versenktes Schloss,
variable Bautiefe 115 -175 mm
Bauhöhe 700 mm,
Bei Verwendung von Flanschkugelhähnen
ist die max. Heizkreisanzahl um jeweils
2 Heizkreise geringer;Stk;;;;;
VO61;EINBAUSCHRANK 5 - 9 Gruppen Typ 2 - weiß;220,6;Stk;1;für Harreither-OvalverteilerUnterputzkasten, Blindrahmen mitTüre weiß lackiert,versenktes Schloss,va;EINBAUSCHRANK 5 - 9 Gruppen Typ 2 - weiß
für Harreither-OvalverteilerUnterputzkasten, Blindrahmen mitTüre weiß lackiert,versenktes Schloss,va
für Harreither-Ovalverteiler
Unterputzkasten, Blindrahmen mit
Türe weiß lackiert,
versenktes Schloss,
variable Bautiefe 115 -175 mm
Bauhöhe 700 mm,
Bei Verwendung von Flanschkugelhähnen
ist die max. Heizkreisanzahl um jeweils
2 Heizkreise geringer;für Harreither-OvalverteilerUnterputzkasten, Blindrahmen mitTüre weiß lackiert,versenktes Schloss,va;EINBAUSCHRANK 5 - 9 Gruppen Typ 2 - weiß
für Harreither-OvalverteilerUnterputzkasten, Blindrahmen mitTüre weiß lackiert,versenktes Schloss,va
für Harreither-Ovalverteiler
Unterputzkasten, Blindrahmen mit
Türe weiß lackiert,
versenktes Schloss,
variable Bautiefe 115 -175 mm
Bauhöhe 700 mm,
Bei Verwendung von Flanschkugelhähnen
ist die max. Heizkreisanzahl um jeweils
2 Heizkreise geringer;Stk;;;;;
VO62;EINBAUSCHRANK 10 - 12 Gruppen Typ 3 - weiß;245,9;Stk;1;für Harreither-OvalverteilerUnterputzkasten, Blindrahmen mitTüre weiß lackiert,versenktes Schloss,va;EINBAUSCHRANK 10 - 12 Gruppen Typ 3 - weiß
für Harreither-OvalverteilerUnterputzkasten, Blindrahmen mitTüre weiß lackiert,versenktes Schloss,va
für Harreither-Ovalverteiler
Unterputzkasten, Blindrahmen mit
Türe weiß lackiert,
versenktes Schloss,
variable Bautiefe 115 -175 mm
Bauhöhe 700 mm,
Bei Verwendung von Flanschkugelhähnen
ist die max. Heizkreisanzahl um jeweils
2 Heizkreise geringer;für Harreither-OvalverteilerUnterputzkasten, Blindrahmen mitTüre weiß lackiert,versenktes Schloss,va;EINBAUSCHRANK 10 - 12 Gruppen Typ 3 - weiß
für Harreither-OvalverteilerUnterputzkasten, Blindrahmen mitTüre weiß lackiert,versenktes Schloss,va
für Harreither-Ovalverteiler
Unterputzkasten, Blindrahmen mit
Türe weiß lackiert,
versenktes Schloss,
variable Bautiefe 115 -175 mm
Bauhöhe 700 mm,
Bei Verwendung von Flanschkugelhähnen
ist die max. Heizkreisanzahl um jeweils
2 Heizkreise geringer;Stk;;;;;
VO65;AUFPUTZSCHRANK 2 - 4 Gruppen Typ 1 - weiß;195,4;Stk;1;für Harreither-OvalverteilerAufputzkasten weiß lackiert,mit abnehmbarer Rückwandversenktes Schloss,B;AUFPUTZSCHRANK 2 - 4 Gruppen Typ 1 - weiß
für Harreither-OvalverteilerAufputzkasten weiß lackiert,mit abnehmbarer Rückwandversenktes Schloss,B
für Harreither-Ovalverteiler
Aufputzkasten,
mit Türe weiß lackiert,
versenktes Schloss,
Bauhöhe 660 mm
Bautiefe 131 mm
Bei Verwendung von Flanschkugelhähnen
ist die max. Heizkreisanzahl um jeweils
2 Heizkreise geringer;für Harreither-OvalverteilerAufputzkasten weiß lackiert,mit abnehmbarer Rückwandversenktes Schloss,B;AUFPUTZSCHRANK 2 - 4 Gruppen Typ 1 - weiß
für Harreither-OvalverteilerAufputzkasten weiß lackiert,mit abnehmbarer Rückwandversenktes Schloss,B
für Harreither-Ovalverteiler
Aufputzkasten,
mit Türe weiß lackiert,
versenktes Schloss,
Bauhöhe 660 mm
Bautiefe 131 mm
Bei Verwendung von Flanschkugelhähnen
ist die max. Heizkreisanzahl um jeweils
2 Heizkreise geringer;Stk;;;;;
VO66;AUFPUTZSCHRANK 5 - 9 Gruppen Typ 2 - weiß;220,6;Stk;1;für Harreither-OvalverteilerAufputzkasten weiß lackiert,mit abnehmbarer Rückwandversenktes Schloss,B;AUFPUTZSCHRANK 5 - 9 Gruppen Typ 2 - weiß
für Harreither-OvalverteilerAufputzkasten weiß lackiert,mit abnehmbarer Rückwandversenktes Schloss,B
für Harreither-Ovalverteiler
Aufputzkasten,
mit Türe weiß lackiert,
versenktes Schloss,
Bauhöhe 660 mm
Bautiefe 131 mm
Bei Verwendung von Flanschkugelhähnen
ist die max. Heizkreisanzahl um jeweils
2 Heizkreise geringer;für Harreither-OvalverteilerAufputzkasten weiß lackiert,mit abnehmbarer Rückwandversenktes Schloss,B;AUFPUTZSCHRANK 5 - 9 Gruppen Typ 2 - weiß
für Harreither-OvalverteilerAufputzkasten weiß lackiert,mit abnehmbarer Rückwandversenktes Schloss,B
für Harreither-Ovalverteiler
Aufputzkasten,
mit Türe weiß lackiert,
versenktes Schloss,
Bauhöhe 660 mm
Bautiefe 131 mm
Bei Verwendung von Flanschkugelhähnen
ist die max. Heizkreisanzahl um jeweils
2 Heizkreise geringer;Stk;;;;;
VO67;AUFPUTZSCHRANK 10 - 12 Gruppen Typ 3 - weiß;245,9;Stk;1;für Harreither-OvalverteilerAufputzkasten weiß lackiert,mit abnehmbarer Rückwandversenktes Schloss,B;AUFPUTZSCHRANK 10 - 12 Gruppen Typ 3 - weiß
für Harreither-OvalverteilerAufputzkasten weiß lackiert,mit abnehmbarer Rückwandversenktes Schloss,B
für Harreither-Ovalverteiler
Aufputzkasten,
mit Türe weiß lackiert,
versenktes Schloss,
Bauhöhe 660 mm
Bautiefe 131 mm
Bei Verwendung von Flanschkugelhähnen
ist die max. Heizkreisanzahl um jeweils
2 Heizkreise geringer;für Harreither-OvalverteilerAufputzkasten weiß lackiert,mit abnehmbarer Rückwandversenktes Schloss,B;AUFPUTZSCHRANK 10 - 12 Gruppen Typ 3 - weiß
für Harreither-OvalverteilerAufputzkasten weiß lackiert,mit abnehmbarer Rückwandversenktes Schloss,B
für Harreither-Ovalverteiler
Aufputzkasten,
mit Türe weiß lackiert,
versenktes Schloss,
Bauhöhe 660 mm
Bautiefe 131 mm
Bei Verwendung von Flanschkugelhähnen
ist die max. Heizkreisanzahl um jeweils
2 Heizkreise geringer;Stk;;;;;
VO68;Winkeladapter für Stellantrieb;15,9;Stk;1;;Winkeladapter für Stellantrieb
;;Winkeladapter für Stellantrieb
;Stk;;;;;
VOH02;HA-OVALVERTEILER 2 Gruppen 2 - 8 l/min;233,3;Stk;1;;HA-OVALVERTEILER 2 Gruppen 2 - 8 l/min
;;HA-OVALVERTEILER 2 Gruppen 2 - 8 l/min
;Stk;;;;;
VOH03;HA-OVALVERTEILER 3 Gruppen 2 - 8 l/min;268,5;Stk;1;;HA-OVALVERTEILER 3 Gruppen 2 - 8 l/min
;;HA-OVALVERTEILER 3 Gruppen 2 - 8 l/min
;Stk;;;;;
VOH04;HA-OVALVERTEILER 4 Gruppen 2 - 8 l/min;316,4;Stk;1;;HA-OVALVERTEILER 4 Gruppen 2 - 8 l/min
;;HA-OVALVERTEILER 4 Gruppen 2 - 8 l/min
;Stk;;;;;
VOH05;HA-OVALVERTEILER 5 Gruppen 2 - 8 l/min;353;Stk;1;;HA-OVALVERTEILER 5 Gruppen 2 - 8 l/min
;;HA-OVALVERTEILER 5 Gruppen 2 - 8 l/min
;Stk;;;;;
VOH06;HA-OVALVERTEILER 6 Gruppen 2 - 8 l/min;389,6;Stk;1;;HA-OVALVERTEILER 6 Gruppen 2 - 8 l/min
;;HA-OVALVERTEILER 6 Gruppen 2 - 8 l/min
;Stk;;;;;
VOH07;HA-OVALVERTEILER 7 Gruppen 2 - 8 l/min;436,1;Stk;1;;HA-OVALVERTEILER 7 Gruppen 2 - 8 l/min
;;HA-OVALVERTEILER 7 Gruppen 2 - 8 l/min
;Stk;;;;;
VOH08;HA-OVALVERTEILER 8 Gruppen  2 - 8 l/min;472,8;Stk;1;;HA-OVALVERTEILER 8 Gruppen  2 - 8 l/min
;;HA-OVALVERTEILER 8 Gruppen  2 - 8 l/min
;Stk;;;;;
VOH09;HA-OVALVERTEILER 9 Gruppen  2 - 8 l/min;509;Stk;1;;HA-OVALVERTEILER 9 Gruppen  2 - 8 l/min
;;HA-OVALVERTEILER 9 Gruppen  2 - 8 l/min
;Stk;;;;;
VOH10;HA-OVALVERTEILER 10 Gruppen  2 -8 l/min;555;Stk;1;;HA-OVALVERTEILER 10 Gruppen  2 -8 l/min
;;HA-OVALVERTEILER 10 Gruppen  2 -8 l/min
;Stk;;;;;
VOH11;HA-OVALVERTEILER 11 Gruppen  2 - 8 l/min;594;Stk;1;;HA-OVALVERTEILER 11 Gruppen  2 - 8 l/min
;;HA-OVALVERTEILER 11 Gruppen  2 - 8 l/min
;Stk;;;;;
VOH12;HA-OVALVERTEILER 12 Gruppen  2 - 8 l/min;630;Stk;1;;HA-OVALVERTEILER 12 Gruppen  2 - 8 l/min
;;HA-OVALVERTEILER 12 Gruppen  2 - 8 l/min
;Stk;;;;;
VOH13;HA-OVALVERTEILER 13 Gruppen  2  -8 l/min;675;Stk;1;;HA-OVALVERTEILER 13 Gruppen  2  -8 l/min
;;HA-OVALVERTEILER 13 Gruppen  2  -8 l/min
;Stk;;;;;
VOH14;HA-OVALVERTEILER 14 Gruppen  2- 8 l/min;685;Stk;1;;HA-OVALVERTEILER 14 Gruppen  2- 8 l/min
;;HA-OVALVERTEILER 14 Gruppen  2- 8 l/min
;Stk;;;;;
VOH15;HA-OVALVERTEILER 15 Gruppen  2- 8 l/min;714;Stk;1;;HA-OVALVERTEILER 15 Gruppen  2- 8 l/min
;;HA-OVALVERTEILER 15 Gruppen  2- 8 l/min
;Stk;;;;;
VOL02;HA-OVALVERTEILER 2 Gruppen 0,6 - 2,4 l/min;233,3;Stk;1;;HA-OVALVERTEILER 2 Gruppen 0,6 - 2,4 l/min
;;HA-OVALVERTEILER 2 Gruppen 0,6 - 2,4 l/min
;Stk;;;;;
VOL03;HA-OVALVERTEILER 3 Gruppen 0,6 - 2,4 l/min;268,5;Stk;1;;HA-OVALVERTEILER 3 Gruppen 0,6 - 2,4 l/min
;;HA-OVALVERTEILER 3 Gruppen 0,6 - 2,4 l/min
;Stk;;;;;
VOL04;HA-OVALVERTEILER 4 Gruppen 0,6 - 2,4 l/min;316,4;Stk;1;;HA-OVALVERTEILER 4 Gruppen 0,6 - 2,4 l/min
;;HA-OVALVERTEILER 4 Gruppen 0,6 - 2,4 l/min
;Stk;;;;;
VOL05;HA-OVALVERTEILER 5 Gruppen 0,6 - 2,4 l/min;353;Stk;1;;HA-OVALVERTEILER 5 Gruppen 0,6 - 2,4 l/min
;;HA-OVALVERTEILER 5 Gruppen 0,6 - 2,4 l/min
;Stk;;;;;
VOL06;HA-OVALVERTEILER 6 Gruppen 0,6 - 2,4 l/min;389,6;Stk;1;;HA-OVALVERTEILER 6 Gruppen 0,6 - 2,4 l/min
;;HA-OVALVERTEILER 6 Gruppen 0,6 - 2,4 l/min
;Stk;;;;;
VOL07;HA-OVALVERTEILER 7 Gruppen 0,6 - 2,4 l/min;436,1;Stk;1;;HA-OVALVERTEILER 7 Gruppen 0,6 - 2,4 l/min
;;HA-OVALVERTEILER 7 Gruppen 0,6 - 2,4 l/min
;Stk;;;;;
VOL08;HA-OVALVERTEILER 8 Gruppen 0,6 - 2,4 l/min;472,8;Stk;1;;HA-OVALVERTEILER 8 Gruppen 0,6 - 2,4 l/min
;;HA-OVALVERTEILER 8 Gruppen 0,6 - 2,4 l/min
;Stk;;;;;
VOL09;HA-OVALVERTEILER 9 Gruppen 0,6 - 2,4 l/min;509;Stk;1;;HA-OVALVERTEILER 9 Gruppen 0,6 - 2,4 l/min
;;HA-OVALVERTEILER 9 Gruppen 0,6 - 2,4 l/min
;Stk;;;;;
VOL10;HA-OVALVERTEILER 10 Gruppen 0,6 - 2,4 l/min;555;Stk;1;;HA-OVALVERTEILER 10 Gruppen 0,6 - 2,4 l/min
;;HA-OVALVERTEILER 10 Gruppen 0,6 - 2,4 l/min
;Stk;;;;;
VOL11;HA-OVALVERTEILER 11 Gruppen 0,6 - 2,4 l/min;594;Stk;1;;HA-OVALVERTEILER 11 Gruppen 0,6 - 2,4 l/min
;;HA-OVALVERTEILER 11 Gruppen 0,6 - 2,4 l/min
;Stk;;;;;
VOL12;HA-OVALVERTEILER 12 Gruppen 0,6 - 2,4 l/min;630;Stk;1;;HA-OVALVERTEILER 12 Gruppen 0,6 - 2,4 l/min
;;HA-OVALVERTEILER 12 Gruppen 0,6 - 2,4 l/min
;Stk;;;;;
VOL13;HA-OVALVERTEILER 13 Gruppen 0,6 - 2,4 l/min;675;Stk;1;;HA-OVALVERTEILER 13 Gruppen 0,6 - 2,4 l/min
;;HA-OVALVERTEILER 13 Gruppen 0,6 - 2,4 l/min
;Stk;;;;;
VOL14;HA-OVALVERTEILER 14 Gruppen 0,6 - 2,4 l/min;685;Stk;1;;HA-OVALVERTEILER 14 Gruppen 0,6 - 2,4 l/min
;;HA-OVALVERTEILER 14 Gruppen 0,6 - 2,4 l/min
;Stk;;;;;
VOL15;HA-OVALVERTEILER 15 Gruppen 0,6 - 2,4 l/min;714;Stk;1;;HA-OVALVERTEILER 15 Gruppen 0,6 - 2,4 l/min
;;HA-OVALVERTEILER 15 Gruppen 0,6 - 2,4 l/min
;Stk;;;;;
VOL16;HA-OVALVERTEILER 16 Gruppen 0,6 -2,4l /min;748;Stk;1;;HA-OVALVERTEILER 16 Gruppen 0,6 -2,4l /min
;;HA-OVALVERTEILER 16 Gruppen 0,6 -2,4l /min
;Stk;;;;;
VOR02;HA-OVALVERTEILER 2 Gruppen mit  Regelventil;259,9;Stk;1;;HA-OVALVERTEILER 2 Gruppen mit  Regelventil
;;HA-OVALVERTEILER 2 Gruppen mit  Regelventil
;Stk;;;;;
VOR03;HA-OVALVERTEILER 3 Gruppen mit  Regelventil;306,9;Stk;1;;HA-OVALVERTEILER 3 Gruppen mit  Regelventil
;;HA-OVALVERTEILER 3 Gruppen mit  Regelventil
;Stk;;;;;
VOR04;HA-OVALVERTEILER 4 Gruppen mit  Regelventil;365,7;Stk;1;;HA-OVALVERTEILER 4 Gruppen mit  Regelventil
;;HA-OVALVERTEILER 4 Gruppen mit  Regelventil
;Stk;;;;;
VOR05;HA-OVALVERTEILER 5 Gruppen mit Regelventil;413;Stk;1;;HA-OVALVERTEILER 5 Gruppen mit Regelventil
;;HA-OVALVERTEILER 5 Gruppen mit Regelventil
;Stk;;;;;
VOR06;HA-OVALVERTEILER 6 Gruppen mit Regelventil;459,2;Stk;1;;HA-OVALVERTEILER 6 Gruppen mit Regelventil
;;HA-OVALVERTEILER 6 Gruppen mit Regelventil
;Stk;;;;;
VOR07;HA-OVALVERTEILER 7 Gruppen mit Regelventil;517;Stk;1;;HA-OVALVERTEILER 7 Gruppen mit Regelventil
;;HA-OVALVERTEILER 7 Gruppen mit Regelventil
;Stk;;;;;
VOR08;HA-OVALVERTEILER 8 Gruppen mit Regelventil;565;Stk;;;HA-OVALVERTEILER 8 Gruppen mit Regelventil
;;HA-OVALVERTEILER 8 Gruppen mit Regelventil
;Stk;;;;;
VOR09;HA-OVALVERTEILER 9 Gruppen mit Regelventil;612;Stk;1;;HA-OVALVERTEILER 9 Gruppen mit Regelventil
;;HA-OVALVERTEILER 9 Gruppen mit Regelventil
;Stk;;;;;
VOR10;HA-OVALVERTEILER 10 Gruppen mit Regelventil;669;Stk;1;;HA-OVALVERTEILER 10 Gruppen mit Regelventil
;;HA-OVALVERTEILER 10 Gruppen mit Regelventil
;Stk;;;;;
VOR11;HA-OVALVERTEILER 11 Gruppen mit Regelventil;717;Stk;1;;HA-OVALVERTEILER 11 Gruppen mit Regelventil
;;HA-OVALVERTEILER 11 Gruppen mit Regelventil
;Stk;;;;;
VOR12;HA-OVALVERTEILER 12 Gruppen mit Regelventil;761;Stk;1;;HA-OVALVERTEILER 12 Gruppen mit Regelventil
;;HA-OVALVERTEILER 12 Gruppen mit Regelventil
;Stk;;;;;
VOR13;HA-OVALVERTEILER 13 Gruppen mit Regelventil;820;Stk;1;;HA-OVALVERTEILER 13 Gruppen mit Regelventil
;;HA-OVALVERTEILER 13 Gruppen mit Regelventil
;Stk;;;;;
VT20;HOLLÄNDER mit MESSINGVERSCHRAUBUNG IG;17,6;Stk;1;Dimension: 6/4 auf 1 IG mit Dichtung;HOLLÄNDER mit MESSINGVERSCHRAUBUNG IG
Dimension: 6/4 auf 1 IG mit Dichtung
Dimension: 6/4" auf 1" IG mit Dichtung;Dimension: 6/4 auf 1 IG mit Dichtung;HOLLÄNDER mit MESSINGVERSCHRAUBUNG IG
Dimension: 6/4 auf 1 IG mit Dichtung
Dimension: 6/4" auf 1" IG mit Dichtung;Stk;;;;;
VT21;ANSCHLUSSHOLLÄNDER Kunststoff d 32 mm;16,4;Stk;1;bestehend aus:Holländerteil Kunststoff da 32 mmHolländerverschraubung kurz 6/4 IGDichtung für Hollän;ANSCHLUSSHOLLÄNDER Kunststoff d 32 mm
bestehend aus:Holländerteil Kunststoff da 32 mmHolländerverschraubung kurz 6/4 IGDichtung für Hollän
bestehend aus:
Holländerteil Kunststoff da 32mm
Holländerverschraubung kurz 6/4" IG
Dichtung für Holländer 32 x 6/4";bestehend aus:Holländerteil Kunststoff da 32 mmHolländerverschraubung kurz 6/4 IGDichtung für Hollän;ANSCHLUSSHOLLÄNDER Kunststoff d 32 mm
bestehend aus:Holländerteil Kunststoff da 32 mmHolländerverschraubung kurz 6/4 IGDichtung für Hollän
bestehend aus:
Holländerteil Kunststoff da 32mm
Holländerverschraubung kurz 6/4" IG
Dichtung für Holländer 32 x 6/4";Stk;;;;;
VT35;FLANSCHKUGELHAHN;25,4;Stk;1;aus Maessing mit Flügelgriff, vollem Durchgang und verlängerter Überwurfmutter Dimension 6/4 auf 1IG;FLANSCHKUGELHAHN
aus Maessing mit Flügelgriff, vollem Durchgang und verlängerter Überwurfmutter Dimension 6/4 auf 1IG
aus Messing mit Flügelgriff, vollem
Durchgang und eigens verlängerter
Überwurfmutter
Dimension 6/4" auf 1" IG;aus Maessing mit Flügelgriff, vollem Durchgang und verlängerter Überwurfmutter Dimension 6/4 auf 1IG;FLANSCHKUGELHAHN
aus Maessing mit Flügelgriff, vollem Durchgang und verlängerter Überwurfmutter Dimension 6/4 auf 1IG
aus Messing mit Flügelgriff, vollem
Durchgang und eigens verlängerter
Überwurfmutter
Dimension 6/4" auf 1" IG;Stk;;;;;
VT40;BLINDKAPPE;4,8;Stk;1;für nicht benötigte Adapteranschlüsse aus Messing inkl. Dichtung;BLINDKAPPE
für nicht benötigte Adapteranschlüsse aus Messing inkl. Dichtung;für nicht benötigte Adapteranschlüsse aus Messing inkl. Dichtung;BLINDKAPPE
für nicht benötigte Adapteranschlüsse aus Messing inkl. Dichtung;Stk;;;;;
VT98;Drehgriff zur Rücklaufventileinstellung;0,9;Stk;;;Drehgriff zur Rücklaufventileinstellung
;;Drehgriff zur Rücklaufventileinstellung
;Stk;;;;;
WA58;Sicherheitsgruppe 1;66,4;Stk;1;mit Isolierung, 1 Manometer,Schnellentlüfter u. Sicherheitsventil;Sicherheitsgruppe 1
mit Isolierung, 1 Manometer,Schnellentlüfter u. Sicherheitsventil;mit Isolierung, 1 Manometer,Schnellentlüfter u. Sicherheitsventil;Sicherheitsgruppe 1
mit Isolierung, 1 Manometer,Schnellentlüfter u. Sicherheitsventil;Stk;;;;;
WHS07S;Klima Star WP Hybrid Heizen 7 Sole;8712;Stk;1;Heizleistung 6,8 kWAngegebene Leistung bei B0/W35Praxiswert, entspricht nicht EN 14511Wärmepumpe in;Klima Star WP Hybrid Heizen 7 Sole
Heizleistung 6,8 kWAngegebene Leistung bei B0/W35Praxiswert, entspricht nicht EN 14511Wärmepumpe in
Angegebene Leistung bei B0/W35
Praxiswert, entspricht nicht EN 14511
 
Wärmepumpe in Kompaktbauweise für
Solebetrieb.
Einsatz für Heizung und
Warmwasserbereitung.
Der Einsatz der Universum
Systemregelung
und die optimierte Konstruktion des
Kältekreislaufs sowie der Verkleidung
garantieren einen aussergewöhnlich
wirtschaftlichen und leisen Betrieb.
Formschönes Design der Verkleidung.
EHPA-Gütesiegel 
 
erforderliches Zubehör:
Universum Grundpaket
Hydraulikgruppe
 
Achtung: Harreither
Frostschutzkonzentrat (WP45) 
Einsatz bei Klima Star-Soleanlagen
verpflichtend
zur Inanspruchnahme der
Garantieleistungen.;Heizleistung 6,8 kWAngegebene Leistung bei B0/W35Praxiswert, entspricht nicht EN 14511Wärmepumpe in;Klima Star WP Hybrid Heizen 7 Sole
Heizleistung 6,8 kWAngegebene Leistung bei B0/W35Praxiswert, entspricht nicht EN 14511Wärmepumpe in
Angegebene Leistung bei B0/W35
Praxiswert, entspricht nicht EN 14511
 
Wärmepumpe in Kompaktbauweise für
Solebetrieb.
Einsatz für Heizung und
Warmwasserbereitung.
Der Einsatz der Universum
Systemregelung
und die optimierte Konstruktion des
Kältekreislaufs sowie der Verkleidung
garantieren einen aussergewöhnlich
wirtschaftlichen und leisen Betrieb.
Formschönes Design der Verkleidung.
EHPA-Gütesiegel 
 
erforderliches Zubehör:
Universum Grundpaket
Hydraulikgruppe
 
Achtung: Harreither
Frostschutzkonzentrat (WP45) 
Einsatz bei Klima Star-Soleanlagen
verpflichtend
zur Inanspruchnahme der
Garantieleistungen.;Stk;;;;;
WHS09S;Klima Star WP Hybrid Heizen 9 Sole;9273;Stk;1;Heizleistung 8,7 kW;Klima Star WP Hybrid Heizen 9 Sole
Heizleistung 8,7 kW
Angegebene Leistung bei B0/W35
Praxiswert, entspricht nicht EN 14511
 
Wärmepumpe in Kompaktbauweise für
Solebetrieb.
Einsatz für Heizung und
Warmwasserbereitung.
Der Einsatz der Universum
Systemregelung
und die optimierte Konstruktion des
Kältekreislaufs sowie der Verkleidung
garantieren einen aussergewöhnlich
wirtschaftlichen und leisen Betrieb.
Formschönes Design der Verkleidung.
EHPA-Gütesiegel 
 
erforderliches Zubehör:
Universum Grundpaket
Hydraulikgruppe
 
Achtung: Harreither
Frostschutzkonzentrat (WP45) 
Einsatz bei Klima Star-Soleanlagen
verpflichtend
zur Inanspruchnahme der
Garantieleistungen.;Heizleistung 8,7 kW;Klima Star WP Hybrid Heizen 9 Sole
Heizleistung 8,7 kW
Angegebene Leistung bei B0/W35
Praxiswert, entspricht nicht EN 14511
 
Wärmepumpe in Kompaktbauweise für
Solebetrieb.
Einsatz für Heizung und
Warmwasserbereitung.
Der Einsatz der Universum
Systemregelung
und die optimierte Konstruktion des
Kältekreislaufs sowie der Verkleidung
garantieren einen aussergewöhnlich
wirtschaftlichen und leisen Betrieb.
Formschönes Design der Verkleidung.
EHPA-Gütesiegel 
 
erforderliches Zubehör:
Universum Grundpaket
Hydraulikgruppe
 
Achtung: Harreither
Frostschutzkonzentrat (WP45) 
Einsatz bei Klima Star-Soleanlagen
verpflichtend
zur Inanspruchnahme der
Garantieleistungen.;Stk;;;;;
WHS12S;Klima Star WP Hybrid Heizen 12 Sole;9716;Stk;1;Heizleistung 10,5 kW;Klima Star WP Hybrid Heizen 12 Sole
Heizleistung 10,5 kW
Angegebene Leistung bei B0/W35
Praxiswert, entspricht nicht EN 14511
 
Wärmepumpe in Kompaktbauweise für
Solebetrieb.
Einsatz für Heizung und
Warmwasserbereitung.
Der Einsatz der Universum
Systemregelung
und die optimierte Konstruktion des
Kältekreislaufs sowie der Verkleidung
garantieren einen aussergewöhnlich
wirtschaftlichen und leisen Betrieb.
Formschönes Design der Verkleidung.
EHPA-Gütesiegel 
 
erforderliches Zubehör:
Universum Grundpaket
Hydraulikgruppe
 
Achtung: Harreither
Frostschutzkonzentrat (WP45) 
Einsatz bei Klima Star-Soleanlagen
verpflichtend
zur Inanspruchnahme der
Garantieleistungen.;Heizleistung 10,5 kW;Klima Star WP Hybrid Heizen 12 Sole
Heizleistung 10,5 kW
Angegebene Leistung bei B0/W35
Praxiswert, entspricht nicht EN 14511
 
Wärmepumpe in Kompaktbauweise für
Solebetrieb.
Einsatz für Heizung und
Warmwasserbereitung.
Der Einsatz der Universum
Systemregelung
und die optimierte Konstruktion des
Kältekreislaufs sowie der Verkleidung
garantieren einen aussergewöhnlich
wirtschaftlichen und leisen Betrieb.
Formschönes Design der Verkleidung.
EHPA-Gütesiegel 
 
erforderliches Zubehör:
Universum Grundpaket
Hydraulikgruppe
 
Achtung: Harreither
Frostschutzkonzentrat (WP45) 
Einsatz bei Klima Star-Soleanlagen
verpflichtend
zur Inanspruchnahme der
Garantieleistungen.;Stk;;;;;
WHS14S;Klima Star WP Hybrid Heizen 14 Sole;10579;Stk;1;Heizleistung 12,3 kW;Klima Star WP Hybrid Heizen 14 Sole
Heizleistung 12,3 kW
Angegebene Leistung bei B0/W35
Praxiswert, entspricht nicht EN 14511
 
Wärmepumpe in Kompaktbauweise für
Solebetrieb.
Einsatz für Heizung und
Warmwasserbereitung.
Der Einsatz der Universum
Systemregelung
und die optimierte Konstruktion des
Kältekreislaufs sowie der Verkleidung
garantieren einen aussergewöhnlich
wirtschaftlichen und leisen Betrieb.
Formschönes Design der Verkleidung.
EHPA-Gütesiegel 
 
erforderliches Zubehör:
Universum Grundpaket
Hydraulikgruppe
 
Achtung: Harreither
Frostschutzkonzentrat (WP45) 
Einsatz bei Klima Star-Soleanlagen
verpflichtend
zur Inanspruchnahme der
Garantieleistungen.;Heizleistung 12,3 kW;Klima Star WP Hybrid Heizen 14 Sole
Heizleistung 12,3 kW
Angegebene Leistung bei B0/W35
Praxiswert, entspricht nicht EN 14511
 
Wärmepumpe in Kompaktbauweise für
Solebetrieb.
Einsatz für Heizung und
Warmwasserbereitung.
Der Einsatz der Universum
Systemregelung
und die optimierte Konstruktion des
Kältekreislaufs sowie der Verkleidung
garantieren einen aussergewöhnlich
wirtschaftlichen und leisen Betrieb.
Formschönes Design der Verkleidung.
EHPA-Gütesiegel 
 
erforderliches Zubehör:
Universum Grundpaket
Hydraulikgruppe
 
Achtung: Harreither
Frostschutzkonzentrat (WP45) 
Einsatz bei Klima Star-Soleanlagen
verpflichtend
zur Inanspruchnahme der
Garantieleistungen.;Stk;;;;;
WHS16S;Klima Star WP Hybrid Heizen 16 Sole;10993;Stk;1;Heizleistung 14 kW;Klima Star WP Hybrid Heizen 16 Sole
Heizleistung 14 kW
Angegebene Leistung bei B0/W35
Praxiswert, entspricht nicht EN 14511
 
Wärmepumpe in Kompaktbauweise für
Solebetrieb.
Einsatz für Heizung und
Warmwasserbereitung.
Der Einsatz der Universum
Systemregelung
und die optimierte Konstruktion des
Kältekreislaufs sowie der Verkleidung
garantieren einen aussergewöhnlich
wirtschaftlichen und leisen Betrieb.
Formschönes Design der Verkleidung.
EHPA-Gütesiegel 
 
erforderliches Zubehör:
Universum Grundpaket
Hydraulikgruppe
 
Achtung: Harreither
Frostschutzkonzentrat (WP45) 
Einsatz bei Klima Star-Soleanlagen
verpflichtend
zur Inanspruchnahme der
Garantieleistungen.;Heizleistung 14 kW;Klima Star WP Hybrid Heizen 16 Sole
Heizleistung 14 kW
Angegebene Leistung bei B0/W35
Praxiswert, entspricht nicht EN 14511
 
Wärmepumpe in Kompaktbauweise für
Solebetrieb.
Einsatz für Heizung und
Warmwasserbereitung.
Der Einsatz der Universum
Systemregelung
und die optimierte Konstruktion des
Kältekreislaufs sowie der Verkleidung
garantieren einen aussergewöhnlich
wirtschaftlichen und leisen Betrieb.
Formschönes Design der Verkleidung.
EHPA-Gütesiegel 
 
erforderliches Zubehör:
Universum Grundpaket
Hydraulikgruppe
 
Achtung: Harreither
Frostschutzkonzentrat (WP45) 
Einsatz bei Klima Star-Soleanlagen
verpflichtend
zur Inanspruchnahme der
Garantieleistungen.;Stk;;;;;
WHS21S;Klima Star WP Hybrid Heizen 21 Sole;12465;Stk;1;Heizleistung 18,5 kW;Klima Star WP Hybrid Heizen 21 Sole
Heizleistung 18,5 kW
Angegebene Leistung bei B0/W35
Praxiswert, entspricht nicht EN 14511
 
Wärmepumpe in Kompaktbauweise für
Solebetrieb.
Einsatz für Heizung und
Warmwasserbereitung.
Der Einsatz der Universum
Systemregelung
und die optimierte Konstruktion des
Kältekreislaufs sowie der Verkleidung
garantieren einen aussergewöhnlich
wirtschaftlichen und leisen Betrieb.
Formschönes Design der Verkleidung.
EHPA-Gütesiegel 
 
erforderliches Zubehör:
Universum Grundpaket
Hydraulikgruppe
 
Achtung: Harreither
Frostschutzkonzentrat (WP45) 
Einsatz bei Klima Star-Soleanlagen
verpflichtend
zur Inanspruchnahme der
Garantieleistungen.;Heizleistung 18,5 kW;Klima Star WP Hybrid Heizen 21 Sole
Heizleistung 18,5 kW
Angegebene Leistung bei B0/W35
Praxiswert, entspricht nicht EN 14511
 
Wärmepumpe in Kompaktbauweise für
Solebetrieb.
Einsatz für Heizung und
Warmwasserbereitung.
Der Einsatz der Universum
Systemregelung
und die optimierte Konstruktion des
Kältekreislaufs sowie der Verkleidung
garantieren einen aussergewöhnlich
wirtschaftlichen und leisen Betrieb.
Formschönes Design der Verkleidung.
EHPA-Gütesiegel 
 
erforderliches Zubehör:
Universum Grundpaket
Hydraulikgruppe
 
Achtung: Harreither
Frostschutzkonzentrat (WP45) 
Einsatz bei Klima Star-Soleanlagen
verpflichtend
zur Inanspruchnahme der
Garantieleistungen.;Stk;;;;;
WHW07S;Klima Star WP Hybrid Heizen 7 Wasserparam.;8712;Stk;1;Heizleistung 9,5 kWAngegebene Leistung bei W10/W35Praxiswert, entspricht nicht EN 14511Wärmepumpe in;Klima Star WP Hybrid Heizen 7 Wasserparam.
Heizleistung 9,5 kWAngegebene Leistung bei W10/W35Praxiswert, entspricht nicht EN 14511Wärmepumpe in
Angegebene Leistung bei W10/W35
Praxiswert, entspricht nicht EN 14511
 
Wärmepumpe in Kompaktbauweise für
Grundwasser-Einsatz mit
Sole-Zwischenkreis für Heizung,
Warmwasserbereitung und optional zur
passiven Kühlung.
Verdampfer als Edelstahl-Wärmetauscher
mit Kupfer-Lot,
ein Zwischenkreiswärmetauscher ist daher
erforderlich.
Der Einsatz der Universum®
Systemregelung und die
optimierte Konstruktion des
Kältekreislaufes sowie der
Verkleidung garantieren einen
außergewöhnlich
wirtschaftlichen und leisen Betrieb.
Formschönes Design der Verkleidung.
EHPA-Gütesiegel
Erforderliches Zubehör:
Universum® Grundpaket
Hydraulikgruppe
Zwischenkreiswärmetauscher
 
Achtung: Harreither
Frostschutzkonzentrat (WP45)
Einsatz bei Klima Star®
Grundwasseranlagen
verpflichtend zur Inanspruchnahme der
Garantieleistungen;Heizleistung 9,5 kWAngegebene Leistung bei W10/W35Praxiswert, entspricht nicht EN 14511Wärmepumpe in;Klima Star WP Hybrid Heizen 7 Wasserparam.
Heizleistung 9,5 kWAngegebene Leistung bei W10/W35Praxiswert, entspricht nicht EN 14511Wärmepumpe in
Angegebene Leistung bei W10/W35
Praxiswert, entspricht nicht EN 14511
 
Wärmepumpe in Kompaktbauweise für
Grundwasser-Einsatz mit
Sole-Zwischenkreis für Heizung,
Warmwasserbereitung und optional zur
passiven Kühlung.
Verdampfer als Edelstahl-Wärmetauscher
mit Kupfer-Lot,
ein Zwischenkreiswärmetauscher ist daher
erforderlich.
Der Einsatz der Universum®
Systemregelung und die
optimierte Konstruktion des
Kältekreislaufes sowie der
Verkleidung garantieren einen
außergewöhnlich
wirtschaftlichen und leisen Betrieb.
Formschönes Design der Verkleidung.
EHPA-Gütesiegel
Erforderliches Zubehör:
Universum® Grundpaket
Hydraulikgruppe
Zwischenkreiswärmetauscher
 
Achtung: Harreither
Frostschutzkonzentrat (WP45)
Einsatz bei Klima Star®
Grundwasseranlagen
verpflichtend zur Inanspruchnahme der
Garantieleistungen;Stk;;;;;
WHW09S;Klima Star WP Hybrid Heizen 9 Wasserparam.;9273;Stk;1;Heizleistung 11,6 kW;Klima Star WP Hybrid Heizen 9 Wasserparam.
Heizleistung 11,6 kW
Angegebene Leistung bei W10/W35
Praxiswert, entspricht nicht EN 14511
 
Wärmepumpe in Kompaktbauweise für
Grundwasser-Einsatz mit
Sole-Zwischenkreis für Heizung,
Warmwasserbereitung und optional zur
passiven Kühlung.
Verdampfer als Edelstahl-Wärmetauscher
mit Kupfer-Lot,
ein Zwischenkreiswärmetauscher ist daher
erforderlich.
Der Einsatz der Universum®
Systemregelung und die
optimierte Konstruktion des
Kältekreislaufes sowie der
Verkleidung garantieren einen
außergewöhnlich
wirtschaftlichen und leisen Betrieb.
Formschönes Design der Verkleidung.
EHPA-Gütesiegel
Erforderliches Zubehör:
Universum® Grundpaket
Hydraulikgruppe
Zwischenkreiswärmetauscher
 
Achtung: Harreither
Frostschutzkonzentrat (WP45)
Einsatz bei Klima Star®
Grundwasseranlagen
verpflichtend zur Inanspruchnahme der
Garantieleistungen;Heizleistung 11,6 kW;Klima Star WP Hybrid Heizen 9 Wasserparam.
Heizleistung 11,6 kW
Angegebene Leistung bei W10/W35
Praxiswert, entspricht nicht EN 14511
 
Wärmepumpe in Kompaktbauweise für
Grundwasser-Einsatz mit
Sole-Zwischenkreis für Heizung,
Warmwasserbereitung und optional zur
passiven Kühlung.
Verdampfer als Edelstahl-Wärmetauscher
mit Kupfer-Lot,
ein Zwischenkreiswärmetauscher ist daher
erforderlich.
Der Einsatz der Universum®
Systemregelung und die
optimierte Konstruktion des
Kältekreislaufes sowie der
Verkleidung garantieren einen
außergewöhnlich
wirtschaftlichen und leisen Betrieb.
Formschönes Design der Verkleidung.
EHPA-Gütesiegel
Erforderliches Zubehör:
Universum® Grundpaket
Hydraulikgruppe
Zwischenkreiswärmetauscher
 
Achtung: Harreither
Frostschutzkonzentrat (WP45)
Einsatz bei Klima Star®
Grundwasseranlagen
verpflichtend zur Inanspruchnahme der
Garantieleistungen;Stk;;;;;
WHW12S;Klima Star WP Hybrid Heizen 12 Wasserparam.;9716;Stk;1;Heizleistung 13,6 kW;Klima Star WP Hybrid Heizen 12 Wasserparam.
Heizleistung 13,6 kW
Angegebene Leistung bei W10/W35
Praxiswert, entspricht nicht EN 14511
 
Wärmepumpe in Kompaktbauweise für
Grundwasser-Einsatz mit
Sole-Zwischenkreis für Heizung,
Warmwasserbereitung und optional zur
passiven Kühlung.
Verdampfer als Edelstahl-Wärmetauscher
mit Kupfer-Lot,
ein Zwischenkreiswärmetauscher ist daher
erforderlich.
Der Einsatz der Universum®
Systemregelung und die
optimierte Konstruktion des
Kältekreislaufes sowie der
Verkleidung garantieren einen
außergewöhnlich
wirtschaftlichen und leisen Betrieb.
Formschönes Design der Verkleidung.
EHPA-Gütesiegel
Erforderliches Zubehör:
Universum® Grundpaket
Hydraulikgruppe
Zwischenkreiswärmetauscher
 
Achtung: Harreither
Frostschutzkonzentrat (WP45)
Einsatz bei Klima Star®
Grundwasseranlagen
verpflichtend zur Inanspruchnahme der
Garantieleistungen;Heizleistung 13,6 kW;Klima Star WP Hybrid Heizen 12 Wasserparam.
Heizleistung 13,6 kW
Angegebene Leistung bei W10/W35
Praxiswert, entspricht nicht EN 14511
 
Wärmepumpe in Kompaktbauweise für
Grundwasser-Einsatz mit
Sole-Zwischenkreis für Heizung,
Warmwasserbereitung und optional zur
passiven Kühlung.
Verdampfer als Edelstahl-Wärmetauscher
mit Kupfer-Lot,
ein Zwischenkreiswärmetauscher ist daher
erforderlich.
Der Einsatz der Universum®
Systemregelung und die
optimierte Konstruktion des
Kältekreislaufes sowie der
Verkleidung garantieren einen
außergewöhnlich
wirtschaftlichen und leisen Betrieb.
Formschönes Design der Verkleidung.
EHPA-Gütesiegel
Erforderliches Zubehör:
Universum® Grundpaket
Hydraulikgruppe
Zwischenkreiswärmetauscher
 
Achtung: Harreither
Frostschutzkonzentrat (WP45)
Einsatz bei Klima Star®
Grundwasseranlagen
verpflichtend zur Inanspruchnahme der
Garantieleistungen;Stk;;;;;
WHW14S;Klima Star WP Hybrid Heizen 14 Wasserparam.;10579;Stk;1;Heizleistung 16,4 kW;Klima Star WP Hybrid Heizen 14 Wasserparam.
Heizleistung 16,4 kW
Angegebene Leistung bei W10/W35
Praxiswert, entspricht nicht EN 14511
 
Wärmepumpe in Kompaktbauweise für
Grundwasser-Einsatz mit
Sole-Zwischenkreis für Heizung,
Warmwasserbereitung und optional zur
passiven Kühlung.
Verdampfer als Edelstahl-Wärmetauscher
mit Kupfer-Lot,
ein Zwischenkreiswärmetauscher ist daher
erforderlich.
Der Einsatz der Universum®
Systemregelung und die
optimierte Konstruktion des
Kältekreislaufes sowie der
Verkleidung garantieren einen
außergewöhnlich
wirtschaftlichen und leisen Betrieb.
Formschönes Design der Verkleidung.
EHPA-Gütesiegel
Erforderliches Zubehör:
Universum® Grundpaket
Hydraulikgruppe
Zwischenkreiswärmetauscher
 
Achtung: Harreither
Frostschutzkonzentrat (WP45)
Einsatz bei Klima Star®
Grundwasseranlagen
verpflichtend zur Inanspruchnahme der
Garantieleistungen;Heizleistung 16,4 kW;Klima Star WP Hybrid Heizen 14 Wasserparam.
Heizleistung 16,4 kW
Angegebene Leistung bei W10/W35
Praxiswert, entspricht nicht EN 14511
 
Wärmepumpe in Kompaktbauweise für
Grundwasser-Einsatz mit
Sole-Zwischenkreis für Heizung,
Warmwasserbereitung und optional zur
passiven Kühlung.
Verdampfer als Edelstahl-Wärmetauscher
mit Kupfer-Lot,
ein Zwischenkreiswärmetauscher ist daher
erforderlich.
Der Einsatz der Universum®
Systemregelung und die
optimierte Konstruktion des
Kältekreislaufes sowie der
Verkleidung garantieren einen
außergewöhnlich
wirtschaftlichen und leisen Betrieb.
Formschönes Design der Verkleidung.
EHPA-Gütesiegel
Erforderliches Zubehör:
Universum® Grundpaket
Hydraulikgruppe
Zwischenkreiswärmetauscher
 
Achtung: Harreither
Frostschutzkonzentrat (WP45)
Einsatz bei Klima Star®
Grundwasseranlagen
verpflichtend zur Inanspruchnahme der
Garantieleistungen;Stk;;;;;
WHW16S;Klima Star WP Hybrid Heizen 16 Wasserparam.;10993;Stk;1;Heizleistung 18,5 kW;Klima Star WP Hybrid Heizen 16 Wasserparam.
Heizleistung 18,5 kW
Angegebene Leistung bei W10/W35
Praxiswert, entspricht nicht EN 14511
 
Wärmepumpe in Kompaktbauweise für
Grundwasser-Einsatz mit
Sole-Zwischenkreis für Heizung,
Warmwasserbereitung und optional zur
passiven Kühlung.
Verdampfer als Edelstahl-Wärmetauscher
mit Kupfer-Lot,
ein Zwischenkreiswärmetauscher ist daher
erforderlich.
Der Einsatz der Universum®
Systemregelung und die
optimierte Konstruktion des
Kältekreislaufes sowie der
Verkleidung garantieren einen
außergewöhnlich
wirtschaftlichen und leisen Betrieb.
Formschönes Design der Verkleidung.
EHPA-Gütesiegel
Erforderliches Zubehör:
Universum® Grundpaket
Hydraulikgruppe
Zwischenkreiswärmetauscher
 
Achtung: Harreither
Frostschutzkonzentrat (WP45)
Einsatz bei Klima Star®
Grundwasseranlagen
verpflichtend zur Inanspruchnahme der
Garantieleistungen;Heizleistung 18,5 kW;Klima Star WP Hybrid Heizen 16 Wasserparam.
Heizleistung 18,5 kW
Angegebene Leistung bei W10/W35
Praxiswert, entspricht nicht EN 14511
 
Wärmepumpe in Kompaktbauweise für
Grundwasser-Einsatz mit
Sole-Zwischenkreis für Heizung,
Warmwasserbereitung und optional zur
passiven Kühlung.
Verdampfer als Edelstahl-Wärmetauscher
mit Kupfer-Lot,
ein Zwischenkreiswärmetauscher ist daher
erforderlich.
Der Einsatz der Universum®
Systemregelung und die
optimierte Konstruktion des
Kältekreislaufes sowie der
Verkleidung garantieren einen
außergewöhnlich
wirtschaftlichen und leisen Betrieb.
Formschönes Design der Verkleidung.
EHPA-Gütesiegel
Erforderliches Zubehör:
Universum® Grundpaket
Hydraulikgruppe
Zwischenkreiswärmetauscher
 
Achtung: Harreither
Frostschutzkonzentrat (WP45)
Einsatz bei Klima Star®
Grundwasseranlagen
verpflichtend zur Inanspruchnahme der
Garantieleistungen;Stk;;;;;
WHW21S;Klima Star WP Hybrid Heizen 21 Wasserparam.;12465;Stk;1;Heizleistung 24,1 kW;Klima Star WP Hybrid Heizen 21 Wasserparam.
Heizleistung 24,1 kW
Angegebene Leistung bei W10/W35
Praxiswert, entspricht nicht EN 14511
 
Wärmepumpe in Kompaktbauweise für
Grundwasser-Einsatz mit
Sole-Zwischenkreis für Heizung,
Warmwasserbereitung und optional zur
passiven Kühlung.
Verdampfer als Edelstahl-Wärmetauscher
mit Kupfer-Lot,
ein Zwischenkreiswärmetauscher ist daher
erforderlich.
Der Einsatz der Universum®
Systemregelung und die
optimierte Konstruktion des
Kältekreislaufes sowie der
Verkleidung garantieren einen
außergewöhnlich
wirtschaftlichen und leisen Betrieb.
Formschönes Design der Verkleidung.
EHPA-Gütesiegel
Erforderliches Zubehör:
Universum® Grundpaket
Hydraulikgruppe
Zwischenkreiswärmetauscher
 
Achtung: Harreither
Frostschutzkonzentrat (WP45)
Einsatz bei Klima Star®
Grundwasseranlagen
verpflichtend zur Inanspruchnahme der
Garantieleistungen;Heizleistung 24,1 kW;Klima Star WP Hybrid Heizen 21 Wasserparam.
Heizleistung 24,1 kW
Angegebene Leistung bei W10/W35
Praxiswert, entspricht nicht EN 14511
 
Wärmepumpe in Kompaktbauweise für
Grundwasser-Einsatz mit
Sole-Zwischenkreis für Heizung,
Warmwasserbereitung und optional zur
passiven Kühlung.
Verdampfer als Edelstahl-Wärmetauscher
mit Kupfer-Lot,
ein Zwischenkreiswärmetauscher ist daher
erforderlich.
Der Einsatz der Universum®
Systemregelung und die
optimierte Konstruktion des
Kältekreislaufes sowie der
Verkleidung garantieren einen
außergewöhnlich
wirtschaftlichen und leisen Betrieb.
Formschönes Design der Verkleidung.
EHPA-Gütesiegel
Erforderliches Zubehör:
Universum® Grundpaket
Hydraulikgruppe
Zwischenkreiswärmetauscher
 
Achtung: Harreither
Frostschutzkonzentrat (WP45)
Einsatz bei Klima Star®
Grundwasseranlagen
verpflichtend zur Inanspruchnahme der
Garantieleistungen;Stk;;;;;
WKS07;Klima Star WP Heizen und Kühlen 7 Sole;9553;Stk;1;Heizleistung 6,8 kWKühlleistung 8,1 kWAngegebene Leistung bei B0/W35 bzw. B20/W15Praxiswert, entspri;Klima Star WP Heizen und Kühlen 7 Sole
Heizleistung 6,8 kWKühlleistung 8,1 kWAngegebene Leistung bei B0/W35 bzw. B20/W15Praxiswert, entspri
Angegebene Leistung bei B0/W35
Praxiswert, entspricht nicht EN 14511
 
Wärmepumpe in Kompaktbauweise für
Solebetrieb.
Einsatz für Heizung und
Warmwasserbereitung.
Der Einsatz der Universum
Systemregelung
und die optimierte Konstruktion des
Kältekreislaufs sowie der Verkleidung
garantieren einen aussergewöhnlich
wirtschaftlichen und leisen Betrieb.
Formschönes Design der Verkleidung.
EHPA-Gütesiegel 
 
erforderliches Zubehör:
Universum Grundpaket
Hydraulikgruppe
 
Achtung: Harreither
Frostschutzkonzentrat (WP45) 
Einsatz bei Klima Star-Soleanlagen
verpflichtend
zur Inanspruchnahme der
Garantieleistungen.;Heizleistung 6,8 kWKühlleistung 8,1 kWAngegebene Leistung bei B0/W35 bzw. B20/W15Praxiswert, entspri;Klima Star WP Heizen und Kühlen 7 Sole
Heizleistung 6,8 kWKühlleistung 8,1 kWAngegebene Leistung bei B0/W35 bzw. B20/W15Praxiswert, entspri
Angegebene Leistung bei B0/W35
Praxiswert, entspricht nicht EN 14511
 
Wärmepumpe in Kompaktbauweise für
Solebetrieb.
Einsatz für Heizung und
Warmwasserbereitung.
Der Einsatz der Universum
Systemregelung
und die optimierte Konstruktion des
Kältekreislaufs sowie der Verkleidung
garantieren einen aussergewöhnlich
wirtschaftlichen und leisen Betrieb.
Formschönes Design der Verkleidung.
EHPA-Gütesiegel 
 
erforderliches Zubehör:
Universum Grundpaket
Hydraulikgruppe
 
Achtung: Harreither
Frostschutzkonzentrat (WP45) 
Einsatz bei Klima Star-Soleanlagen
verpflichtend
zur Inanspruchnahme der
Garantieleistungen.;Stk;;;;;
WKS09;Klima Star WP Heizen und Kühlen 9 Sole;10177;Stk;1;Heizleistung 8,7 kWKühlleistung 10,8 kW;Klima Star WP Heizen und Kühlen 9 Sole
Heizleistung 8,7 kWKühlleistung 10,8 kW
Angegebene Leistung bei B0/W35
Praxiswert, entspricht nicht EN 14511
 
Wärmepumpe in Kompaktbauweise für
Solebetrieb.
Einsatz für Heizung und
Warmwasserbereitung.
Der Einsatz der Universum
Systemregelung
und die optimierte Konstruktion des
Kältekreislaufs sowie der Verkleidung
garantieren einen aussergewöhnlich
wirtschaftlichen und leisen Betrieb.
Formschönes Design der Verkleidung.
EHPA-Gütesiegel 
 
erforderliches Zubehör:
Universum Grundpaket
Hydraulikgruppe
 
Achtung: Harreither
Frostschutzkonzentrat (WP45) 
Einsatz bei Klima Star-Soleanlagen
verpflichtend
zur Inanspruchnahme der
Garantieleistungen.;Heizleistung 8,7 kWKühlleistung 10,8 kW;Klima Star WP Heizen und Kühlen 9 Sole
Heizleistung 8,7 kWKühlleistung 10,8 kW
Angegebene Leistung bei B0/W35
Praxiswert, entspricht nicht EN 14511
 
Wärmepumpe in Kompaktbauweise für
Solebetrieb.
Einsatz für Heizung und
Warmwasserbereitung.
Der Einsatz der Universum
Systemregelung
und die optimierte Konstruktion des
Kältekreislaufs sowie der Verkleidung
garantieren einen aussergewöhnlich
wirtschaftlichen und leisen Betrieb.
Formschönes Design der Verkleidung.
EHPA-Gütesiegel 
 
erforderliches Zubehör:
Universum Grundpaket
Hydraulikgruppe
 
Achtung: Harreither
Frostschutzkonzentrat (WP45) 
Einsatz bei Klima Star-Soleanlagen
verpflichtend
zur Inanspruchnahme der
Garantieleistungen.;Stk;;;;;
WKS12;Klima Star WP Heizen und Kühlen 12 Sole;10571;Stk;1;Heizleistung 10,5 kWKühlleistung 11,9 kW;Klima Star WP Heizen und Kühlen 12 Sole
Heizleistung 10,5 kWKühlleistung 11,9 kW
Angegebene Leistung bei B0/W35
Praxiswert, entspricht nicht EN 14511
 
Wärmepumpe in Kompaktbauweise für
Solebetrieb.
Einsatz für Heizung und
Warmwasserbereitung.
Der Einsatz der Universum
Systemregelung
und die optimierte Konstruktion des
Kältekreislaufs sowie der Verkleidung
garantieren einen aussergewöhnlich
wirtschaftlichen und leisen Betrieb.
Formschönes Design der Verkleidung.
EHPA-Gütesiegel 
 
erforderliches Zubehör:
Universum Grundpaket
Hydraulikgruppe
 
Achtung: Harreither
Frostschutzkonzentrat (WP45) 
Einsatz bei Klima Star-Soleanlagen
verpflichtend
zur Inanspruchnahme der
Garantieleistungen.;Heizleistung 10,5 kWKühlleistung 11,9 kW;Klima Star WP Heizen und Kühlen 12 Sole
Heizleistung 10,5 kWKühlleistung 11,9 kW
Angegebene Leistung bei B0/W35
Praxiswert, entspricht nicht EN 14511
 
Wärmepumpe in Kompaktbauweise für
Solebetrieb.
Einsatz für Heizung und
Warmwasserbereitung.
Der Einsatz der Universum
Systemregelung
und die optimierte Konstruktion des
Kältekreislaufs sowie der Verkleidung
garantieren einen aussergewöhnlich
wirtschaftlichen und leisen Betrieb.
Formschönes Design der Verkleidung.
EHPA-Gütesiegel 
 
erforderliches Zubehör:
Universum Grundpaket
Hydraulikgruppe
 
Achtung: Harreither
Frostschutzkonzentrat (WP45) 
Einsatz bei Klima Star-Soleanlagen
verpflichtend
zur Inanspruchnahme der
Garantieleistungen.;Stk;;;;;
WKS14;Klima Star WP Heizen und Kühlen 14 Sole;11517;Stk;1;Heizleistung 12,3 kWKühlleistung 15,2 kW;Klima Star WP Heizen und Kühlen 14 Sole
Heizleistung 12,3 kWKühlleistung 15,2 kW
Angegebene Leistung bei B0/W35
Praxiswert, entspricht nicht EN 14511
 
Wärmepumpe in Kompaktbauweise für
Solebetrieb.
Einsatz für Heizung und
Warmwasserbereitung.
Der Einsatz der Universum
Systemregelung
und die optimierte Konstruktion des
Kältekreislaufs sowie der Verkleidung
garantieren einen aussergewöhnlich
wirtschaftlichen und leisen Betrieb.
Formschönes Design der Verkleidung.
EHPA-Gütesiegel 
 
erforderliches Zubehör:
Universum Grundpaket
Hydraulikgruppe
 
Achtung: Harreither
Frostschutzkonzentrat (WP45) 
Einsatz bei Klima Star-Soleanlagen
verpflichtend
zur Inanspruchnahme der
Garantieleistungen.;Heizleistung 12,3 kWKühlleistung 15,2 kW;Klima Star WP Heizen und Kühlen 14 Sole
Heizleistung 12,3 kWKühlleistung 15,2 kW
Angegebene Leistung bei B0/W35
Praxiswert, entspricht nicht EN 14511
 
Wärmepumpe in Kompaktbauweise für
Solebetrieb.
Einsatz für Heizung und
Warmwasserbereitung.
Der Einsatz der Universum
Systemregelung
und die optimierte Konstruktion des
Kältekreislaufs sowie der Verkleidung
garantieren einen aussergewöhnlich
wirtschaftlichen und leisen Betrieb.
Formschönes Design der Verkleidung.
EHPA-Gütesiegel 
 
erforderliches Zubehör:
Universum Grundpaket
Hydraulikgruppe
 
Achtung: Harreither
Frostschutzkonzentrat (WP45) 
Einsatz bei Klima Star-Soleanlagen
verpflichtend
zur Inanspruchnahme der
Garantieleistungen.;Stk;;;;;
WKS16;Klima Star WP Heizen und Kühlen 16 Sole;11974;Stk;1;Heizleistung 14,0 kWKühlleistung 17,5 kW;Klima Star WP Heizen und Kühlen 16 Sole
Heizleistung 14,0 kWKühlleistung 17,5 kW
Angegebene Leistung bei B0/W35
Praxiswert, entspricht nicht EN 14511
 
Wärmepumpe in Kompaktbauweise für
Solebetrieb.
Einsatz für Heizung und
Warmwasserbereitung.
Der Einsatz der Universum
Systemregelung
und die optimierte Konstruktion des
Kältekreislaufs sowie der Verkleidung
garantieren einen aussergewöhnlich
wirtschaftlichen und leisen Betrieb.
Formschönes Design der Verkleidung.
EHPA-Gütesiegel 
 
erforderliches Zubehör:
Universum Grundpaket
Hydraulikgruppe
 
Achtung: Harreither
Frostschutzkonzentrat (WP45) 
Einsatz bei Klima Star-Soleanlagen
verpflichtend
zur Inanspruchnahme der
Garantieleistungen.;Heizleistung 14,0 kWKühlleistung 17,5 kW;Klima Star WP Heizen und Kühlen 16 Sole
Heizleistung 14,0 kWKühlleistung 17,5 kW
Angegebene Leistung bei B0/W35
Praxiswert, entspricht nicht EN 14511
 
Wärmepumpe in Kompaktbauweise für
Solebetrieb.
Einsatz für Heizung und
Warmwasserbereitung.
Der Einsatz der Universum
Systemregelung
und die optimierte Konstruktion des
Kältekreislaufs sowie der Verkleidung
garantieren einen aussergewöhnlich
wirtschaftlichen und leisen Betrieb.
Formschönes Design der Verkleidung.
EHPA-Gütesiegel 
 
erforderliches Zubehör:
Universum Grundpaket
Hydraulikgruppe
 
Achtung: Harreither
Frostschutzkonzentrat (WP45) 
Einsatz bei Klima Star-Soleanlagen
verpflichtend
zur Inanspruchnahme der
Garantieleistungen.;Stk;;;;;
WKS21;Klima Star WP Heizen und Kühlen 21 Sole;14176;Stk;1;Heizleistung 18,5 kWKühlleistung 21,9 kW;Klima Star WP Heizen und Kühlen 21 Sole
Heizleistung 18,5 kWKühlleistung 21,9 kW
Angegebene Leistung bei B0/W35
Praxiswert, entspricht nicht EN 14511
 
Wärmepumpe in Kompaktbauweise für
Solebetrieb.
Einsatz für Heizung und
Warmwasserbereitung.
Der Einsatz der Universum
Systemregelung
und die optimierte Konstruktion des
Kältekreislaufs sowie der Verkleidung
garantieren einen aussergewöhnlich
wirtschaftlichen und leisen Betrieb.
Formschönes Design der Verkleidung.
EHPA-Gütesiegel 
 
erforderliches Zubehör:
Universum Grundpaket
Hydraulikgruppe
 
Achtung: Harreither
Frostschutzkonzentrat (WP45) 
Einsatz bei Klima Star-Soleanlagen
verpflichtend
zur Inanspruchnahme der
Garantieleistungen.;Heizleistung 18,5 kWKühlleistung 21,9 kW;Klima Star WP Heizen und Kühlen 21 Sole
Heizleistung 18,5 kWKühlleistung 21,9 kW
Angegebene Leistung bei B0/W35
Praxiswert, entspricht nicht EN 14511
 
Wärmepumpe in Kompaktbauweise für
Solebetrieb.
Einsatz für Heizung und
Warmwasserbereitung.
Der Einsatz der Universum
Systemregelung
und die optimierte Konstruktion des
Kältekreislaufs sowie der Verkleidung
garantieren einen aussergewöhnlich
wirtschaftlichen und leisen Betrieb.
Formschönes Design der Verkleidung.
EHPA-Gütesiegel 
 
erforderliches Zubehör:
Universum Grundpaket
Hydraulikgruppe
 
Achtung: Harreither
Frostschutzkonzentrat (WP45) 
Einsatz bei Klima Star-Soleanlagen
verpflichtend
zur Inanspruchnahme der
Garantieleistungen.;Stk;;;;;
WP02;Universum WP Erweiterungspaket 1;1536;Stk;1;unterstützt Hydraulikschemen 1,2,3,4,5,6,7)2 Mischeransteuerungen, Warmwasserbereitung und Lastausgl;Universum WP Erweiterungspaket 1
unterstützt Hydraulikschemen 1,2,3,4,5,6,7)2 Mischeransteuerungen, Warmwasserbereitung und Lastausgl
unterstützt Hydraulikschemen
1,2,3,4,5,6,7)
2 Mischeransteuerungen, 
Warmwasserbereitung und Lastausgleich
über 
Combi Star, Solarsteuerung
(1 weiterer Regler, 2 Raumcontroller, 
6 Universalfühler, 2 Anlegefühler)
oben angeführtes Universum Material;unterstützt Hydraulikschemen 1,2,3,4,5,6,7)2 Mischeransteuerungen, Warmwasserbereitung und Lastausgl;Universum WP Erweiterungspaket 1
unterstützt Hydraulikschemen 1,2,3,4,5,6,7)2 Mischeransteuerungen, Warmwasserbereitung und Lastausgl
unterstützt Hydraulikschemen
1,2,3,4,5,6,7)
2 Mischeransteuerungen, 
Warmwasserbereitung und Lastausgleich
über 
Combi Star, Solarsteuerung
(1 weiterer Regler, 2 Raumcontroller, 
6 Universalfühler, 2 Anlegefühler)
oben angeführtes Universum Material;Stk;;;;;
WP03;Universum WP Erweiterungspaket 2;3915;Stk;1;unterstützt Hydraulikschemen 1,2,3,4,5,6,7)2 Mischeransteuerungen, Warmwasserbereitung und Lastausgl;Universum WP Erweiterungspaket 2
unterstützt Hydraulikschemen 1,2,3,4,5,6,7)2 Mischeransteuerungen, Warmwasserbereitung und Lastausgl
unterstützt Hydraulikschemen
1,2,3,4,5,6,7)
2 Mischeransteuerungen, 
Warmwasserbereitung und Lastausgleich
über 
Combi Star, Solarsteuerung
Einzelraumregelung für 10 Zonen möglich
(2 weitere Regler, 10 Raumcontroller, 
6 Universalfühler, 2 Anlegefühler;unterstützt Hydraulikschemen 1,2,3,4,5,6,7)2 Mischeransteuerungen, Warmwasserbereitung und Lastausgl;Universum WP Erweiterungspaket 2
unterstützt Hydraulikschemen 1,2,3,4,5,6,7)2 Mischeransteuerungen, Warmwasserbereitung und Lastausgl
unterstützt Hydraulikschemen
1,2,3,4,5,6,7)
2 Mischeransteuerungen, 
Warmwasserbereitung und Lastausgleich
über 
Combi Star, Solarsteuerung
Einzelraumregelung für 10 Zonen möglich
(2 weitere Regler, 10 Raumcontroller, 
6 Universalfühler, 2 Anlegefühler;Stk;;;;;
WP109;E-Patronen-Paket für Harreither DUO Speicher;758;Stk;1;bestehend aus:1 Stück E-Patrone 4,5KW 1 Stück E-Patrone 7,5KW;E-Patronen-Paket für Harreither DUO Speicher
bestehend aus:1 Stück E-Patrone 4,5KW 1 Stück E-Patrone 7,5KW
bestehend aus:
1 Stück E-Patrone 4,5KW 
1 Stück E-Patrone 7,5KW;bestehend aus:1 Stück E-Patrone 4,5KW 1 Stück E-Patrone 7,5KW;E-Patronen-Paket für Harreither DUO Speicher
bestehend aus:1 Stück E-Patrone 4,5KW 1 Stück E-Patrone 7,5KW
bestehend aus:
1 Stück E-Patrone 4,5KW 
1 Stück E-Patrone 7,5KW;Stk;;;;;
WP110;Harreither DUO Speicher;2407;Stk;1;Speicher (stand-alone);Harreither DUO Speicher
Speicher (stand-alone);Speicher (stand-alone);Harreither DUO Speicher
Speicher (stand-alone);Stk;;;;;
WP115;Harreither DUO Speicher inkl. Hisan Vorinstallation;5735;Stk;1;Speicher+Hisan Vorinstallationbestehend aus: Verrohrung, Ventilen, Pumpengruppen, Füll- & Spüleinric;Harreither DUO Speicher inkl. Hisan Vorinstallation
Speicher+Hisan Vorinstallationbestehend aus: Verrohrung, Ventilen, Pumpengruppen, Füll- & Spüleinric
Speicher+Hisan Vorinstallation
bestehend aus: Verrohrung, Ventilen,
Pumpengruppen, Füll- & Spüleinrichtung,
Schlammabscheider, etc.;Speicher+Hisan Vorinstallationbestehend aus: Verrohrung, Ventilen, Pumpengruppen, Füll- & Spüleinric;Harreither DUO Speicher inkl. Hisan Vorinstallation
Speicher+Hisan Vorinstallationbestehend aus: Verrohrung, Ventilen, Pumpengruppen, Füll- & Spüleinric
Speicher+Hisan Vorinstallation
bestehend aus: Verrohrung, Ventilen,
Pumpengruppen, Füll- & Spüleinrichtung,
Schlammabscheider, etc.;Stk;;;;;
WP120;Harreither DUO Speicher inkl. Hisan und Universum;8634;Stk;1;Speicher+Hisan Vorinstallationbestehend aus: Verrohrung, Ventilen, Pumpengruppen, Füll- & Spüleinric;Harreither DUO Speicher inkl. Hisan und Universum
Speicher+Hisan Vorinstallationbestehend aus: Verrohrung, Ventilen, Pumpengruppen, Füll- & Spüleinric
Speicher+Hisan Vorinstallation
bestehend aus: Verrohrung, Ventilen,
Pumpengruppen, Füll- & Spüleinrichtung,
Schlammabscheider, +Universum bestehend
aus: Basismodul, Fühler, Box,
Raumcontroller Feuchte, etc.;Speicher+Hisan Vorinstallationbestehend aus: Verrohrung, Ventilen, Pumpengruppen, Füll- & Spüleinric;Harreither DUO Speicher inkl. Hisan und Universum
Speicher+Hisan Vorinstallationbestehend aus: Verrohrung, Ventilen, Pumpengruppen, Füll- & Spüleinric
Speicher+Hisan Vorinstallation
bestehend aus: Verrohrung, Ventilen,
Pumpengruppen, Füll- & Spüleinrichtung,
Schlammabscheider, +Universum bestehend
aus: Basismodul, Fühler, Box,
Raumcontroller Feuchte, etc.;Stk;;;;;
WP20H;Warmwasserspeicher 400;2488;Stk;1;400 l Bruttoinhaltsvolumen,Heizfläche der WT 5,0 m²,für Wärmepumpen bis 20 kW;Warmwasserspeicher 400
400 l Bruttoinhaltsvolumen,Heizfläche der WT 5,0 m²,für Wärmepumpen bis 20 kW
400 ltr Bruttoinhaltsvolumen
Heizfläche der WT 5,0m²
für Wärmepumpen bis 20kW;400 l Bruttoinhaltsvolumen,Heizfläche der WT 5,0 m²,für Wärmepumpen bis 20 kW;Warmwasserspeicher 400
400 l Bruttoinhaltsvolumen,Heizfläche der WT 5,0 m²,für Wärmepumpen bis 20 kW
400 ltr Bruttoinhaltsvolumen
Heizfläche der WT 5,0m²
für Wärmepumpen bis 20kW;Stk;;;;;
WP21H;Warmwasserspeicher 500;2836;Stk;1;500 l Bruttoinhaltsvolumen,Heizfläche der WT 6 m²,für Wärmepumpen bis 30 kW;Warmwasserspeicher 500
500 l Bruttoinhaltsvolumen,Heizfläche der WT 6 m²,für Wärmepumpen bis 30 kW
500 ltr Bruttoinhaltsvolumen
Heizfläche der WT 6m²
für Wärmepumpen bis 30kW;500 l Bruttoinhaltsvolumen,Heizfläche der WT 6 m²,für Wärmepumpen bis 30 kW;Warmwasserspeicher 500
500 l Bruttoinhaltsvolumen,Heizfläche der WT 6 m²,für Wärmepumpen bis 30 kW
500 ltr Bruttoinhaltsvolumen
Heizfläche der WT 6m²
für Wärmepumpen bis 30kW;Stk;;;;;
WP25;Kollektorrohr d 32 x 2 mm;1,93;Lfm;1;Rohr aus Polyethylen gemäß ONÖRM B5172Nenndruck 6 bar(VPE Rolle zu 200 lfm);Kollektorrohr d 32 x 2 mm
Rohr aus Polyethylen gemäß ONÖRM B5172Nenndruck 6 bar(VPE Rolle zu 200 lfm)
Rohr aus Polyethylen gemäß ONÖRM B5172
Nenndruck 6 bar
Rolle zu 200 lfm;Rohr aus Polyethylen gemäß ONÖRM B5172Nenndruck 6 bar(VPE Rolle zu 200 lfm);Kollektorrohr d 32 x 2 mm
Rohr aus Polyethylen gemäß ONÖRM B5172Nenndruck 6 bar(VPE Rolle zu 200 lfm)
Rohr aus Polyethylen gemäß ONÖRM B5172
Nenndruck 6 bar
Rolle zu 200 lfm;Lfm;;;;;
WP32;Sole-Verteilerset für 2 Kreise, inkl. Anschlussverschraubung;589;Stk;1;Set für Flächen-Erdkollektor oder für Tiefensonden aus Kunststoff, bestehend aus Vor- und Rücklaufve;Sole-Verteilerset für 2 Kreise, inkl. Anschlussverschraubung
Set für Flächen-Erdkollektor oder für Tiefensonden aus Kunststoff, bestehend aus Vor- und Rücklaufve
Set aus Flächen-Erdkollektor
aus Kunststoff, bestehend aus
Vor-und Rücklaufverteiler d50 x 6/4",
inkl. Entlüftungsventil und
Schrägsitzventil aus Metall RP1 zum
Einregulieren und Absperren einzelner
Kreise, sowie Übergang auf Kollektorrohr;Set für Flächen-Erdkollektor oder für Tiefensonden aus Kunststoff, bestehend aus Vor- und Rücklaufve;Sole-Verteilerset für 2 Kreise, inkl. Anschlussverschraubung
Set für Flächen-Erdkollektor oder für Tiefensonden aus Kunststoff, bestehend aus Vor- und Rücklaufve
Set aus Flächen-Erdkollektor
aus Kunststoff, bestehend aus
Vor-und Rücklaufverteiler d50 x 6/4",
inkl. Entlüftungsventil und
Schrägsitzventil aus Metall RP1 zum
Einregulieren und Absperren einzelner
Kreise, sowie Übergang auf Kollektorrohr;Stk;;;;;
WP33;Sole-Verteilerset für 3 Kreise, inkl. Anschlussverschraubung;678;Stk;1;;Sole-Verteilerset für 3 Kreise, inkl. Anschlussverschraubung

Set aus Flächen-Erdkollektor
aus Kunststoff, bestehend aus
Vor-und Rücklaufverteiler d50 x 6/4",
inkl. Entlüftungsventil und
Schrägsitzventil aus Metall RP1 zum
Einregulieren und Absperren einzelner
Kreise, sowie Übergang auf Kollektorrohr;;Sole-Verteilerset für 3 Kreise, inkl. Anschlussverschraubung

Set aus Flächen-Erdkollektor
aus Kunststoff, bestehend aus
Vor-und Rücklaufverteiler d50 x 6/4",
inkl. Entlüftungsventil und
Schrägsitzventil aus Metall RP1 zum
Einregulieren und Absperren einzelner
Kreise, sowie Übergang auf Kollektorrohr;Stk;;;;;
WP34;Sole-Verteilerset für 4 Kreise, inkl. Anschlussverschraubung;839;Stk;1;;Sole-Verteilerset für 4 Kreise, inkl. Anschlussverschraubung

Set aus Flächen-Erdkollektor
aus Kunststoff, bestehend aus
Vor-und Rücklaufverteiler d50 x 6/4",
inkl. Entlüftungsventil und
Schrägsitzventil aus Metall RP1 zum
Einregulieren und Absperren einzelner
Kreise, sowie Übergang auf Kollektorrohr;;Sole-Verteilerset für 4 Kreise, inkl. Anschlussverschraubung

Set aus Flächen-Erdkollektor
aus Kunststoff, bestehend aus
Vor-und Rücklaufverteiler d50 x 6/4",
inkl. Entlüftungsventil und
Schrägsitzventil aus Metall RP1 zum
Einregulieren und Absperren einzelner
Kreise, sowie Übergang auf Kollektorrohr;Stk;;;;;
WP35;Sole-Verteilerset für 5 Kreise, inkl. Anschlussverschraubung;901;Stk;1;;Sole-Verteilerset für 5 Kreise, inkl. Anschlussverschraubung

Set aus Flächen-Erdkollektor
aus Kunststoff, bestehend aus
Vor-und Rücklaufverteiler d50 x 6/4",
inkl. Entlüftungsventil und
Schrägsitzventil aus Metall RP1 zum
Einregulieren und Absperren einzelner
Kreise, sowie Übergang auf Kollektorrohr;;Sole-Verteilerset für 5 Kreise, inkl. Anschlussverschraubung

Set aus Flächen-Erdkollektor
aus Kunststoff, bestehend aus
Vor-und Rücklaufverteiler d50 x 6/4",
inkl. Entlüftungsventil und
Schrägsitzventil aus Metall RP1 zum
Einregulieren und Absperren einzelner
Kreise, sowie Übergang auf Kollektorrohr;Stk;;;;;
WP36;Sole-Verteilerset für 6 Kreise, inkl. Anschlussverschraubung;978;Stk;1;;Sole-Verteilerset für 6 Kreise, inkl. Anschlussverschraubung

Set aus Flächen-Erdkollektor
aus Kunststoff, bestehend aus
Vor-und Rücklaufverteiler d50 x 6/4",
inkl. Entlüftungsventil und
Schrägsitzventil aus Metall RP1 zum
Einregulieren und Absperren einzelner
Kreise, sowie Übergang auf Kollektorrohr;;Sole-Verteilerset für 6 Kreise, inkl. Anschlussverschraubung

Set aus Flächen-Erdkollektor
aus Kunststoff, bestehend aus
Vor-und Rücklaufverteiler d50 x 6/4",
inkl. Entlüftungsventil und
Schrägsitzventil aus Metall RP1 zum
Einregulieren und Absperren einzelner
Kreise, sowie Übergang auf Kollektorrohr;Stk;;;;;
WP37;Sole-Verteilerset für 7 Kreise, inkl. Anschlussverschraubung;1062;Stk;1;;Sole-Verteilerset für 7 Kreise, inkl. Anschlussverschraubung

Set aus Flächen-Erdkollektor
aus Kunststoff, bestehend aus
Vor-und Rücklaufverteiler d50 x 6/4",
inkl. Entlüftungsventil und
Schrägsitzventil aus Metall RP1 zum
Einregulieren und Absperren einzelner
Kreise, sowie Übergang auf Kollektorrohr;;Sole-Verteilerset für 7 Kreise, inkl. Anschlussverschraubung

Set aus Flächen-Erdkollektor
aus Kunststoff, bestehend aus
Vor-und Rücklaufverteiler d50 x 6/4",
inkl. Entlüftungsventil und
Schrägsitzventil aus Metall RP1 zum
Einregulieren und Absperren einzelner
Kreise, sowie Übergang auf Kollektorrohr;Stk;;;;;
WP38;Sole-Verteilerset für 8 Kreise, inkl. Anschlussverschraubung;1163;Stk;1;;Sole-Verteilerset für 8 Kreise, inkl. Anschlussverschraubung

Set aus Flächen-Erdkollektor
aus Kunststoff, bestehend aus
Vor-und Rücklaufverteiler d50 x 6/4",
inkl. Entlüftungsventil und
Schrägsitzventil aus Metall RP1 zum
Einregulieren und Absperren einzelner
Kreise, sowie Übergang auf Kollektorrohr;;Sole-Verteilerset für 8 Kreise, inkl. Anschlussverschraubung

Set aus Flächen-Erdkollektor
aus Kunststoff, bestehend aus
Vor-und Rücklaufverteiler d50 x 6/4",
inkl. Entlüftungsventil und
Schrägsitzventil aus Metall RP1 zum
Einregulieren und Absperren einzelner
Kreise, sowie Übergang auf Kollektorrohr;Stk;;;;;
WP40;Soleausdehnungsgefäß 12 l;56,8;Stk;1;für Solar und Sole;Soleausdehnungsgefäß 12 l
für Solar und Sole;für Solar und Sole;Soleausdehnungsgefäß 12 l
für Solar und Sole;Stk;;;;;
WP41;Soleausdehnungsgefäß 60 l;135,7;Stk;1;für Solar und Sole;Soleausdehnungsgefäß 60 l
für Solar und Sole;für Solar und Sole;Soleausdehnungsgefäß 60 l
für Solar und Sole;Stk;;;;;
WP43;Ausdehnungsgefäß Heizung 60 l;109,8;Stk;1;für Heizung;Ausdehnungsgefäß Heizung 60 l
für Heizung;für Heizung;Ausdehnungsgefäß Heizung 60 l
für Heizung;Stk;;;;;
WP44;Ausdehnungsgefäß Heizung 100 l;188,5;Stk;1;für Heizung;Ausdehnungsgefäß Heizung 100 l
für Heizung;für Heizung;Ausdehnungsgefäß Heizung 100 l
für Heizung;Stk;;;;;
WP45;Frostschutz Harreither;8,68;Kg;25;Propylenglykol, VPE: Kanister zu 25 kgMischungsverhältnis 1:2 fürFrostsicherheit bis -15° C25 l ergi;Frostschutz Harreither
Propylenglykol, VPE: Kanister zu 25 kgMischungsverhältnis 1:2 fürFrostsicherheit bis -15° C25 l ergi
Propylenglykol, 
VPE: Kanister zu 25 kg
Mischungsverhältnis 1:2 für
Frostsicherheit bis -15° C
25 l ergibt 75 l Sole bei
Wärmepumpenanlagen
Sole immer gut durchgemischt einfüllen!
 
Mischungsverhältnis: 1:1,25
Frostsicherheit -25°C
25 l ergibt 56 l Frostschutzgemisch bei
Solaranlagen
 
ACHTUNG: nicht mit Frikosol
         mischen(SO14) !
 
Harreither Frostschutzkonzentrat (WP45) 
Einsatz bei Klima Star-Soleanlagen
verpflichtend
zur Inanspruchnahme der
Garantieleistungen.;Propylenglykol, VPE: Kanister zu 25 kgMischungsverhältnis 1:2 fürFrostsicherheit bis -15° C25 l ergi;Frostschutz Harreither
Propylenglykol, VPE: Kanister zu 25 kgMischungsverhältnis 1:2 fürFrostsicherheit bis -15° C25 l ergi
Propylenglykol, 
VPE: Kanister zu 25 kg
Mischungsverhältnis 1:2 für
Frostsicherheit bis -15° C
25 l ergibt 75 l Sole bei
Wärmepumpenanlagen
Sole immer gut durchgemischt einfüllen!
 
Mischungsverhältnis: 1:1,25
Frostsicherheit -25°C
25 l ergibt 56 l Frostschutzgemisch bei
Solaranlagen
 
ACHTUNG: nicht mit Frikosol
         mischen(SO14) !
 
Harreither Frostschutzkonzentrat (WP45) 
Einsatz bei Klima Star-Soleanlagen
verpflichtend
zur Inanspruchnahme der
Garantieleistungen.;Kg;;;;;
WP46;Ausdehnungsgefäß Heizung 150 l;264,9;Stk;1;für Heizung;Ausdehnungsgefäß Heizung 150 l
für Heizung;für Heizung;Ausdehnungsgefäß Heizung 150 l
für Heizung;Stk;;;;;
WP47;Ausdehnungsgefäß Heizung 200 l;322,9;Stk;1;für Heizung;Ausdehnungsgefäß Heizung 200 l
für Heizung;für Heizung;Ausdehnungsgefäß Heizung 200 l
für Heizung;Stk;;;;;
WP48;Wartungseinheit für Ausdehnungsgefäß;45,6;Stk;1;;Wartungseinheit für Ausdehnungsgefäß
;;Wartungseinheit für Ausdehnungsgefäß
;Stk;;;;;
WP49;Strömungswächter Type 1,0 Version II;319,4;Stk;1;;Strömungswächter Type 1,0 Version II
;;Strömungswächter Type 1,0 Version II
;Stk;;;;;
WP53;Strömungswächter für WP (JSF-1 RE);342,2;Stk;;;Strömungswächter für WP (JSF-1 RE)
;;Strömungswächter für WP (JSF-1 RE)
;Stk;;;;;
WP54;3-Wege Umschaltventil 1 inkl. Motor;137,9;Stk;1;;3-Wege Umschaltventil 1 inkl. Motor
;;3-Wege Umschaltventil 1 inkl. Motor
;Stk;;;;;
WP55;3-Wege Umschaltventil 5/4 inkl. Motor;169,9;Stk;1;;3-Wege Umschaltventil 5/4 inkl. Motor
;;3-Wege Umschaltventil 5/4 inkl. Motor
;Stk;;;;;
WP56;Schnellentlüfter 3/8;14,8;Stk;1;;Schnellentlüfter 3/8
;;Schnellentlüfter 3/8
;Stk;;;;;
WP57;Absperrkugelhahn 1;23,8;Stk;1;;Absperrkugelhahn 1
;;Absperrkugelhahn 1
;Stk;;;;;
WP58;Absperrkugelhahn 5/4;38,4;Stk;1;;Absperrkugelhahn 5/4
;;Absperrkugelhahn 5/4
;Stk;;;;;
WP59;3-Wege Mischer 6/4 AG/1 IG inkl. Anbausatz f. Mischermotor;156;Stk;1;;3-Wege Mischer 6/4 AG/1 IG inkl. Anbausatz f. Mischermotor
;;3-Wege Mischer 6/4 AG/1 IG inkl. Anbausatz f. Mischermotor
;Stk;;;;;
WP60;Schalldämmhaube Kompressor für Baureihe Klima Star 7;468;Stk;1;Bestehend aus Bodenplatte, Seitenteil und Deckel. Hochwirksame Reduktion der Schallemissionen direkt;Schalldämmhaube Kompressor für Baureihe Klima Star 7
Bestehend aus Bodenplatte, Seitenteil und Deckel. Hochwirksame Reduktion der Schallemissionen direkt;Bestehend aus Bodenplatte, Seitenteil und Deckel. Hochwirksame Reduktion der Schallemissionen direkt;Schalldämmhaube Kompressor für Baureihe Klima Star 7
Bestehend aus Bodenplatte, Seitenteil und Deckel. Hochwirksame Reduktion der Schallemissionen direkt;Stk;;;;;
WP61;Schalldämmhaube Kompressor für Baureihe Klima Star 9;468;Stk;1;Bestehend aus Bodenplatte, Seitenteil und Deckel.Hochwirksame Reduktion der Schallemissionen direkt;Schalldämmhaube Kompressor für Baureihe Klima Star 9
Bestehend aus Bodenplatte, Seitenteil und Deckel.Hochwirksame Reduktion der Schallemissionen direkt;Bestehend aus Bodenplatte, Seitenteil und Deckel.Hochwirksame Reduktion der Schallemissionen direkt;Schalldämmhaube Kompressor für Baureihe Klima Star 9
Bestehend aus Bodenplatte, Seitenteil und Deckel.Hochwirksame Reduktion der Schallemissionen direkt;Stk;;;;;
WP62;Schalldämmhaube Kompressor für Baureihe Klima Star 12,14,16;468;Stk;1;Bestehend aus Bodenplatte, Seitenteil und Deckel.Hochwirksame Reduktion der Schallemissionen direkt;Schalldämmhaube Kompressor für Baureihe Klima Star 12,14,16
Bestehend aus Bodenplatte, Seitenteil und Deckel.Hochwirksame Reduktion der Schallemissionen direkt;Bestehend aus Bodenplatte, Seitenteil und Deckel.Hochwirksame Reduktion der Schallemissionen direkt;Schalldämmhaube Kompressor für Baureihe Klima Star 12,14,16
Bestehend aus Bodenplatte, Seitenteil und Deckel.Hochwirksame Reduktion der Schallemissionen direkt;Stk;;;;;
WP65;Schalldämmhaube Kompressor für Baureihe Klima Star 21;468;Stk;1;Bestehend aus Bodenplatte, Seitenteil und Deckel.Hochwirksame Reduktion der Schallemissionen direkt;Schalldämmhaube Kompressor für Baureihe Klima Star 21
Bestehend aus Bodenplatte, Seitenteil und Deckel.Hochwirksame Reduktion der Schallemissionen direkt;Bestehend aus Bodenplatte, Seitenteil und Deckel.Hochwirksame Reduktion der Schallemissionen direkt;Schalldämmhaube Kompressor für Baureihe Klima Star 21
Bestehend aus Bodenplatte, Seitenteil und Deckel.Hochwirksame Reduktion der Schallemissionen direkt;Stk;;;;;
WP68;3-Wege Umschaltventil 1 inkl. Motor für Kühlung (EMV);228,9;Stk;1;;3-Wege Umschaltventil 1 inkl. Motor für Kühlung (EMV)
;;3-Wege Umschaltventil 1 inkl. Motor für Kühlung (EMV)
;Stk;;;;;
WP69;3-Wege Umschaltventil 5/4 inkl. Motor für Kühlung (EMV);290,5;Stk;1;für Hybrid Sole, thermische Trennung Motor/Ventil, für Kühlanwendung,verringerte Kondensation, 2 Reg;3-Wege Umschaltventil 5/4 inkl. Motor für Kühlung (EMV)
für Hybrid Sole, thermische Trennung Motor/Ventil, für Kühlanwendung,verringerte Kondensation, 2 Reg;für Hybrid Sole, thermische Trennung Motor/Ventil, für Kühlanwendung,verringerte Kondensation, 2 Reg;3-Wege Umschaltventil 5/4 inkl. Motor für Kühlung (EMV)
für Hybrid Sole, thermische Trennung Motor/Ventil, für Kühlanwendung,verringerte Kondensation, 2 Reg;Stk;;;;;
WP79;Ersatzfilter für Grundwasserfilterset 250my;81;Stk;;;Ersatzfilter für Grundwasserfilterset 250my
;;Ersatzfilter für Grundwasserfilterset 250my
;Stk;;;;;
WP86;Grundwasser-WT für Solezwischenkreis 7-9 mit Cu-Lot;1218;Stk;1;;Grundwasser-WT für Solezwischenkreis 7-9 mit Cu-Lot
;;Grundwasser-WT für Solezwischenkreis 7-9 mit Cu-Lot
;Stk;;;;;
WP87;Grundwasser-WT für Solezwischenkreis 12-16 mit Cu-Lo;1741;Stk;1;;Grundwasser-WT für Solezwischenkreis 12-16 mit Cu-Lo
;;Grundwasser-WT für Solezwischenkreis 12-16 mit Cu-Lo
;Stk;;;;;
WP88;Grundwasser-WT für Solezwischenkreis 21 mit Cu-Lot;2089;Stk;1;;Grundwasser-WT für Solezwischenkreis 21 mit Cu-Lot
;;Grundwasser-WT für Solezwischenkreis 21 mit Cu-Lot
;Stk;;;;;
WP90;Grundwasser Pumpenset WILO A 10 m;1673;Stk;1;inkl. TWU 4-0405 DM QC, 4 Stk. Seilklemmen, 20 m Nirostahlseil, 1 Stk. Schnellanschlußkabel 20 m;Grundwasser Pumpenset WILO A 10 m
inkl. TWU 4-0405 DM QC, 4 Stk. Seilklemmen, 20 m Nirostahlseil, 1 Stk. Schnellanschlußkabel 20 m
inkl. TWU 4-0405 DM QC, 4 Stk.
Seilklemmen, 20 m Nirostahlseil, 1 Stk.
Schnellanschlußkabel 20 m;inkl. TWU 4-0405 DM QC, 4 Stk. Seilklemmen, 20 m Nirostahlseil, 1 Stk. Schnellanschlußkabel 20 m;Grundwasser Pumpenset WILO A 10 m
inkl. TWU 4-0405 DM QC, 4 Stk. Seilklemmen, 20 m Nirostahlseil, 1 Stk. Schnellanschlußkabel 20 m
inkl. TWU 4-0405 DM QC, 4 Stk.
Seilklemmen, 20 m Nirostahlseil, 1 Stk.
Schnellanschlußkabel 20 m;Stk;;;;;
WP91;Grundwasser Pumpenset WILO B 15 m;1673;Stk;1;inkl.TWU 4-0407 DM QC, 4 Stk. Seilklemmen, 20 m Nirostahlseil, 1 Stk. Schnellanschlußkabel 20 m;Grundwasser Pumpenset WILO B 15 m
inkl.TWU 4-0407 DM QC, 4 Stk. Seilklemmen, 20 m Nirostahlseil, 1 Stk. Schnellanschlußkabel 20 m
inkl.TWU 4-0407 DM QC, 4 Stk.
Seillemmen, 20 m Nirostahlseil, 1 Stk.
Schnellanschlußkabel 20 m;inkl.TWU 4-0407 DM QC, 4 Stk. Seilklemmen, 20 m Nirostahlseil, 1 Stk. Schnellanschlußkabel 20 m;Grundwasser Pumpenset WILO B 15 m
inkl.TWU 4-0407 DM QC, 4 Stk. Seilklemmen, 20 m Nirostahlseil, 1 Stk. Schnellanschlußkabel 20 m
inkl.TWU 4-0407 DM QC, 4 Stk.
Seillemmen, 20 m Nirostahlseil, 1 Stk.
Schnellanschlußkabel 20 m;Stk;;;;;
WP92;Grundwasser Pumpenset WILO C 20 m;1976;Stk;1;inkl.TWI 4.09-07 DM CI QC , 4 Stk. Seilklemmen, 20 m Nirostahlseil, 1 Stk. Schnellanschlußkabel 20 m;Grundwasser Pumpenset WILO C 20 m
inkl.TWI 4.09-07 DM CI QC , 4 Stk. Seilklemmen, 20 m Nirostahlseil, 1 Stk. Schnellanschlußkabel 20 m
inkl. TWU 4-0804 DM QC, 4 Stk.
Seilklemmen, 20 m Nirostahlseil, 1 Stk.
Schnellanschlußkabel 20 m;inkl.TWI 4.09-07 DM CI QC , 4 Stk. Seilklemmen, 20 m Nirostahlseil, 1 Stk. Schnellanschlußkabel 20 m;Grundwasser Pumpenset WILO C 20 m
inkl.TWI 4.09-07 DM CI QC , 4 Stk. Seilklemmen, 20 m Nirostahlseil, 1 Stk. Schnellanschlußkabel 20 m
inkl. TWU 4-0804 DM QC, 4 Stk.
Seilklemmen, 20 m Nirostahlseil, 1 Stk.
Schnellanschlußkabel 20 m;Stk;;;;;
WP93;E-Heizpatrone 6/4 für Brauchwasser 4,5 kW 500 mm;502;Stk;1;Einschraublänge 500 mm, unbeheizte Zone 150 mm;E-Heizpatrone 6/4 für Brauchwasser 4,5 kW 500 mm
Einschraublänge 500 mm, unbeheizte Zone 150 mm;Einschraublänge 500 mm, unbeheizte Zone 150 mm;E-Heizpatrone 6/4 für Brauchwasser 4,5 kW 500 mm
Einschraublänge 500 mm, unbeheizte Zone 150 mm;Stk;;;;;
WP94;E-Heizpatrone 6/4 für Brauchwasser 6 kW  600 mm;547;Stk;1;Einschraublänge 600 mm, unbeheizte Zone 150 mm;E-Heizpatrone 6/4 für Brauchwasser 6 kW  600 mm
Einschraublänge 600 mm, unbeheizte Zone 150 mm;Einschraublänge 600 mm, unbeheizte Zone 150 mm;E-Heizpatrone 6/4 für Brauchwasser 6 kW  600 mm
Einschraublänge 600 mm, unbeheizte Zone 150 mm;Stk;;;;;
WP95;E-Heizpatrone 6/4 für Brauchwasser 7,5 kW 700 mm;591;Stk;1;Einschraublänge 700 mm, unbeheizte Zone 150 mm;E-Heizpatrone 6/4 für Brauchwasser 7,5 kW 700 mm
Einschraublänge 700 mm, unbeheizte Zone 150 mm;Einschraublänge 700 mm, unbeheizte Zone 150 mm;E-Heizpatrone 6/4 für Brauchwasser 7,5 kW 700 mm
Einschraublänge 700 mm, unbeheizte Zone 150 mm;Stk;;;;;
WP96;E-Heizpatrone 6/4 für Brauchwasser 9 kW 670 mm;635;Stk;1;;E-Heizpatrone 6/4 für Brauchwasser 9 kW 670 mm
;;E-Heizpatrone 6/4 für Brauchwasser 9 kW 670 mm
;Stk;;;;;
WP97;E-Heizpatrone 6/4 für Brauchwasser 3,8 kW 450 mm;458,2;Stk;1;Einschraublänge 450 mm, unbeheizte Zone 150 mm;E-Heizpatrone 6/4 für Brauchwasser 3,8 kW 450 mm
Einschraublänge 450 mm, unbeheizte Zone 150 mm;Einschraublänge 450 mm, unbeheizte Zone 150 mm;E-Heizpatrone 6/4 für Brauchwasser 3,8 kW 450 mm
Einschraublänge 450 mm, unbeheizte Zone 150 mm;Stk;;;;;
WPB22;Universum V7.0 WP Grundpaket ohne BZ ohne AF;965;Stk;1;;Universum V7.0 WP Grundpaket ohne BZ ohne AF
;;Universum V7.0 WP Grundpaket ohne BZ ohne AF
;Stk;;;;;
WPB23;Universum V7.0 Grundpaket Universum PRO Solewärmepumpe;2701;Stk;1;;Universum V7.0 Grundpaket Universum PRO Solewärmepumpe
;;Universum V7.0 Grundpaket Universum PRO Solewärmepumpe
;Stk;;;;;
WPD06;Hydraulik Gruppe Sole 7-9 Energiesparversion II;1640;Stk;1;;Hydraulik Gruppe Sole 7-9 Energiesparversion II

mit Energieeffizienter Heizungs und
Sole-Umwälzpumpe, für den Betrieb mit
Kaltwasser geeignet.
Energieeffiezienzklasse A;;Hydraulik Gruppe Sole 7-9 Energiesparversion II

mit Energieeffizienter Heizungs und
Sole-Umwälzpumpe, für den Betrieb mit
Kaltwasser geeignet.
Energieeffiezienzklasse A;Stk;;;;;
WPD07;Hydraulik Gruppe Sole 12-21 Energiesparversion II;2023;Stk;1;;Hydraulik Gruppe Sole 12-21 Energiesparversion II

mit Energieeffizienter Heizungs und
Sole-Umwälzpumpe, für den Betrieb mit
Kaltwasser geeignet.
Energieeffiezienzklasse A;;Hydraulik Gruppe Sole 12-21 Energiesparversion II

mit Energieeffizienter Heizungs und
Sole-Umwälzpumpe, für den Betrieb mit
Kaltwasser geeignet.
Energieeffiezienzklasse A;Stk;;;;;
WPD08;Hydraulik Gruppe Sole 16-21 extra Energiesparversion II;2475;Stk;1;Die Hydraulikgruppe WPD08 ist alsSonderbauform mit stärkerer Sole- undHeizungspumpe ausgerüstet.Dies;Hydraulik Gruppe Sole 16-21 extra Energiesparversion II
Die Hydraulikgruppe WPD08 ist alsSonderbauform mit stärkerer Sole- undHeizungspumpe ausgerüstet.Dies
Die Hydraulikgruppe WPD08 ist als
Sonderbauform mit stärkerer Sole- und
Heizungspumpe ausgerüstet
 
Die Solepumpe ist dabei geräteextern
(Wandmontage) zu verbauen. Diese sind
bei höheren anlagentechnischen
Druckverlusten zu verwenden,
wie zum Beispiel:
 
x) Heizungsseite im Direktbetrieb (ohne
Heizungspuffer)
x) kleinere Rohrdimensionen als üblich
mit Strömungsgeschwindigkeiten
wesentlich über 1,0m/s
x) Tiefensonden als Einrohr-U-Sonden
(keine Doppel-U-Rohr-Sonden)
x) längere Solekreise als 100m bei
Flächenkollektoren
x) Geoval-Sondenanlagen
Bitte beachten Sie diese Punkte bei der
Planung Ihrer Anlagen bzw. bei der
Bestellung der Hydraulikgruppe.
Sonderanfertigung: bitte beachten Sie
die längeren Lieferzeiten!;Die Hydraulikgruppe WPD08 ist alsSonderbauform mit stärkerer Sole- undHeizungspumpe ausgerüstet.Dies;Hydraulik Gruppe Sole 16-21 extra Energiesparversion II
Die Hydraulikgruppe WPD08 ist alsSonderbauform mit stärkerer Sole- undHeizungspumpe ausgerüstet.Dies
Die Hydraulikgruppe WPD08 ist als
Sonderbauform mit stärkerer Sole- und
Heizungspumpe ausgerüstet
 
Die Solepumpe ist dabei geräteextern
(Wandmontage) zu verbauen. Diese sind
bei höheren anlagentechnischen
Druckverlusten zu verwenden,
wie zum Beispiel:
 
x) Heizungsseite im Direktbetrieb (ohne
Heizungspuffer)
x) kleinere Rohrdimensionen als üblich
mit Strömungsgeschwindigkeiten
wesentlich über 1,0m/s
x) Tiefensonden als Einrohr-U-Sonden
(keine Doppel-U-Rohr-Sonden)
x) längere Solekreise als 100m bei
Flächenkollektoren
x) Geoval-Sondenanlagen
Bitte beachten Sie diese Punkte bei der
Planung Ihrer Anlagen bzw. bei der
Bestellung der Hydraulikgruppe.
Sonderanfertigung: bitte beachten Sie
die längeren Lieferzeiten!;Stk;;;;;
WPD99;Rückladepaket für Klima Star Hybrid Luft;556;Stk;1;Für Klima Star Hybrid Luft 7, 12 oder 16 bei Verwendung von Combi Star HLS 900 als Wärmedepot zur Wa;Rückladepaket für Klima Star Hybrid Luft
Für Klima Star Hybrid Luft 7, 12 oder 16 bei Verwendung von Combi Star HLS 900 als Wärmedepot zur Wa;Für Klima Star Hybrid Luft 7, 12 oder 16 bei Verwendung von Combi Star HLS 900 als Wärmedepot zur Wa;Rückladepaket für Klima Star Hybrid Luft
Für Klima Star Hybrid Luft 7, 12 oder 16 bei Verwendung von Combi Star HLS 900 als Wärmedepot zur Wa;Stk;;;;;
WZ03;HARREITHER-Schweißgerät mit 4-Löcher;557;Stk;1;DA 20, DA25, DA32, DA40, DA50, DA63Sonderkalibrierung auf Harreither-Produkteinkl. Koffer und Werkba;HARREITHER-Schweißgerät mit 4-Löcher
DA 20, DA25, DA32, DA40, DA50, DA63Sonderkalibrierung auf Harreither-Produkteinkl. Koffer und Werkba;DA 20, DA25, DA32, DA40, DA50, DA63Sonderkalibrierung auf Harreither-Produkteinkl. Koffer und Werkba;HARREITHER-Schweißgerät mit 4-Löcher
DA 20, DA25, DA32, DA40, DA50, DA63Sonderkalibrierung auf Harreither-Produkteinkl. Koffer und Werkba;Stk;;;;;
WZ10;HITHERM-Schweißgarnitur oval 24x17 mm;66,8;Stk;1;;HITHERM-Schweißgarnitur oval 24x17 mm
;;HITHERM-Schweißgarnitur oval 24x17 mm
;Stk;;;;;
WZ11;Schweißgarnitur 21 mm;66,1;Stk;1;PTFE (Teflon) beschichtet;Schweißgarnitur 21 mm
PTFE (Teflon) beschichtet;PTFE (Teflon) beschichtet;Schweißgarnitur 21 mm
PTFE (Teflon) beschichtet;Stk;;;;;
WZ12;Reparatur-Schweißgarnitur 10 mm;48;Stk;1;;Reparatur-Schweißgarnitur 10 mm
;;Reparatur-Schweißgarnitur 10 mm
;Stk;;;;;
WZ13;HITHERM-Reparaturschweißgarnitur für Ovalsammler u. Ovalrohr;69,5;Stk;1;grau;HITHERM-Reparaturschweißgarnitur für Ovalsammler u. Ovalrohr
grau;grau;HITHERM-Reparaturschweißgarnitur für Ovalsammler u. Ovalrohr
grau;Stk;;;;;
WZ14;HITHERM-Reparaturschweißgarnitur für ø 21 mm Anbindeleitung;82,1;Stk;1;grau;HITHERM-Reparaturschweißgarnitur für ø 21 mm Anbindeleitung
grau;grau;HITHERM-Reparaturschweißgarnitur für ø 21 mm Anbindeleitung
grau;Stk;;;;;
WZ15;EUROVAL-Schweißgarnitur;65,5;Stk;1;teflonbeschichtet für Innenschweißung;EUROVAL-Schweißgarnitur
teflonbeschichtet für Innenschweißung;teflonbeschichtet für Innenschweißung;EUROVAL-Schweißgarnitur
teflonbeschichtet für Innenschweißung;Stk;;;;;
WZ16;Schweißgarnitur DA 21 Innenschweißung;44,9;Stk;1;ø 21 mm, teflonbeschichtet für Innenschweißung;Schweißgarnitur DA 21 Innenschweißung
ø 21 mm, teflonbeschichtet für Innenschweißung;ø 21 mm, teflonbeschichtet für Innenschweißung;Schweißgarnitur DA 21 Innenschweißung
ø 21 mm, teflonbeschichtet für Innenschweißung;Stk;;;;;
WZ17;JUMBOVAL-Schweißgarnitur;69;Stk;1;;JUMBOVAL-Schweißgarnitur
;;JUMBOVAL-Schweißgarnitur
;Stk;;;;;
WZ18;Modul Klimaboden-Schweißgarnitur H20;71,6;Stk;1;;Modul Klimaboden-Schweißgarnitur H20
;;Modul Klimaboden-Schweißgarnitur H20
;Stk;;;;;
WZ19;JUMBOVAL-Schweißgarnitur rund DA 25 (innen PN10);50;Stk;1;teflonbeschichtet für Innenschweißung;JUMBOVAL-Schweißgarnitur rund DA 25 (innen PN10)
teflonbeschichtet für Innenschweißung;teflonbeschichtet für Innenschweißung;JUMBOVAL-Schweißgarnitur rund DA 25 (innen PN10)
teflonbeschichtet für Innenschweißung;Stk;;;;;
WZ20;HISAN-Schweißgarnitur  16 mm;45,9;Stk;1;da 16, teflonbeschichtet;HISAN-Schweißgarnitur  16 mm
da 16, teflonbeschichtet;da 16, teflonbeschichtet;HISAN-Schweißgarnitur  16 mm
da 16, teflonbeschichtet;Stk;;;;;
WZ21;HISAN-Schweißgarnitur  20 mm;50,8;Stk;1;da 20, teflonbeschichtet;HISAN-Schweißgarnitur  20 mm
da 20, teflonbeschichtet;da 20, teflonbeschichtet;HISAN-Schweißgarnitur  20 mm
da 20, teflonbeschichtet;Stk;;;;;
WZ22;HISAN-Schweißgarnitur  25 mm;55,7;Stk;1;da 25, teflonbeschichtet;HISAN-Schweißgarnitur  25 mm
da 25, teflonbeschichtet;da 25, teflonbeschichtet;HISAN-Schweißgarnitur  25 mm
da 25, teflonbeschichtet;Stk;;;;;
WZ23;HISAN-Schweißgarnitur  32 mm;63,4;Stk;1;da 32, teflonbeschichtet;HISAN-Schweißgarnitur  32 mm
da 32, teflonbeschichtet;da 32, teflonbeschichtet;HISAN-Schweißgarnitur  32 mm
da 32, teflonbeschichtet;Stk;;;;;
WZ24;HISAN-Schweißgarnitur  40 mm;80;Stk;1;da 40, teflonbeschichtet;HISAN-Schweißgarnitur  40 mm
da 40, teflonbeschichtet;da 40, teflonbeschichtet;HISAN-Schweißgarnitur  40 mm
da 40, teflonbeschichtet;Stk;;;;;
WZ25;HISAN-Schweißgarnitur  50 mm;88,7;Stk;1;da 50, teflonbeschichtet;HISAN-Schweißgarnitur  50 mm
da 50, teflonbeschichtet;da 50, teflonbeschichtet;HISAN-Schweißgarnitur  50 mm
da 50, teflonbeschichtet;Stk;;;;;
WZ26;HISAN-Schweißgarnitur  63 mm;120,8;Stk;1;da 63, teflonbeschichtet;HISAN-Schweißgarnitur  63 mm
da 63, teflonbeschichtet;da 63, teflonbeschichtet;HISAN-Schweißgarnitur  63 mm
da 63, teflonbeschichtet;Stk;;;;;
WZ27;HISAN-Schweißgarnitur  75 mm;117;Stk;1;da 75, teflonbeschichtet;HISAN-Schweißgarnitur  75 mm
da 75, teflonbeschichtet;da 75, teflonbeschichtet;HISAN-Schweißgarnitur  75 mm
da 75, teflonbeschichtet;Stk;;;;;
WZ30;Rohrschneidezange bis 42 mm;75,1;Stk;1;;Rohrschneidezange bis 42 mm
;;Rohrschneidezange bis 42 mm
;Stk;;;;;
WZ35;Rohrschneider für PN 10  bis 67 mm;150,8;Stk;1;;Rohrschneider für PN 10  bis 67 mm
;;Rohrschneider für PN 10  bis 67 mm
;Stk;;;;;
WZ50;THERMO-FOLIE im Koffer;834;Stk;1;;THERMO-FOLIE im Koffer
;;THERMO-FOLIE im Koffer
;Stk;;;;;
WZ51;THERMOVISIONSFOLIE 27,5 x 17,5 cm;121,3;Stk;1;ca. 27,5 x 17,5 cm;THERMOVISIONSFOLIE 27,5 x 17,5 cm
ca. 27,5 x 17,5 cm;ca. 27,5 x 17,5 cm;THERMOVISIONSFOLIE 27,5 x 17,5 cm
ca. 27,5 x 17,5 cm;Stk;;;;;
WZ60;HARREITHER-Verlegehaspel;469,7;Stk;1;;HARREITHER-Verlegehaspel
;;HARREITHER-Verlegehaspel
;Stk;;;;;
WZ61;Harreither-Schnellaufheizgerät;2642;Stk;1;in Alu-Ausführung mit Pumpe und E-Patrone mit elektrischer Beschaltung;Harreither-Schnellaufheizgerät
in Alu-Ausführung mit Pumpe und E-Patrone mit elektrischer Beschaltung;in Alu-Ausführung mit Pumpe und E-Patrone mit elektrischer Beschaltung;Harreither-Schnellaufheizgerät
in Alu-Ausführung mit Pumpe und E-Patrone mit elektrischer Beschaltung;Stk;;;;;
WZ62;ALU-KÖRPER für HA-Schnellaufheizgerät;1200;Stk;1;Heizgerät ohne Pumpe, ohne E-Patrone;ALU-KÖRPER für HA-Schnellaufheizgerät
Heizgerät ohne Pumpe, ohne E-Patrone;Heizgerät ohne Pumpe, ohne E-Patrone;ALU-KÖRPER für HA-Schnellaufheizgerät
Heizgerät ohne Pumpe, ohne E-Patrone;Stk;;;;;
WZ65;Harreither-Schnellaufheizgerät JUMBOVAL mit 2 E-Patronen;3640;Stk;1;;Harreither-Schnellaufheizgerät JUMBOVAL mit 2 E-Patronen
;;Harreither-Schnellaufheizgerät JUMBOVAL mit 2 E-Patronen
;Stk;;;;;
